Study name,Accession,Primary GPA,DAC,External Data Source,PI,Registration Status,Processing Status
Transdisciplinary Studies of Genetic Variation in Colorectal Cancer (CORECT),phs001051.v1.p1,Emilie Charlisse Caga-Anan,eNCI DAC,,Stephen Gruber,DELETED,Processing Status
Environmental chemical body burden and prospective breast cancer risk in the cancer prevention study-3 cohort - CIDR,phs003494.v1.p1,Amanda Garton,ES DAC,,Susan Neuhausen,Released,Processing Status
Hepatitis C Pathogenesis and the Human Genome,phs000248.v1.p1,Jonathan Pollock,JAAMH,,David Thomas,Released,Processing Status
The Women's Interagency HIV Study (WIHS),phs001503.v2.p1,Jonathan Pollock,JAAMH,,Bradley Aouizerat,Completed by GPA,Processing Status
Characterization of Macrophage-Tropic HIV Infection of Central Nervous System Cells and the Influence of Inflammation,phs003306.v1.p1,Jonathan Pollock,JAAMH,,Ronald Swanstrom,Released,Processing Status
Assessing molecular GxT interactions in neural progenitors exposed to valproic acid and lithium,phs004321.v1.p1,Iddil Bekirov,JAAMH,,Jason Stein,Released,Processing Status
Kids First Pediatric Research Project on the Genomic Analysis of Congenital Diaphragmatic Hernia,phs001110.v4.p1,Freddie Pruitt,Kids First DAC,Yes,Wendy Chung,Released,Processing Status
Kids First Pediatric Research Program in Congenital Heart Disease,phs001138.v5.p3,Marcia Fournier,Kids First DAC,Yes,Christine Seidman,Released,Processing Status
Kids First: Genomic Studies of Orofacial Cleft Birth Defects,phs001168.v2.p2,Freddie Pruitt,Kids First DAC,Yes,Mary Marazita,Released,Processing Status
Kids First Pediatric Research Project on the Genetic Basis of Disorders/Differences of Sex Development (DSD),phs001178.v1.p1,Freddie Pruitt,Kids First DAC,Yes,Eric Vilain,Released,Processing Status
Kids First Pediatric Research Program in Susceptibility to Ewing Sarcoma Based on Germline Risk and Familial History of Cancer,phs001228.v3.p2,Freddie Pruitt,Kids First DAC,Yes,Joshua Schiffman,Released,Processing Status
Kids First Pediatric Research Program in Cranial Dysinnervation Disorders,phs001247.v1.p1,Freddie Pruitt,Kids First DAC,Yes,Elizabeth Engle,Released,Processing Status
Kids First Pediatric Research Project on Adolescent Idiopathic Scoliosis,phs001410.v2.p2,Freddie Pruitt,Kids First DAC,Yes,Jonathan Rios,Released,Processing Status
Kids First: Genomics of Orofacial Cleft Birth Defects in Latin American Families,phs001420.v2.p1,Freddie Pruitt,Kids First DAC,Yes,Mary Marazita,Released,Processing Status
Kids First Pediatric Research Program in Neuroblastoma,phs001436.v2,Freddie Pruitt,Kids First DAC,Yes,John Maris,Awaiting GPA's Approval,Processing Status
Kids First Pediatric Research Study in Osteosarcoma,phs001714.v1.p1,Freddie Pruitt,Kids First DAC,Yes,Kenan Onel,Released,Processing Status
Kids First Pediatric Research Study in Familial Predisposition to Hematopoietic Malignancies (SJFAMILY-HM),phs001738.v1.p1,Freddie Pruitt,Kids First DAC,Yes,Charles Mullighan,Released,Processing Status
Kids First: Whole Genome Sequencing of Nonsyndromic Craniosynostosis,phs001806.v2.p2,Freddie Pruitt,Kids First DAC,Yes,Simeon Boyadjiev Boyd,Released,Processing Status
Kids First Pediatric Research Project on the Intersection of Childhood Cancers and Structural Birth Defects,phs001846.v1.p1,Freddie Pruitt,Kids First DAC,Yes,Hakon Hakonarson,Released,Processing Status
Gabriella Miller Kids First Pediatric Research Program in Enchondromatoses and Related Malignant Tumors,phs001987.v3.p1,Marcia Fournier,Kids First DAC,Yes,Nara Sobreira,Released,Processing Status
Kids First: Whole Genome Sequencing of African and Asian Orofacial Clefts Case-Parent Triads,phs001997.v1.p1,Freddie Pruitt,Kids First DAC,Yes,Azeez Butali,Released,Processing Status
Kids First: Hear-'n-Seq Sequencing for Hearing,phs002115.v1.p1,Freddie Pruitt,Kids First DAC,Yes,Jun Shen,Released,Processing Status
Kids First Study in Craniofacial Microsomia: Genetic Causes and Pathway Discovery,phs002130.v1.p1,Freddie Pruitt,Kids First DAC,Yes,Daniela Luquetti,Released,Processing Status
Kids First:Genomic Analysis of Esophageal Atresia and Tracheoesophageal Fistulas and Associated Congenital Anomalies,phs002161.v2.p1,Freddie Pruitt,Kids First DAC,Yes,Wendy Chung,Released,Processing Status
Kids First: Genetics of kidney and urinary tract malformations,phs002162.v3.p1,Freddie Pruitt,Kids First DAC,Yes,Ali Gharavi,Released,Processing Status
Gabriella Miller Kids First Pediatric Research Project in Microtia in Hispanic Populations,phs002172.v1.p1,Marcia Fournier,Kids First DAC,Yes,Jonathan Seidman,Released,Processing Status
"Gabriella Miller Kids First Pediatric Research Program in Bladder Exstrophy, Epispadias, Complex (BEEC)",phs002173.v2.p2,Marcia Fournier,Kids First DAC,Yes,Angie Jelin,Released,Processing Status
"Gabriella Miller Kids First Pediatric Research Project in Cornelia de Lange Syndrome, Related Diagnosis and Structural Birth Defects",phs002174.v2.p1,Marcia Fournier,Kids First DAC,Yes,Ian Krantz,Released,Processing Status
Gabriella Miller Kids First - Myeloid Malignancies in Children,phs002187.v2.p1,Freddie Pruitt,Kids First DAC,Yes,Soheil Meshinchi,Released,Processing Status
Gabriella Miller Kids First Pediatric Research Program in Pediatric T-cell Acute Lymphoblastic Leukemia,phs002276.v5.p1,Marcia Fournier,Kids First DAC,Yes,David Teachey,Released,Processing Status
Kids First: Genetics of Pediatric Germ Cell Tumors,phs002322.v3,Marcia Fournier,Kids First DAC,Yes,Jenny Poynter,Completed by GPA,Processing Status
"Kids First & INCLUDE: Down Syndrome, Heart Defects, and Acute Lymphoblastic Leukemia",phs002330.v3.p1,Valerie Cotton,Kids First DAC,Yes,Philip Lupo,Released,Processing Status
Kids First: Congenital Heart Defects and Laterality Birth Defects,phs002589.v1.p1,Marcia Fournier,Kids First DAC,Yes,Stephanie Ware,Released,Processing Status
Kids First: Whole Genome Sequencing in Recessive Structural Brain Defects,phs002590.v2.p1,Marcia Fournier,Kids First DAC,Yes,Joseph Gleeson,Released,Processing Status
Kids First: Whole Genome Sequencing in Structural Defects of the Neural Tube,phs002591.v2.p1,Marcia Fournier,Kids First DAC,Yes,Joseph Gleeson,Released,Processing Status
"Kids First: CHARGE Syndrome, Related Conditions and Structural Anomalies",phs002592.v1.p1,Marcia Fournier,Kids First DAC,Yes,Donna Martin,Released,Processing Status
Kids First: Valvar Pulmonary Stenosis,phs002593.v1.p1,Marcia Fournier,Kids First DAC,Yes,Kathryn Weaver,Completed by GPA,Processing Status
Kids First: Genetic Basis of Fetal Alcohol Spectrum Disorders,phs002594.v1.p1,Marcia Fournier,Kids First DAC,Yes,Christina Chambers,Released,Processing Status
Kids First: Genomics of Orofacial Clefts in the Philippines,phs002595.v1.p1,Marcia Fournier,Kids First DAC,Yes,Elizabeth Leslie,Released,Processing Status
"Kids First: Genetic Spectrum of Vascular Anomalies, Overgrowth and Structural Birth Defects",phs002596.v1.p1,Marcia Fournier,Kids First DAC,Yes,Beth Drolet,Completed by GPA,Processing Status
Kids First: Whole genome sequencing studies of multiplex nonsyndromic cleft lip/palate families,phs002626.v1.p1,Marcia Fournier,Kids First DAC,Yes,Ariadne Letra,Released,Processing Status
Kids First: The genomic basis of structural birth defects associated with chromosome 18 copy number changes,phs002627.v2,Marcia Fournier,Kids First DAC,Yes,Jannine Cody,Completed by GPA,Processing Status
Kids First: Genetic Overlap Between Anomalies and Cancer in Kids in the Children’s Oncology Group: The COG GOBACK Study,phs002629.v1.p1,Marcia Fournier,Kids First DAC,Yes,Philip Lupo,Completed by GPA,Processing Status
Kids First: Genomic Analysis of Histiocytosis,phs002630.v1.p1,Marcia Fournier,Kids First DAC,Yes,Michael Scheurer,Completed by GPA,Processing Status
Kids First Project on Congenital Clubfoot,phs003336.v1.p1,Marcia Fournier,Kids First DAC,Yes,Jonathan Rios,Released,Processing Status
Kids First: The genomic architecture of Hirschsprung Disease (HSCR),phs003662.v1.p1,Marcia Fournier,Kids First DAC,Yes,Aravinda Chakravarti,Released,Processing Status
Kids First: Vertebral Malformations and Congenital Scoliosis,phs004688.v1.p1,Marcia Fournier,Kids First DAC,Yes,Philip Giampietro,Completed by GPA,Processing Status
Kids First: The Genetic Basis of Structural Pediatric Epilepsies,phs004689.v1.p1,Marcia Fournier,Kids First DAC,Yes,Ingo Helbig,Completed by GPA,Processing Status
"Kids First: Genomic Landscape of Renal Developmental Disorders, Including Renal Ciliopathies and Congenital Anomalies of Kidneys and the Urinary Tract",phs004691.v1.p1,Marcia Fournier,Kids First DAC,Yes,Friedhelm Hildebrandt,Completed by GPA,Processing Status
Kids First Genomic Analysis of a Cohort with Infantile Hemangiomas Associated with Multi-Organ Structural Birth Defects,phs001785.v2,Freddie Pruitt,"Kids First DAC, NCI DAC",Yes,Dawn Siegel,Completed by GPA,Processing Status
Kids First: Genomics of Isolated Cleft Lip,phs003893.v1.p1,Marcia Fournier,"Kids First DAC, NCI DAC",Yes,Mary Marazita,Released,Processing Status
Longitudinal Study of Immune Mediated Disorders after Allogeneic HCT Protocol (Immune Mediated Disorders after Allo-HCT) - cGVHD 6501,phs001331.v2.p1,Elaine Collier,NCATS,,Stephanie Lee,Released,Processing Status
Whole Exome Characterization of Squamous Cell Lung Cancers (Lung SQCC) from Appalachian Kentucky (APPKY),phs001651.v1.p1,Elaine Collier,NCATS,,Susanne Arnold,Released,Processing Status
GENEVA GWAS of Lung Cancer and Smoking,phs000093.v2.p2,Geoffrey Tobias,NCI DAC,,Neil Caporaso,Released,Processing Status
Genome-wide Association Study of Neuroblastoma,phs000124.v3.p1,Emilie Charlisse Caga-Anan,NCI DAC,,John Maris,Completed by GPA,Processing Status
CGEMS Breast Cancer,phs000147.v3.p1,Geoffrey Tobias,NCI DAC,,Stephen Chanock,Released,Processing Status
TCGA - The Cancer Genome Atlas,phs000178.v12,Freddie Pruitt,NCI DAC,Yes,Eric Lander,Completed by GPA,Processing Status
High Density SNP Association Analysis of Melanoma: Case-Control and Outcomes Investigation,phs000187.v1.p1,Emilie Charlisse Caga-Anan,NCI DAC,,Christopher Amos,Released,Processing Status
Acquired Copy Number Alterations in Adult Acute Myeloid Leukemia Genomes,phs000201.v2.p1,Ian Fingerman,NCI DAC,,Timothy Ley,Released,Processing Status
CGEMS Pancreatic Cancer (PanScan),phs000206.v7.p3,Geoffrey Tobias,NCI DAC,,Rachael Stolzenberg-Solomon,Released,Processing Status
CGEMS Prostate Cancer,phs000207.v1.p1,Geoffrey Tobias,NCI DAC,,Stephen Chanock,Released,Processing Status
TARGET,phs000218.v26.p8,Freddie Pruitt,NCI DAC,Yes,Liming Yang,Released,Processing Status
The Cancer Genome Characterization Initiative,phs000235.v21.p6,Freddie Pruitt,NCI DAC,Yes,Liming Yang,Released,Processing Status
Foregut microbiome in development of esophageal adenocarcinoma,phs000260.v4.p2,Ian Fingerman,NCI DAC,,Zhiheng Pei,Released,Processing Status
Genentech whole-genome sequencing of a non-small cell lung carcinoma,phs000299.v2.p1,Emilie Charlisse Caga-Anan,NCI DAC,,Zemin Zhang,Released,Processing Status
GENEVA Prostate Cancer,phs000306.v4.p1,Emilie Charlisse Caga-Anan,NCI DAC,,Christopher Haiman,Released,Processing Status
Genome-wide Analysis of Lymphoma,phs000328.v3.p1,Freddie Pruitt,NCI DAC,,Riccardo Dalla-Favera,Released,Processing Status
Evolution of human BCR-ABL1 leukemia-initiating cells,phs000329.v1.p1,Emilie Charlisse Caga-Anan,NCI DAC,,Charles Mullighan,Completed by GPA,Processing Status
Genome-Wide Association Study of Lung Cancer Risk,phs000336.v1.p1,Geoffrey Tobias,NCI DAC,,Neil Caporaso,Released,Processing Status
CREST: an algorithm that directly maps structural variants for next-generation sequencing data,phs000340.v3.p1,Freddie Pruitt,NCI DAC,Yes,Charles Mullighan,Released,Processing Status
St. Jude Children's Research Hospital - Washington University Pediatric Cancer Genome Project: Whole Genome Sequencing of Childhood Hypodiploid Acute Lymphoblastic Leukemia,phs000341.v2.p1,Freddie Pruitt,NCI DAC,Yes,Charles Mullighan,Released,Processing Status
Genome-Wide Association Study for Bladder Cancer Risk,phs000346.v2.p2,Geoffrey Tobias,NCI DAC,,Nathaniel Rothman,Released,Processing Status
Towards a Genomic Understanding of Myeloma,phs000348.v2.p1,Emilie Charlisse Caga-Anan,NCI DAC,,Todd Golub,Released,Processing Status
CIDR Whole-exome sequencing in families with aggressive prostate cancer,phs000350.v1.p1,Emilie Charlisse Caga-Anan,NCI DAC,,Janet Stanford,Released,Processing Status
Genome-Wide Association Study of Renal Cell Carcinoma,phs000351.v1.p1,Geoffrey Tobias,NCI DAC,,Mark Purdue,Released,Processing Status
St. Jude Children's Research Hospital - Washington University Pediatric Cancer Genome Project(PCGP): Whole Genome Sequencing of Childhood Retinoblastoma,phs000352.v1.p1,Emilie Charlisse Caga-Anan,NCI DAC,,Michael Dyer,Released,Processing Status
Genome-Wide Association Study in Upper Gastrointestinal Cancers (Asian),phs000361.v1.p1,Geoffrey Tobias,NCI DAC,,Philip Taylor,Released,Processing Status
Genome-wide Analysis of Chronic Lymphocytic Leukemia,phs000364.v2.p1,Ian Fingerman,NCI DAC,,Riccardo Dalla-Favera,Released,Processing Status
Genomic Sequencing of Breast Carcinoma,phs000369.v1.p1,Emilie Charlisse Caga-Anan,NCI DAC,,Matthew Meyerson,Released,Processing Status
Genomic Sequencing of Head and Neck Cancer,phs000370.v2.p1,Emilie Charlisse Caga-Anan,NCI DAC,,Levi Garraway,Released,Processing Status
CIDR-GWAS of Breast Cancer in the African Diaspora,phs000383.v2,Emilie Charlisse Caga-Anan,NCI DAC,,Olufunmilayo Olopade,Completed by GPA,Processing Status
Genentech Whole-Genome Sequencing of Four Hepatocellular Carcinoma Patients,phs000384.v1.p1,Emilie Charlisse Caga-Anan,NCI DAC,,Zemin Zhang,Released,Processing Status
Epigenetic Profiling of Human Colorectal Cancer,phs000385.v1.p1,Emilie Charlisse Caga-Anan,NCI DAC,,Peter Laird,Released,Processing Status
CIDR_Genetics of Mammographic Density,phs000395.v1.p1,Emilie Charlisse Caga-Anan,NCI DAC,,Elad Ziv,Released,Processing Status
DCEG Imputation Reference Dataset,phs000396.v1.p1,Geoffrey Tobias,NCI DAC,,Stephen Chanock,Released,Processing Status
St. Jude Children's Research Hospital - Washington University Pediatric Cancer Genome Project(PCGP): Whole Genome Sequencing of Childhood Medulloblastoma,phs000409.v1.p1,Emilie Charlisse Caga-Anan,NCI DAC,,Richard Gilbertson,Released,Processing Status
CIDR: Whole Exome Sequencing for Colorectal Cancer,phs000410.v2,Emilie Charlisse Caga-Anan,NCI DAC,,Ulrike Peters,Completed by GPA,Processing Status
St. Jude Children's Research Hospital - Washington University Pediatric Cancer Genome Project (PCGP): Somatic Mutations in Pediatric AML FAB-M7 Subtype by Whole Transcriptome Sequencing,phs000413.v2.p1,Emilie Charlisse Caga-Anan,NCI DAC,,James Downing,Released,Processing Status
St. Jude Children's Research Hospital - Washington University Pediatric Cancer Genome Project (PCGP): Whole Genome Sequencing of Core Binding Factor Acute Myeloid Leukemia,phs000414.v1.p1,Emilie Charlisse Caga-Anan,NCI DAC,,James Downing,Released,Processing Status
Temporal Dissection of Tumorigenesis in Primary cancers,phs000418.v2.p1,Ian Fingerman,NCI DAC,,Raymond Cho,Released,Processing Status
A novel recurrent mutation in MITF predisposes to familial and sporadic melanoma,phs000419.v1.p1,Geoffrey Tobias,NCI DAC,,Kevin Brown,Released,Processing Status
Evaluation of next-generation sequence compression strategies for cancer genomes,phs000427.v1.p1,Hora Salehziyabari,NCI DAC,,Stephen Sherry,Incomplete,Processing Status
MPC_Transcriptome sequencing to identify non-coding RNAs in prostate cancer,phs000443.v1.p1,Freddie Pruitt,NCI DAC,,Arul Chinnaiyan,Released,Processing Status
Genome Variation among HIV-Resistant People with Hemophilia,phs000445.v1.p1,Geoffrey Tobias,NCI DAC,,James Goedert,Released,Processing Status
Molecular Subtypes of Diffuse Large B-cell Lymphoma are Associated with Distinct Pathogenic Mechanisms and Outcomes,phs000450.v6.p1,Ian Fingerman,NCI DAC,,Margaret Shipp,Released,Processing Status
TARGET: Acute Lymphoblastic Leukemia (ALL) Phase I Pilot,phs000463.v23.p8,Freddie Pruitt,NCI DAC,,Liming Yang,Released,Processing Status
TARGET: Acute Lymphoblastic Leukemia (ALL) Phase II,phs000464.v23.p8,Freddie Pruitt,NCI DAC,,Liming Yang,Released,Processing Status
TARGET: Acute Myeloid Leukemia (AML),phs000465.v23.p8,Freddie Pruitt,NCI DAC,,Soheil Meshinchi,Released,Processing Status
TARGET: Kidney - Clear Cell Sarcoma of the Kidney (CCSK),phs000466.v23.p8,Freddie Pruitt,NCI DAC,,Liming Yang,Released,Processing Status
TARGET: Neuroblastoma (NBL),phs000467.v23.p8,Freddie Pruitt,NCI DAC,,Liming Yang,Released,Processing Status
TARGET: Osteosarcoma (OS),phs000468.v23.p8,Freddie Pruitt,NCI DAC,,Ching Lau,Released,Processing Status
TARGET: PPTP Cell Lines,phs000469.v23.p8,Freddie Pruitt,NCI DAC,,Liming Yang,Released,Processing Status
TARGET: Kidney - Rhabdoid Tumor (RT),phs000470.v23.p8,Freddie Pruitt,NCI DAC,,Liming Yang,Released,Processing Status
TARGET: Kidney - Wilms Tumor (WT),phs000471.v23.p8,Freddie Pruitt,NCI DAC,,Liming Yang,Released,Processing Status
CIDR_Exome Sequencing for Breast Cancer Predisposition in Hispanic and Caucasian families,phs000480.v1.p1,Emilie Charlisse Caga-Anan,NCI DAC,,Fergus Couch,Released,Processing Status
Functionally Active Copy Number Variants Associated with Prostate Cancer Risk,phs000487.v2.p1,Natalie Abrams,NCI DAC,,Mark Rubin,Released,Processing Status
Whole-Genome and Exome Sequencing in clear-cell Renal Cell Carcinoma,phs000491.v1.p1,Emilie Charlisse Caga-Anan,NCI DAC,,James Brugarolas,Released,Processing Status
Genome-wide analysis of Splenic Marginal Zone Lymphoma,phs000502.v1.p1,Freddie Pruitt,NCI DAC,,Laura Pasqualucci,Released,Processing Status
RNA sequencing of human glioma stem cells,phs000505.v2.p1,Ian Fingerman,NCI DAC,,Antonio Iavarone,Released,Processing Status
Genomic Sequencing of Pediatric Rhabdoid Cancers,phs000508.v2.p1,Emilie Charlisse Caga-Anan,NCI DAC,,Todd Golub,Released,Processing Status
Rearrangements of the MAST Kinase and Notch Gene Families in Breast Cancer,phs000513.v1.p1,Emilie Charlisse Caga-Anan,NCI DAC,,Arul Chinnaiyan,Released,Processing Status
GWAS of Breast Cancer in the Multiethnic Cohort,phs000517.v3.p1,Emilie Charlisse Caga-Anan,NCI DAC,,Christopher Haiman,Released,Processing Status
CIDR_Melanoma GWAS,phs000519.v1.p1,Emilie Charlisse Caga-Anan,NCI DAC,,Nicholas Hayward,Released,Processing Status
RNA-seq of Hyperdiploid Pediatric Acute Lymphoblastic Leukemia,phs000522.v1.p1,Emilie Charlisse Caga-Anan,NCI DAC,,Patrick Brown,Released,Processing Status
Expressed Pseudogenes in the Translational Landscape of Human Cancers,phs000525.v1.p1,Freddie Pruitt,NCI DAC,,Arul Chinnaiyan,Released,Processing Status
CGCI: Burkitt Lymphoma Genome Sequencing Project,phs000527.v18.p6,Freddie Pruitt,NCI DAC,,Liming Yang,Released,Processing Status
CGCI: HIV+ Tumor Molecular Characterization Project (HTMCP) – Cervical Cancer (CC),phs000528.v18.p6,Freddie Pruitt,NCI DAC,,Liming Yang,Released,Processing Status
CGCI: HIV+ Tumor Molecular Characterization Project (HTMCP) – Diffuse Large B-cell Lymphoma (DLBCL),phs000529.v18.p6,Freddie Pruitt,NCI DAC,,Liming Yang,Released,Processing Status
CGCI: HIV+ Tumor Molecular Characterization Project (HTMCP) – Lung Cancer (LC),phs000530.v18.p6,Freddie Pruitt,NCI DAC,,Liming Yang,Released,Processing Status
CGCI: Medulloblastoma,phs000531.v18.p6,Freddie Pruitt,NCI DAC,,Liming Yang,Released,Processing Status
CGCI: Non-Hodgkin Lymphoma (NHL),phs000532.v18.p6,Freddie Pruitt,NCI DAC,,Liming Yang,Released,Processing Status
DNA Sequencing in Bladder Cancer,phs000535.v1.p1,Emilie Charlisse Caga-Anan,NCI DAC,,David Solit,Released,Processing Status
Genomic Sequencing of Pleuropulmonary blastoma,phs000543.v1.p1,Emilie Charlisse Caga-Anan,NCI DAC,,Matthew Meyerson,Released,Processing Status
Genome-Wide Characterization of Pancreatic Adenocarcinoma Patients Using Next Generation Sequencing,phs000550.v1.p1,Freddie Pruitt,NCI DAC,,David Craig,Released,Processing Status
Genomic Characterization of Meningiomas,phs000552.v2.p1,Emilie Charlisse Caga-Anan,NCI DAC,,Rameen Beroukhim,Released,Processing Status
Mutational Landscape of Lethal Castrate Resistant Prostate Cancer,phs000554.v1.p1,Freddie Pruitt,NCI DAC,,Arul Chinnaiyan,Released,Processing Status
The Genetic Landscape of Mutations in Burkitt Lymphoma,phs000562.v1.p1,Freddie Pruitt,NCI DAC,,Sandeep Dave,Released,Processing Status
The Genomics of Pilocytic Astrocytoma Formation in Neurofibromatosis type 1,phs000563.v2.p1,Emilie Charlisse Caga-Anan,NCI DAC,,David Gutmann,Released,Processing Status
Identification of recurrent NAB2-STAT6 gene fusions in hemangiopericytoma/solitary fibrous tumor by integrative sequencing,phs000567.v2,Claire Zhu,NCI DAC,,Arul Chinnaiyan,Completed by GPA,Processing Status
Genomic Sequencing of solitary fibrous tumors,phs000568.v1.p1,Emilie Charlisse Caga-Anan,NCI DAC,,Matthew Meyerson,Released,Processing Status
Genetic Heterogeneity of Diffuse Large B-Cell Lymphoma,phs000573.v1.p1,Freddie Pruitt,NCI DAC,,Sandeep Dave,Released,Processing Status
Small Bowel Neuroendocrine Tumors (Carcinoid Tumors),phs000579.v1.p1,Emilie Charlisse Caga-Anan,NCI DAC,,Matthew Meyerson,Released,Processing Status
MPC_ Deep Sequencing Reveals Distinct Pattern of DNA Methylation in Prostate Cancer,phs000597.v1.p1,Freddie Pruitt,NCI DAC,,Arul Chinnaiyan,Released,Processing Status
Genomic Sequencing of Cervical Cancers,phs000600.v1.p1,Emilie Charlisse Caga-Anan,NCI DAC,,Matthew Meyerson,Released,Processing Status
Identifying the Genetic Explanation for Heritable Breast Cancer,phs000601.v1.p1,Emilie Charlisse Caga-Anan,NCI DAC,,Melissa Southey,Released,Processing Status
Identification of Targetable FGFR Gene Fusions in Diverse Cancers,phs000602.v2.p1,Natalie Abrams,NCI DAC,,Arul Chinnaiyan,Released,Processing Status
CIDR Mapping Genes for Mammographic Breast Density,phs000604.v1.p1,Emilie Charlisse Caga-Anan,NCI DAC,,Julie Douglas,Released,Processing Status
Genomic Analysis of Pediatric low-grade gliomas,phs000614.v1.p1,Freddie Pruitt,NCI DAC,,Keith Ligon,Released,Processing Status
Genome wide association studies in ECOG 2997 trial,phs000621.v1.p1,Freddie Pruitt,NCI DAC,,Richard Weinshilboum,Released,Processing Status
Identification of Driver Genes in Hepatocellular Carcinoma by Exome Sequencing,phs000627.v1.p1,Freddie Pruitt,NCI DAC,,Derek Chiang,Released,Processing Status
Integrative sequencing analysis of a metastatic cervical carcinoma patient reveals human papillomavirus 18 integration,phs000628.v1.p1,Emilie Charlisse Caga-Anan,NCI DAC,,David Craig,Released,Processing Status
CIDR_GWAS of Familial Lung Cancer,phs000629.v1.p1,Emilie Charlisse Caga-Anan,NCI DAC,,Ann Schwartz,Released,Processing Status
A genome wide study of lung cancer in never smokers,phs000634.v1.p1,Emilie Charlisse Caga-Anan,NCI DAC,,Olga Gorlova,Released,Processing Status
The effect of the menstrual cycle on the normal human breast,phs000644.v1.p1,Emilie Charlisse Caga-Anan,NCI DAC,,Susan Clare,Released,Processing Status
Breakpoint detection using long insert whole genome sequencing,phs000646.v1.p1,Emilie Charlisse Caga-Anan,NCI DAC,,David Craig,Released,Processing Status
CIDR_NCI_Validation and Fine Scale Mapping of Pancreatic Cancer Susceptibility Loci,phs000648.v2.p1,Emilie Charlisse Caga-Anan,NCI DAC,,Alison Klein,Released,Processing Status
Cohort-based Genome-Wide Association Study of Glioma (GliomaScan),phs000652.v1.p1,Geoffrey Tobias,NCI DAC,,Preetha Rajaraman,Released,Processing Status
A pilot study using next generation sequencing in advanced cancers: feasibility and challenges,phs000657.v1.p1,Emilie Charlisse Caga-Anan,NCI DAC,,Winnie Liang,Released,Processing Status
CIDR_Epidemiology of Breast Cancer Subtypes in African American Women,phs000669.v2.p1,Emilie Charlisse Caga-Anan,NCI DAC,,Christine Ambrosone,Completed by GPA,Processing Status
Somatic mutations in variant and IGHV4-34 expressing hairy cell leukemia,phs000671.v1.p1,Kathleen Calzone,NCI DAC,,Paul Meltzer,Released,Processing Status
CSER: Exploring Precision Cancer Medicine for Sarcoma and Rare Cancers,phs000673.v6,Emilie Charlisse Caga-Anan,NCI DAC,,Arul Chinnaiyan,Completed by GPA,Processing Status
Sequence-based analysis of human breast tissues,phs000676.v2.p2,Freddie Pruitt,NCI DAC,,Charles Perou,Released,Processing Status
APOBEC Cytidine Deaminase Mutagenesis Pattern is Widespread in Human Cancers,phs000677.v1.p1,Freddie Pruitt,NCI DAC,,Dmitry Gordenin,Released,Processing Status
Genomic Analysis of Peripheral T-Cell Lymphomas,phs000689.v1.p1,Emilie Charlisse Caga-Anan,NCI DAC,,Adolfo Ferrando,Released,Processing Status
Clinical Sequencing: Genome Sequencing of Craniopharyngiomas,phs000696.v1.p1,Emilie Charlisse Caga-Anan,NCI DAC,,Sandro Santagata,Awaiting GPA's Approval,Processing Status
Osteosarcoma Genomics,phs000699.v1.p1,Emilie Charlisse Caga-Anan,NCI DAC,,Todd Golub,Released,Processing Status
RAD50 Hypomorphism and Response to Chemotherapy,phs000706.v1.p1,Emilie Charlisse Caga-Anan,NCI DAC,,David Solit,Released,Processing Status
Detection of a Recurrent DNAJB1-PRKACA Chimeric Transcript in Fibrolamellar Hepatocellular Carcinoma,phs000709.v1.p1,Emilie Charlisse Caga-Anan,NCI DAC,,Sanford Simon,Released,Processing Status
Genome-Wide Association Study of Lung Cancer Among Never Smoking Asian Females,phs000716.v1.p1,Geoffrey Tobias,NCI DAC,,Qing Lan,Released,Processing Status
Whole exome sequencing of circulating tumor cells (CTCs) as a window into metastatic cancer,phs000717.v1.p1,Emilie Charlisse Caga-Anan,NCI DAC,,Todd Golub,Released,Processing Status
Genomic sequencing of Pediatric Rhabdomyosarcoma,phs000720.v5.p2,Kathleen Calzone,NCI DAC,Yes,Javed Khan,Released,Processing Status
Sequencing of Cervical Cancer,phs000723.v1.p1,Emilie Charlisse Caga-Anan,NCI DAC,,Ling Lin,Released,Processing Status
Follicular Lymphoma,phs000729.v1.p1,Emilie Charlisse Caga-Anan,NCI DAC,,Sami Malek,Released,Processing Status
CIDR High Density GWAS of Familial Prostate Cancer,phs000733.v1.p1,Emilie Charlisse Caga-Anan,NCI DAC,,Lisa Albright,Released,Processing Status
A Genome-wide Association Study (GWAS) of Risk for Osteosarcoma,phs000734.v1.p1,Geoffrey Tobias,NCI DAC,,Sharon Savage,Released,Processing Status
Genomic analysis of ameloblastomas identifies SMO and BRAF mutations that activate the pharmacologically accessible Hedgehog and MAP kinase signaling pathways,phs000739.v1.p1,Emilie Charlisse Caga-Anan,NCI DAC,,Robert West,Released,Processing Status
Whole Genome Sequencing of Waldenstrom’s Macroglobulinemia,phs000740.v1.p1,Emilie Charlisse Caga-Anan,NCI DAC,,Steven Treon,Released,Processing Status
Relating Clinical Outcomes in Multiple Myeloma to Personal Assessment of Genetic Profiles,phs000748.v7.p4,Freddie Pruitt,NCI DAC,Yes,Sagar Lonial,Released,Processing Status
STAGING: Relating Clinical Outcomes in Multiple Myeloma to Personal Assessment of Genetic Profiles,phs000749.v1.p1,Freddie Pruitt,NCI DAC,,Sagar Lonial,Awaiting GPA's Approval,Processing Status
High Density SNP Association Analysis of Lung Cancer,phs000753.v1.p1,Emilie Charlisse Caga-Anan,NCI DAC,,Xifeng Wu,Released,Processing Status
Spectrum of mutations in myeloid neoplasms,phs000759.v1.p1,Emilie Charlisse Caga-Anan,NCI DAC,,Kevin White,Released,Processing Status
The UC San Diego Chronic Lymphocytic Leukemia (CLL) Study,phs000767.v1.p1,Freddie Pruitt,NCI DAC,,Thomas Kipps,Released,Processing Status
Genomic Sequencing of Pediatric Ewing’s Sarcoma,phs000768.v2.p1,Kathleen Calzone,NCI DAC,,Javed Khan,Released,Processing Status
Genome-Wide Study to Identify SNPs and CNPs Associated with Normal Tissue Toxicity following Radiation Therapy of Prostate Cancer,phs000772.v1.p1,Emilie Charlisse Caga-Anan,NCI DAC,,Barry Rosenstein,Released,Processing Status
Personalized Treatment of Sézary Syndrome through a CTLA4:CD28 Fusion,phs000773.v1.p1,Emilie Charlisse Caga-Anan,NCI DAC,,Winnie Liang,Released,Processing Status
Hepatocellular Carcinoma,phs000782.v1.p1,Emilie Charlisse Caga-Anan,NCI DAC,,Brandon Higgs,Released,Processing Status
Comparative Sequencing Analysis Between Primary and Metastatic Colorectal Cancer Lesions,phs000790.v1.p1,Emilie Charlisse Caga-Anan,NCI DAC,,Michael Berger,Released,Processing Status
Oncogenomics of Malignant Peripheral Nerve Sheath Tumors,phs000792.v1.p1,Emilie Charlisse Caga-Anan,NCI DAC,,Ping Chi,Released,Processing Status
Longitudinal genome-wide analysis of patients with chronic lymphocytic leukemia,phs000794.v1.p1,Emilie Charlisse Caga-Anan,NCI DAC,,Esteban Braggio,Released,Processing Status
Gastric cancer genetic analysis of metastasis,phs000795.v1.p1,Emilie Charlisse Caga-Anan,NCI DAC,,Hanlee Ji,Released,Processing Status
Shanghai breast cancer genetic study,phs000799.v1.p1,Emilie Charlisse Caga-Anan,NCI DAC,,Wei Zheng,Released,Processing Status
Genome-Wide Association Study of Non-Hodgkin Lymphoma (NHL),phs000801.v2.p1,Geoffrey Tobias,NCI DAC,,Nathaniel Rothman,Released,Processing Status
NHL GWAS: Chronic Lymphocytic Leukemia (CLL) Cases,phs000802.v2.p1,Geoffrey Tobias,NCI DAC,,Nathaniel Rothman,Released,Processing Status
Genomic Sequencing of Ewing Sarcoma,phs000804.v2.p1,Emilie Charlisse Caga-Anan,NCI DAC,,Todd Golub,Released,Processing Status
Characterizing Genetic Susceptibility to Breast and Prostate Cancer - BPC3,phs000812.v1.p1,Emilie Charlisse Caga-Anan,NCI DAC,,Peter Kraft,Released,Processing Status
"CIDR, NCI, NIDA Sequencing of Targeted Genomic Regions Associated with Smoking",phs000813.v1.p1,Emilie Charlisse Caga-Anan,NCI DAC,,Laura Bierut,Released,Processing Status
NHL GWAS: Control set,phs000818.v2.p1,Geoffrey Tobias,NCI DAC,,Nathaniel Rothman,Released,Processing Status
Development and validation of a predictive algorithm for the degree of benefit from adjuvant trastuzumab: findings from the National Surgical Adjuvant Breast and Bowel Project (NSABP) Protocol B-31,phs000826.v1.p1,Freddie Pruitt,NCI DAC,,Katherine Pogue-Geile,Released,Processing Status
Genomic Analysis of Hepatocellular Carcinoma,phs000828.v1.p1,Emilie Charlisse Caga-Anan,NCI DAC,,Julien Sage,Released,Processing Status
Phase 1b Trial of RAD001 in Patients with Operable Non-Small Cell Lung Cancer (NSCLC); NCT00401778,phs000829.v1.p1,Grace Mishkin,NCI DAC,,Fadlo Khuri,Released,Processing Status
"Transcription restores DNA repair to heterochromatin, Determining regional mutation rates in cancer genomes",phs000830.v1.p1,Mariam Eljanne,NCI DAC,,Raymond Cho,Released,Processing Status
A genome-wide association study of prostate cancer in West African men,phs000838.v1.p1,Geoffrey Tobias,NCI DAC,,Michael Cook,Released,Processing Status
African American Breast Cancer Consortium (AABC) Study,phs000851.v2.p2,Emilie Charlisse Caga-Anan,NCI DAC,,Christopher Haiman,Completed by GPA,Processing Status
Genome-wide analysis of Noncoding Regulatory Mutations in Cancer,phs000854.v4,Freddie Pruitt,NCI DAC,,Eric Lander,Completed by GPA,Processing Status
Genome-Wide Association Study of Renal Cell Carcinoma among African Americans,phs000863.v1.p1,Geoffrey Tobias,NCI DAC,,Joanne Colt,Released,Processing Status
Transcriptome sequencing of Pediatric Neuroblastoma,phs000868.v1.p1,Kathleen Calzone,NCI DAC,,Javed Khan,Released,Processing Status
Barrett's and Esophageal Adenocarcinoma Genetic Susceptibility Study (BEAGESS),phs000869.v1.p1,Emilie Charlisse Caga-Anan,NCI DAC,,Thomas Vaughan,Released,Processing Status
Transdisciplinary Research Into Cancer of the Lung (TRICL),phs000876.v3,Emilie Charlisse Caga-Anan,NCI DAC,,Christopher Amos,Awaiting GPA's Approval,Processing Status
Transdisciplinary Research Into Cancer of the Lung (TRICL) - Meta-analysis,phs000877.v3,Emilie Charlisse Caga-Anan,NCI DAC,,Christopher Amos,Awaiting GPA's Approval,Processing Status
Transdisciplinary Research Into Cancer of the Lung (TRICL): CIDR Lung Cancer Whole Exome Sequencing Project,phs000878.v3,Emilie Charlisse Caga-Anan,NCI DAC,,Christopher Amos,Awaiting GPA's Approval,Processing Status
National Cancer Institute (NCI) Prostate Cancer Genome-wide Association Study for Uncommon Susceptibility Loci (PEGASUS),phs000882.v1.p1,Geoffrey Tobias,NCI DAC,,Sonja Berndt,Released,Processing Status
Gut Microbiome Profiles and Risk of Colorectal Cancer,phs000884.v1.p1,Emilie Charlisse Caga-Anan,NCI DAC,,Jiyoung Ahn,Released,Processing Status
CAGE profiling of ncRNAs in hepatocellular carcinoma reveals a strong activation of retroviral LTR promoters in virus-induced tumors,phs000885.v1.p1,Emilie Charlisse Caga-Anan,NCI DAC,,Piero Carninci,Released,Processing Status
NHL GWAS: Diffuse Large B-Cell Lymphoma (DLBCL) Cases,phs000889.v1.p1,Geoffrey Tobias,NCI DAC,,Nathaniel Rothman,Released,Processing Status
NHL GWAS: Follicular Lymphoma (FL) Cases,phs000890.v1.p1,Geoffrey Tobias,NCI DAC,,Nathaniel Rothman,Released,Processing Status
NHL GWAS: Marginal Zone Lymphoma (MZL) Cases,phs000891.v1.p1,Geoffrey Tobias,NCI DAC,,Nathaniel Rothman,Released,Processing Status
CPTAC Proteogenomic Confirmatory Study,phs000892.v7.p1,Freddie Pruitt,NCI DAC,Yes,Xu Zhang,Released,Processing Status
Genome-Wide Association Study of Endometrial Cancer,phs000893.v1.p1,Emilie Charlisse Caga-Anan,NCI DAC,,Immaculata Devivo,Released,Processing Status
Genomic analysis of stage I serous carcinomas of the ovary,phs000897.v1.p1,Freddie Pruitt,NCI DAC,,Scott Kaufmann,Released,Processing Status
Functionally-defined Therapeutic Targets in Diffuse Intrinsic Pontine Glioma,phs000900.v1.p1,Emilie Charlisse Caga-Anan,NCI DAC,,Charles Keller,Released,Processing Status
Next Generation Sequencing of Stage IV Squamous Cell Lung Cancers Reveals an Association of PI3K Aberrations and Evidence of Clonal Heterogeneity in Patients with Brain Metastases,phs000907.v1.p1,Emilie Charlisse Caga-Anan,NCI DAC,,Paul Paik,Released,Processing Status
Admixture mapping for Breast Cancer in Latinas,phs000912.v1.p1,Emilie Charlisse Caga-Anan,NCI DAC,,Elad Ziv,Released,Processing Status
Genomic Analysis of Mycosis Fungoides and Sézary Syndrome Identifies Recurrent Alterations in TNFR2,phs000913.v1.p1,Emilie Charlisse Caga-Anan,NCI DAC,,Paul Khavari,Released,Processing Status
Integrative Clinical Sequencing Analysis of Metastatic Castration Resistant Prostate Cancer Reveals a High Frequency of Clinical Actionability,phs000915.v3.p2,Emilie Charlisse Caga-Anan,NCI DAC,,Arul Chinnaiyan,Completed by GPA,Processing Status
CIDR GWAS of Breast Cancer in High Risk Women,phs000929.v1.p1,Emilie Charlisse Caga-Anan,NCI DAC,,Christopher Haiman,Released,Processing Status
A Somatic Reference Standard for Cancer Genome Sequencing,phs000932.v1.p1,Emilie Charlisse Caga-Anan,NCI DAC,,David Craig,Released,Processing Status
Melanoma Exome Sequencing,phs000933.v4.p1,Freddie Pruitt,NCI DAC,,Ruth Halaban,Released,Processing Status
The Landscape of Antisense Gene Expression in Human Cancers,phs000937.v1.p1,Natalie Abrams,NCI DAC,,Arul Chinnaiyan,Released,Processing Status
Phylogenetic Analyses of Melanoma Reveal Complex Patterns of Metastatic Dissemination,phs000941.v1.p1,Mariam Eljanne,NCI DAC,,Raymond Cho,Released,Processing Status
Use of Whole Genome Sequencing for Diagnosis and Discovery in the Cancer Genetics Clinic,phs000942.v1.p1,Emilie Charlisse Caga-Anan,NCI DAC,,Theodora Ross,Released,Processing Status
Whole Exome Sequencing and RNAseq of SEER Ovarian FFPE Tissues,phs000950.v1.p1,Emilie Charlisse Caga-Anan,NCI DAC,,Danielle Carrick,Released,Processing Status
Whole Exome Sequencing of Microdissected Pancreatic Cancer,phs000953.v1.p1,Freddie Pruitt,NCI DAC,,James Willson,Released,Processing Status
VITamins And Lifestyle (VITAL),phs000965.v1.p1,Emilie Charlisse Caga-Anan,NCI DAC,,Emily White,Released,Processing Status
The Genomic Landscape of Juvenile Myelomonocytic Leukemia,phs000973.v1.p1,Emilie Charlisse Caga-Anan,NCI DAC,,Todd Golub,Released,Processing Status
Whole Genome Association Study of Mammographic Density,phs000975.v1.p1,Emilie Charlisse Caga-Anan,NCI DAC,,Rulla Tamimi,Released,Processing Status
Genetic analysis of desmoplastic melanoma,phs000977.v1.p1,Ian Fingerman,NCI DAC,,Boris Bastian,Released,Processing Status
Whole-genome sequencing of a malignant granular cell tumor with metabolic response to pazopanib,phs000978.v1.p1,Emilie Charlisse Caga-Anan,NCI DAC,,Carl Morrison,Released,Processing Status
Mutational Landscape Determines Sensitivity to PD-1 Blockade in Non-Small Cell Lung Cancer,phs000980.v1.p1,Emilie Charlisse Caga-Anan,NCI DAC,,Timothy Chan,Released,Processing Status
Functional Significance of Prostate Cancer risk-SNPs,phs000985.v2.p1,Emilie Charlisse Caga-Anan,NCI DAC,,Stephen Thibodeau,Released,Processing Status
The mutational landscape of CTCL and Sézary syndrome,phs000994.v1.p1,Emilie Charlisse Caga-Anan,NCI DAC,,Teresa Palomero,Released,Processing Status
Prospective Procurement of Solid Tumor Tissue to Identify Novel Therapeutic Targets,phs001003.v5,Kathleen Calzone,NCI DAC,,Steven Rosenberg,Awaiting GPA's Approval,Processing Status
Lobular Carcinomas In Situ Display Intra-Lesion Genetic Heterogeneity and Clonal Evolution in the Progression to Invasive Disease,phs001006.v1.p1,Emilie Charlisse Caga-Anan,NCI DAC,,Tari King,Released,Processing Status
The Genetic Landscape of Metastasis and Recurrence in HNSCC,phs001007.v1.p1,Freddie Pruitt,NCI DAC,,Jennifer Grandis,Released,Processing Status
Epigenetic studies in Acute Myeloid Leukemia,phs001027.v4.p1,Emilie Charlisse Caga-Anan,NCI DAC,,Francine Garrett-Bakelman,Released,Processing Status
Ovarian Tumor Risk and Environmental and Genetic Factors,phs001034.v1.p1,Emilie Charlisse Caga-Anan,NCI DAC,,Daniel Cramer,Released,Processing Status
Comprehensive Genomic Characterization of Acral Melanoma,phs001036.v1.p1,Emilie Charlisse Caga-Anan,NCI DAC,,Jeffrey Trent,Released,Processing Status
DNA Methylation Inhibitors in Immunotherapy,phs001038.v1.p1,Emilie Charlisse Caga-Anan,NCI DAC,,Timothy Chan,Released,Processing Status
Genetic basis for clinical response to CTLA-4 blockade in melanoma,phs001041.v1.p1,Emilie Charlisse Caga-Anan,NCI DAC,,Timothy Chan,Released,Processing Status
Whole Genome Sequencing of Newly Established Pancreatic Cancer Lines Identifies Novel Somatic Mutation (c.2587G>A) in Axon Guidance Receptor Plexin A1 as Enhancer of Proliferation and Invasion.,phs001042.v1.p1,Kathleen Calzone,NCI DAC,,Udo Rudloff,Completed by GPA,Processing Status
Breast Cancer Risk Pathways,phs001044.v1.p1,Emilie Charlisse Caga-Anan,NCI DAC,,Andrea Bild,Released,Processing Status
Molecular Epidemiology of Colorectal Cancer (MECC) Metastasis Study/Omni Platform,phs001045.v1.p1,Emilie Charlisse Caga-Anan,NCI DAC,,Stephen Gruber,Released,Processing Status
Comprehensive Omics Analysis of Pediatric Tumors and Establishment of a Repository for Related Biological Studies,phs001052.v3.p1,Kathleen Calzone,NCI DAC,,Javed Khan,Released,Processing Status
MYB-QKI rearrangements in Angiocentric Glioma drive tumorigenicity through a tripartite mechanism,phs001054.v2.p1,Freddie Pruitt,NCI DAC,,Keith Ligon,Completed by GPA,Processing Status
"Diet, Activity, and Lifestyle Study (DALS)",phs001056.v1.p1,Emilie Charlisse Caga-Anan,NCI DAC,,Martha Slattery,Released,Processing Status
Patient-derived xenografts of HER2-positive breast cancer brain metastases facilitate discovery of a therapeutic strategy yielding durable remissions,phs001063.v1.p1,Freddie Pruitt,NCI DAC,,Jean Zhao,Released,Processing Status
Genomic Characterization of Plasmacytoid/Signet-ring Carcinoma (PC/SRC) of the Bladder,phs001064.v1.p1,Emilie Charlisse Caga-Anan,NCI DAC,,Hikmat Al-Ahmadie,Released,Processing Status
"Whole Genome, Exome, Transcriptome, and Validation Sequencing of an Acute Lymphoblastic Leukemia",phs001066.v1.p1,Ian Fingerman,NCI DAC,,Richard Wilson,Released,Processing Status
Relapsed Acute Lymphoblastic Leukemia (ALL): Genomic Analysis in Pediatric Patients,phs001072.v1.p1,Ian Fingerman,NCI DAC,,Raul Rabadan,Released,Processing Status
Women's Health Initiative (WHI),phs001077.v1.p1,Emilie Charlisse Caga-Anan,NCI DAC,,Ross Prentice,Released,Processing Status
"Common Variant GWAS, Genetics & Epidemiology of Colorectal Cancer Consortium (GECCO)",phs001078.v1.p1,Emilie Charlisse Caga-Anan,NCI DAC,,Ulrike Peters,Released,Processing Status
Elucidating Loci Involved in Prostate Cancer Susceptibility (ELLIPSE) - Meta-Analysis,phs001081.v2.p2,Emilie Charlisse Caga-Anan,NCI DAC,,Christopher Haiman,Released,Processing Status
Small Cell Lung Cancer,phs001083.v1.p1,Emilie Charlisse Caga-Anan,NCI DAC,,Dong Shen,Released,Processing Status
Differential Mutations In Matched Primary and Metastatic Colorectal Cancers,phs001084.v1.p1,Freddie Pruitt,NCI DAC,,Timothy Yeatman,Released,Processing Status
Clonal evolution of platinum resistant urothelial carcinoma,phs001087.v5,Ian Fingerman,NCI DAC,,Mark Rubin,Completed by GPA,Processing Status
DRIVE: Shanghai Breast Cancer Genetics Study,phs001088.v1.p1,Emilie Charlisse Caga-Anan,NCI DAC,,Wei Zheng,Released,Processing Status
Postmenopausal Hormones Supplementary Study to the Colon Cancer Family Registry (PMH-CCFR),phs001092.v1.p1,Emilie Charlisse Caga-Anan,NCI DAC,,Polly Newcomb,Released,Processing Status
"Prostate, Lung, Colorectal, and Ovarian Cancer Screening Trial (PLCO)",phs001094.v1.p1,Emilie Charlisse Caga-Anan,NCI DAC,,Sonja Berndt,Released,Processing Status
French Association STudy Evaluating RISK for sporadic colorectal cancer (ASTERISK),phs001104.v1.p1,Emilie Charlisse Caga-Anan,NCI DAC,,Stephane Bezieau,Released,Processing Status
Patient-specific factors influence somatic variation patterns in von Hippel-Lindau disease renal tumors,phs001107.v1.p1,Kathleen Calzone,NCI DAC,,William Linehan,Released,Processing Status
Mutational classification of colorectal cancer,phs001111.v1.p1,Freddie Pruitt,NCI DAC,,Timothy Yeatman,Released,Processing Status
Chromosome X Mosaicism Methylation Study,phs001112.v1.p1,Geoffrey Tobias,NCI DAC,,Stephen Chanock,Released,Processing Status
Darmkrebs: Chancen der Verhütung durch Screening (DACHS),phs001113.v1.p1,Emilie Charlisse Caga-Anan,NCI DAC,,Jenny Chang-Claude,Released,Processing Status
Health Professionals Follow-up Study (HPFS),phs001114.v1.p1,Emilie Charlisse Caga-Anan,NCI DAC,,Andrew Chan,Released,Processing Status
Collection of Tissue Specimens and Clinical Data from Patients with Melanoma for Genetic Analysis (DFCI Protocol 06-375),phs001115.v1.p1,Ian Fingerman,NCI DAC,,Carl Novina,Released,Processing Status
Elucidating Loci Involved in Prostate Cancer Susceptibility (ELLIPSE),phs001120.v2.p2,Emilie Charlisse Caga-Anan,NCI DAC,,Christopher Haiman,Released,Processing Status
Integrated genetic and pharmacologic interrogation of rare cancers,phs001121.v1.p1,Freddie Pruitt,NCI DAC,,William Hahn,Released,Processing Status
ELLIPSE De Novo Genotyping,phs001125.v2.p2,Emilie Charlisse Caga-Anan,NCI DAC,,Christopher Haiman,Released,Processing Status
Targeted Mutational Analysis of Enteropathy-Associated T-cell Lymphoma,phs001126.v1.p1,Kathleen Calzone,NCI DAC,Yes,Elaine Jaffe,Released,Processing Status
Physician's Health Study (PHS),phs001128.v1.p1,Emilie Charlisse Caga-Anan,NCI DAC,,Andrew Chan,Released,Processing Status
Nurses' Health Study (NHS),phs001129.v1.p1,Emilie Charlisse Caga-Anan,NCI DAC,,Andrew Chan,Released,Processing Status
FOCI Affymetrix Exome Chip,phs001131.v1.p1,Emilie Charlisse Caga-Anan,NCI DAC,,Thomas Sellers,Released,Processing Status
FOCI GWAS Meta-Analysis,phs001132.v1.p1,Emilie Charlisse Caga-Anan,NCI DAC,,Thomas Sellers,Released,Processing Status
Follow-up of Ovarian Cancer Genetic Association and Interaction Studies (FOCI),phs001133.v1.p1,Emilie Charlisse Caga-Anan,NCI DAC,,Thomas Sellers,Released,Processing Status
Radiation-related genomic profile of papillary thyroid cancer after the Chernobyl accident,phs001134.v3.p1,Geoffrey Tobias,NCI DAC,Yes,Stephen Chanock,Released,Processing Status
ALCHEMIST Study,phs001140.v2.p2,Freddie Pruitt,NCI DAC,Yes,David Kozono,Completed by GPA,Processing Status
PROstate cancer Medically Optimized genome enhanced ThErapy (PROMOTE),phs001141.v2.p1,Joseph Flores-Toro,NCI DAC,,Manish Kohli,Released,Processing Status
FOCI Mayo OmniExpress,phs001142.v1.p1,Emilie Charlisse Caga-Anan,NCI DAC,,Thomas Sellers,Released,Processing Status
NCI Exceptional Responders Initiative,phs001145.v2.p2,Freddie Pruitt,NCI DAC,Yes,Susan Ivy,Completed by GPA,Processing Status
FOCI Mayo 2.5M,phs001150.v1.p1,Emilie Charlisse Caga-Anan,NCI DAC,,Thomas Sellers,Released,Processing Status
Genetic Analysis to interrogate tumor heterogeneity in lung adenocarcinoma,phs001159.v1.p1,Kathleen Calzone,NCI DAC,,Udayan Guha,Released,Processing Status
CRU-Ukrainian National Research Center for Radiation Medicine Trio Study,phs001163.v2.p1,Geoffrey Tobias,NCI DAC,Yes,Stephen Chanock,Released,Processing Status
Integrative analysis of lung adenocarcinoma in EAGLE,phs001169.v2.p1,Geoffrey Tobias,NCI DAC,,Maria Teresa Landi,Released,Processing Status
Hawaii Colorectal Cancer Studies 2&3 (Colo2&3),phs001170.v1.p1,Emilie Charlisse Caga-Anan,NCI DAC,,Loic Le Marchand,Released,Processing Status
Multiethnic Cohort Study (MEC),phs001171.v1.p1,Emilie Charlisse Caga-Anan,NCI DAC,,Loic Le Marchand,Released,Processing Status
Head and Neck Cancer Genome-wide Association Study,phs001173.v1.p1,Emilie Charlisse Caga-Anan,NCI DAC,,Sanjay Shete,Released,Processing Status
Clinical Trial Sequencing Project (CTSP),phs001175.v3.p2,Freddie Pruitt,NCI DAC,Yes,Liming Yang,Completed by GPA,Processing Status
Rare germline variations in familial melanoma,phs001177.v3.p1,Geoffrey Tobias,NCI DAC,,Xiaohong Yang,Completed by GPA,Processing Status
FoundationOne Data Release 1.0,phs001179.v1.p1,Emilie Charlisse Caga-Anan,NCI DAC,Yes,Doron Lipson,Released,Processing Status
Single-cell DNA and RNA sequencing over a 29 year period of a CLL patient demonstrating evolution of multiple cell clones,phs001181.v1.p1,Geoffrey Tobias,NCI DAC,,Michael Dean,Released,Processing Status
CTSP Diffuse Large B-Cell Lymphoma (DLBCL) CALGB 50303,phs001184.v3.p2,Freddie Pruitt,NCI DAC,,Wyndham Wilson,Completed by GPA,Processing Status
Genome-Wide Scan for Genetic Variants Associated with Early Onset Prostate Cancer,phs001185.v1.p1,Emilie Charlisse Caga-Anan,NCI DAC,,Kathleen Cooney,Released,Processing Status
Thoracic patient-derived xenografts,phs001192.v1.p1,Freddie Pruitt,NCI DAC,,Mark Kris,Released,Processing Status
Hispanic Colorectal Cancer Study,phs001193.v1.p1,Emilie Charlisse Caga-Anan,NCI DAC,,Jane Figueiredo,Released,Processing Status
The Thailand Initiative in Genomics and Expression Research for Liver Cancer (TIGER-LC),phs001199.v2.p1,Kathleen Calzone,NCI DAC,,Xin Wang,Released,Processing Status
Differences in the Fecal Microbiome associated with Adenomous Polyps,phs001204.v1.p1,Ian Fingerman,NCI DAC,,Nicholas Chia,Released,Processing Status
NCI Lung Cancer and Smoking Phenotypes in African-American Subjects,phs001210.v1.p1,Geoffrey Tobias,NCI DAC,,Stephen Chanock,Released,Processing Status
Familial Blood and Lymph Node Cancers,phs001219.v1.p1,Geoffrey Tobias,NCI DAC,,Neil Caporaso,Released,Processing Status
Genome-wide Association Study of Prostate Cancer,phs001221.v1.p1,Emilie Charlisse Caga-Anan,NCI DAC,,John Witte,Released,Processing Status
Analysis of AR Gene Rearrangements in Prostate Cancer,phs001223.v1.p1,Ian Fingerman,NCI DAC,,Scott Dehm,Released,Processing Status
Targeted sequencing of primary ER-positive breast tumors treated with 5 years of Tamoxifen,phs001234.v1.p1,Emilie Charlisse Caga-Anan,NCI DAC,,Elaine Mardis,Released,Processing Status
Integrative analysis of lung adenocarcinoma in EAGLE (phase 2),phs001239.v1.p1,Geoffrey Tobias,NCI DAC,Yes,Maria Teresa Landi,Released,Processing Status
"H. Lee Moffitt Cancer Center, Washington University St. Louis and Translational Genomics (TGen) Collaborative Melanoma Genome Project Protocol and Analysis Plan",phs001241.v1.p1,Emilie Charlisse Caga-Anan,NCI DAC,,Jeffrey Weber,Released,Processing Status
Genetic Basis of Breast Cancer Resistance in BRCA1+ Carrier,phs001243.v1.p1,Ian Fingerman,NCI DAC,,San Ming Wang,Released,Processing Status
Chemosensitive relapse in small cell lung cancer patient-derived xenografts,phs001249.v1.p1,Freddie Pruitt,NCI DAC,,Charles Rudin,Released,Processing Status
Molecular Evolution of Cancer,phs001255.v1.p1,Ian Fingerman,NCI DAC,,Arend Sidow,Released,Processing Status
Loss of IFN-g signaling in tumor cells associates with primary resistance to anti-CTLA-4 therapy,phs001257.v2.p1,Ian Fingerman,NCI DAC,,Phillip Futreal,Released,Processing Status
DNA Inverted Repeats as an At-risk Motif for Palindromic Gene Amplification,phs001261.v2,Ian Fingerman,NCI DAC,,Hisashi Tanaka,Completed by GPA,Processing Status
"Discovery, Biology, and Risk of Inherited Variants in Breast Cancer (DRIVE): Genome-wide Association Study Meta-analysis",phs001263.v1.p1,Emilie Charlisse Caga-Anan,NCI DAC,,David Hunter,Released,Processing Status
A Super-enhancer Associated with CD47 Links Pro-inflammatory Signaling in CD47 Upregulation in Breast Cancer,phs001264.v1.p1,Ian Fingerman,NCI DAC,,Michael Clarke,Released,Processing Status
"OncoArray: Discovery, Biology, and Risk of Inherited Variants in Breast Cancer (DRIVE)",phs001265.v2,Emilie Charlisse Caga-Anan,NCI DAC,,Peter Kraft,Completed by GPA,Processing Status
Pooled Genome-wide Analysis of Kidney Cancer Risk,phs001271.v1.p1,Emilie Charlisse Caga-Anan,NCI DAC,,Ghislaine Scelo,Released,Processing Status
OncoArray: Lung Cancer,phs001273.v5,Emilie Charlisse Caga-Anan,NCI DAC,,Christopher Amos,Awaiting GPA's Approval,Processing Status
Exome sequencing of chordoma families and sporadic cases,phs001280.v1.p1,Geoffrey Tobias,NCI DAC,,Xiaohong Yang,Released,Processing Status
Expression and Mutational Analysis of Endemic Burkitt Lymphoma,phs001282.v4.p1,Ian Fingerman,NCI DAC,,Ann Moormann,Released,Processing Status
Familial Blood and Lymph Node Cancers - Waldenstrom macroglobulinemia,phs001284.v1.p1,Geoffrey Tobias,NCI DAC,,Neil Caporaso,Released,Processing Status
"The Prostate, Lung, Colon, Ovary Screening Trial (PLCO): Etiologic and Early Marker Study",phs001286.v5,Geoffrey Tobias,NCI DAC,,Steven Moore,Completed by GPA,Processing Status
Clinical Proteomic Tumor Analysis Consortium (CPTAC),phs001287.v23.p7,Freddie Pruitt,NCI DAC,Yes,Mehdi Mesri,Released,Processing Status
CIDR: NCI Genome Wide Predictors of Survival in Colorectal Cancer,phs001290.v1.p1,Emilie Charlisse Caga-Anan,NCI DAC,,Ulrike Peters,Released,Processing Status
Genome-Wide Association Study of Testicular Germ Cell Tumors,phs001303.v1.p1,Geoffrey Tobias,NCI DAC,,Katherine McGlynn,Released,Processing Status
Biospecimen Pre-analytical Variables (BPV),phs001304.v2,Grace Mishkin,NCI DAC,,Ping Guan,Completed by GPA,Processing Status
Inherited Genetic Variation and Predisposition to Testicular Germ Cell Tumor,phs001307.v2,Emilie Charlisse Caga-Anan,NCI DAC,,Katherine Nathanson,Awaiting GPA's Approval,Processing Status
CIDR: Detecting Common and Rare Genetic Loci and GxE Interactions in Colorectal Cancer,phs001315.v1.p1,Emilie Charlisse Caga-Anan,NCI DAC,,Ulrike Peters,Released,Processing Status
International Glioma Case-Control Study,phs001319.v1.p1,Emilie Charlisse Caga-Anan,NCI DAC,,Melissa Bondy,Released,Processing Status
OncoArray: Consortium of Investigators of Modifiers of BRCA1 and BRCA2 (CIMBA),phs001321.v1.p1,Emilie Charlisse Caga-Anan,NCI DAC,,Antonis Antoniou,Released,Processing Status
Multiple Myeloma Genomic Study (MMGS),phs001323.v3.p1,Ian Fingerman,NCI DAC,,Irene Ghobrial,Released,Processing Status
Childhood Cancer Survivor Study (CCSS),phs001327.v4.p1,Geoffrey Tobias,NCI DAC,Yes,Lindsay Morton,Completed by GPA,Processing Status
AACR Project Genomics Evidence Neoplasia Information Exchange (GENIE),phs001337.v2.p2,Freddie Pruitt,NCI DAC,Yes,Justin Guinney,Completed by GPA,Processing Status
Post Genome-wide Association Studies in Testicular Germ Cell Tumors,phs001349.v2.p1,Emilie Charlisse Caga-Anan,NCI DAC,,Katherine Nathanson,Released,Processing Status
Integrated single cell genetic and transcriptional analysis suggests novel private drivers of chronic lymphocytic leukemia.,phs001372.v1.p1,Ian Fingerman,NCI DAC,,Catherine Wu,Released,Processing Status
APOLLO Network Project - Applied Proteogenomics OrganizationaL Learning and Outcomes Network,phs001374.v2.p1,Sean Hanlon,NCI DAC,Yes,Nhan Do,Released,Processing Status
Gut microbiome and types of colorectal polyps,phs001381.v1.p1,Claire Zhu,NCI DAC,,Jiyoung Ahn,Released,Processing Status
Time Lapse to Cancer-Defining the transistion from polyp to cancer,phs001384.v1.p1,Grace Mishkin,NCI DAC,,Lisa Boardman,Released,Processing Status
Evaluation of Ancestry Admixture among Chileans,phs001385.v1.p1,Geoffrey Tobias,NCI DAC,,Jill Koshiol,Released,Processing Status
Histone modification and gene expression profiling in primary glioblastoma multiforme tumors,phs001389.v1.p1,Ian Fingerman,NCI DAC,,Vishwanath Iyer,Released,Processing Status
OncoArray: Prostate Cancer,phs001391.v1.p1,Emilie Charlisse Caga-Anan,NCI DAC,,Christopher Haiman,Released,Processing Status
Genetics of Pigmentation in Eastern and Southern African Populations Study,phs001396.v1.p1,Geoffrey Tobias,NCI DAC,,Stephen Chanock,Released,Processing Status
Development of Precision Neoadjuvant-Adjuvant Therapies,phs001399.v1.p1,Kathleen Calzone,NCI DAC,,Adam Sowalsky,Released,Processing Status
WES and CNV analysis of NF1-associated plexiform neurofibromas,phs001403.v1.p1,Geoffrey Tobias,NCI DAC,,Douglas Stewart,Released,Processing Status
Molecular Profiling of Gallbladder Cancer (MPOG),phs001404.v2,Geoffrey Tobias,NCI DAC,,Jill Koshiol,Awaiting GPA's Approval,Processing Status
Defining the Triple Negative Breast Cancer Kinome Response to GSK1120212,phs001405.v1.p1,Grace Mishkin,NCI DAC,,Lisa Carey,Released,Processing Status
HNPCC-Sys: Molecular Characterization of Lynch Syndromes,phs001407.v1.p1,Ian Fingerman,NCI DAC,,Markus Loeffler,Released,Processing Status
Aberrant Oligoclonal Hematopoiesis in Remission AML and Relapse from Rare Cells Genomically Resembling Leukemic Blasts,phs001408.v1.p1,Ian Fingerman,NCI DAC,,Sami Malek,Released,Processing Status
CIDR: Uncovering the genetic architecture of colorectal cancer with focus of rare and less frequent variants,phs001415.v1.p1,Emilie Charlisse Caga-Anan,NCI DAC,,Ulrike Peters,Released,Processing Status
Scalable Whole-exome Sequencing of Cell-free DNA Reveals High Concordance with Metastatic Tumors,phs001417.v3,Ian Fingerman,NCI DAC,,Viktor Adalsteinsson,Completed by GPA,Processing Status
Whole exome sequencing and methylation profiling of uveal melanoma,phs001421.v1.p1,Ian Fingerman,NCI DAC,,James Harbour,Released,Processing Status
Genomic analysis of pre-treatment and treatment-resistant autopsy glioblastoma specimens,phs001424.v1.p1,Ian Fingerman,NCI DAC,,Priscilla Brastianos,Released,Processing Status
Melanoma Sequential Immune Checkpoint Blockade Treatment Sequencing Study,phs001425.v1.p1,Ian Fingerman,NCI DAC,,Phillip Futreal,Released,Processing Status
Genome-wide predictors of treatment-related toxicities,phs001428.v1.p1,Emilie Charlisse Caga-Anan,NCI DAC,,Christine Ambrosone,Released,Processing Status
Genome-wide Methylation Profiling in MBL and from Early to Advanced CLL,phs001431.v2.p1,Ian Fingerman,NCI DAC,,Catherine Wu,Released,Processing Status
A Pilot Study of Rapid Autopsy and Procurement of Tissue in Thoracic Malignancy Cancer Patients to Investigate Tumor Heterogeneity,phs001432.v1.p1,Kathleen Calzone,NCI DAC,,Udayan Guha,Released,Processing Status
Non-coding RNAs Activated by the Wnt/Beta-catenin Signaling Pathway in Hepatoblastoma,phs001433.v1.p1,Ian Fingerman,NCI DAC,,Piero Carninci,Released,Processing Status
Pediatric Preclinical Testing Consortium (PPTC),phs001437.v3,Freddie Pruitt,NCI DAC,Yes,John Maris,Completed by GPA,Processing Status
Genomic Variation in Diffuse Large B Cell Lymphomas,phs001444.v2.p1,Kathleen Calzone,NCI DAC,Yes,Louis Staudt,Released,Processing Status
Genomic resistance patterns to second generation androgen blockade in paired tumor biopsies of metastatic castrate-resistant prostate cancer,phs001447.v1.p1,Mariam Eljanne,NCI DAC,,Eliezer Van Allen,Released,Processing Status
Subtyping sub-Saharan esophageal squamous cell carcinoma by comprehensive molecular analysis,phs001448.v1.p1,Sean Hanlon,NCI DAC,,Norman Sharpless,Released,Processing Status
Personal Neoantigen Cancer Vaccines,phs001451.v5.p1,Ian Fingerman,NCI DAC,,Catherine Wu,Released,Processing Status
Genomic Regions Associated With Susceptibility To Barrett’s Esophagus And Esophageal Adenocarcinoma In African Americans: The Cross BETRNet Admixture Study,phs001454.v1.p1,Natalie Abrams,NCI DAC,,Amitabh Chak,Released,Processing Status
Temporal and Clonal Progression in Pediatric Ependymoma,phs001461.v1.p1,Ian Fingerman,NCI DAC,,Joshua Rubin,Released,Processing Status
Impaired HLA Class 1 Antigen Processing and Presentation as a Mechanism of Acquired Resistance to Immune Checkpoint Inhibitors in Lung Cancer,phs001464.v1.p1,Ian Fingerman,NCI DAC,,Katerina Politi,Released,Processing Status
Multiregion Sequencing of Localized Prostate Cancer,phs001465.v1.p1,Kathleen Calzone,NCI DAC,,David Vanderweele,Released,Processing Status
High response rate to anti PD-1 therapy in desmoplastic melanoma,phs001469.v1.p1,Grace Mishkin,NCI DAC,,Antoni Ribas,Released,Processing Status
The landscape of dynamic genetic changes in ibrutinib-treated CLL,phs001473.v2.p2,Ian Fingerman,NCI DAC,,Catherine Wu,Released,Processing Status
Single cell RNA-seq reveals malignant and stromal programs associated with invasion and metastasis in head and neck cancer,phs001474.v2.p1,Ian Fingerman,NCI DAC,,Bradley Bernstein,Released,Processing Status
Inherited Bone Marrow Failure Syndromes,phs001481.v1.p1,Geoffrey Tobias,NCI DAC,,Sharon Savage,Released,Processing Status
DRIVE: Breast Cancer WGS,phs001483.v1.p1,Emilie Charlisse Caga-Anan,NCI DAC,,David Hunter,Released,Processing Status
NCI Cancer Model Development for the Human Cancer Models Initiative (HCMI),phs001486.v6,Freddie Pruitt,NCI DAC,Yes,Jean Zenklusen,Completed by GPA,Processing Status
Whole Exome Predictors of Immune Checkpoint Therapy Response in Renal Cell Carcinoma,phs001493.v3.p1,Ian Fingerman,NCI DAC,,Eliezer Van Allen,Released,Processing Status
DAXX Suppression of ALT,phs001495.v2.p1,Kathleen Calzone,NCI DAC,,Paul Meltzer,Released,Processing Status
The Adult Glioma Study,phs001497.v2.p1,Emilie Charlisse Caga-Anan,NCI DAC,,Margaret Wrensch,Released,Processing Status
Transdisciplinary Studies of Genetic Variation in Colorectal Cancer (CORECT): Meta-analysis,phs001499.v1.p1,Emilie Charlisse Caga-Anan,NCI DAC,,Stephen Gruber,Released,Processing Status
NCI Primary Human Melanocyte QTL Study,phs001500.v2.p1,Geoffrey Tobias,NCI DAC,,Kevin Brown,Released,Processing Status
Mechanisms of Chemotherapy Resistance in T-ALL,phs001513.v2,Ian Fingerman,NCI DAC,,Alejandro Gutierrez,Completed by GPA,Processing Status
Personalized NeoAntigen Cancer Vaccine with RT for Newly Diagnosed Glioblastoma,phs001519.v2.p1,Ian Fingerman,NCI DAC,,Catherine Wu,Released,Processing Status
CIDR: The Genetic Basis of Aggressive Prostate Cancer: The Role of Rare Variation,phs001524.v3.p2,Emilie Charlisse Caga-Anan,NCI DAC,Yes,Christopher Haiman,Released,Processing Status
Next Generation Sequencing of Diffuse Intrinsic Pontine Glioma Samples,phs001526.v2.p1,Ian Fingerman,NCI DAC,,Charles Keller,Completed by GPA,Processing Status
Oral microbiome in esophageal adenocarcinoma,phs001527.v1.p1,Claire Zhu,NCI DAC,,Zhiheng Pei,Released,Processing Status
"Gene Expression of Small Cell Carcinoma of the Ovary, Hypercalcemic Type",phs001528.v2.p1,Ian Fingerman,NCI DAC,,Jeffrey Trent,Released,Processing Status
CIDR: Genome-wide Association Studies of Breast Cancer Prognosis and Treatment Outcomes,phs001534.v1.p1,Emilie Charlisse Caga-Anan,NCI DAC,,Lawrence Kushi,Released,Processing Status
Genome-wide association study and meta-analysis of Ewing sarcoma,phs001549.v1.p1,Geoffrey Tobias,NCI DAC,,Stephen Chanock,Released,Processing Status
Genomic analysis of melanocytic neoplasms,phs001550.v3.p1,Grace Mishkin,NCI DAC,,Boris Bastian,Released,Processing Status
Detection of Colorectal Cancer Susceptibility Loci Using Genome-Wide Sequencing,phs001554.v2.p1,Emilie Charlisse Caga-Anan,NCI DAC,Yes,Ulrike Peters,Released,Processing Status
Genomic Correlates of Response and Resistance to Immune Checkpoint Blockade in Solid Tumors,phs001565.v1.p1,Ian Fingerman,NCI DAC,,Eliezer Van Allen,Released,Processing Status
Metaplastic breast cancer in a patient with neurofibromatosis type 1 and somatic loss of heterozygosity,phs001566.v1.p1,Ian Fingerman,NCI DAC,,Sameek Roychowdhury,Released,Processing Status
Genetic Epidemiology of Chronic Lymphocytic Leukemia,phs001568.v1.p1,Emilie Charlisse Caga-Anan,NCI DAC,,Nicola Camp,Released,Processing Status
"CALGB 40601: Randomized Phase 3 Trial of Paclitaxel Combined with Trastuzumab, Lapatinib, or Both as Neoadjuvant Treatment of HER2-Positive Breast Cancer",phs001570.v4.p1,Grace Mishkin,NCI DAC,,Lisa Carey,Released,Processing Status
Pan-tumor genomic biomarkers for personalization of PD-1 checkpoint blockade based immunotherapy,phs001572.v1.p1,Ian Fingerman,NCI DAC,,Razvan Cristescu,Released,Processing Status
Intra-tumor heterogeneity and clonal evolution of papillary renal cell carcinoma,phs001573.v1.p1,Geoffrey Tobias,NCI DAC,,Maria Teresa Landi,Released,Processing Status
Structural alterations driving castration-resistant prostate cancer revealed by linked-read genome sequencing,phs001577.v2.p2,Ian Fingerman,NCI DAC,,Matthew Meyerson,Completed by GPA,Processing Status
Widespread chromosomal losses and mitochondrial-encoded alterations in electron transport in metastatic Hurthle cell carcinoma of the thyroid,phs001580.v1.p1,Ian Fingerman,NCI DAC,,David McFadden,Released,Processing Status
Establishment and characterization of prostate cancer organoids,phs001587.v4.p1,Kathleen Calzone,NCI DAC,,Kathleen Siebenlist,Released,Processing Status
Breast Cancer Family Registry Early-onset Breast Cancer GWAS,phs001589.v1.p1,Emilie Charlisse Caga-Anan,NCI DAC,,Habibul Ahsan,Released,Processing Status
Molecular characterization of mucosal melanomas,phs001594.v1.p1,Freddie Pruitt,NCI DAC,,Boris Bastian,Released,Processing Status
Molecular characterization of acral melanoma,phs001596.v1.p1,Freddie Pruitt,NCI DAC,,Boris Bastian,Released,Processing Status
Genomic Analysis of Bevacizumab-induced Hypertension,phs001597.v1.p1,Grace Mishkin,NCI DAC,Yes,Deanna Kroetz,Released,Processing Status
Organoid profiling identifies common responders to chemotherapy in pancreatic cancer,phs001611.v1.p1,Ian Fingerman,NCI DAC,Yes,David Tuveson,Released,Processing Status
Small cell carcinomas of the bladder and lung are characterized by a convergent but distinct pathogenesis,phs001613.v1.p1,Freddie Pruitt,NCI DAC,,Barry Taylor,Completed by GPA,Processing Status
A dormant TIL phenotype defines non-small cell lung carcinomas sensitive to immune checkpoint blockers,phs001618.v1.p1,Freddie Pruitt,NCI DAC,,Kurt Schalper,Released,Processing Status
Genetic Susceptibility and Biomarkers of Platinum-Related Toxicities,phs001621.v2.p1,Emilie Charlisse Caga-Anan,NCI DAC,,Lois Travis,Released,Processing Status
Clinical Resistance to Crenolanib in Acute Myeloid Leukemia Due to Diverse Molecular Mechanisms,phs001628.v1.p1,Freddie Pruitt,NCI DAC,Yes,Jeffrey Tyner,Released,Processing Status
A secondary mutation in BRAF confers resistance to RAF inhibition in a BRAF V600E-mutant brain tumor,phs001629.v1.p1,Mariam Eljanne,NCI DAC,,Christine Pratilas,Released,Processing Status
African American Multiple Myeloma GWAS,phs001632.v1.p1,Emilie Charlisse Caga-Anan,NCI DAC,,Wendy Cozen,Released,Processing Status
mRNA signature for stratification by cold ischemia time,phs001634.v2,Grace Mishkin,NCI DAC,,Fay Betsou,Completed by GPA,Processing Status
Preanalytical Impacts on Copy Number Variation Detection by aCGH Technology,phs001635.v2,Grace Mishkin,NCI DAC,,Habtom Ressom,Completed by GPA,Processing Status
Investigate the effect of the delay to fixation on the proteome and phosphoproteome,phs001636.v2,Grace Mishkin,NCI DAC,,Daniel Chelsky,Completed by GPA,Processing Status
Preanalytical Impacts on Global Metabolite Profiling,phs001637.v2,Grace Mishkin,NCI DAC,,Edward Karoly,Completed by GPA,Processing Status
Evaluation of frozen conditions on mRNA profiling by TaqMan assay,phs001638.v2,Grace Mishkin,NCI DAC,,Habtom Ressom,Completed by GPA,Processing Status
Preanalytic Impacts on Genomic Sequencing by NGS technology,phs001639.v2,Grace Mishkin,NCI DAC,,Wendell Jones,Completed by GPA,Processing Status
Investigate the effect of storage conditions of tumor specimens on the proteome and phosphoproteome profiling,phs001640.v2,Grace Mishkin,NCI DAC,,Daniel Chelsky,Completed by GPA,Processing Status
Genomic and Transcriptomic characterization of chordoma,phs001643.v1.p1,Ian Fingerman,NCI DAC,,Winnie Liang,Released,Processing Status
Genomic Landscape of Cutaneous Diffuse Large B Cell Lymphoma,phs001645.v1.p1,Ian Fingerman,NCI DAC,,Jaehyuk Choi,Released,Processing Status
Genomic Characterization of Metastatic Castration Resistant Prostate Cancer,phs001648.v3.p1,Ian Fingerman,NCI DAC,Yes,Eric Small,Completed by GPA,Processing Status
Real-time genomic characterization of advanced pancreatic cancer to enable precision medicine,phs001652.v1.p1,Freddie Pruitt,NCI DAC,,Brian Wolpin,Released,Processing Status
"Aspirin and Inflammation: Mutations, Genes, Pathways and Prevention",phs001654.v1.p1,Claire Zhu,NCI DAC,,Brian Reid,Released,Processing Status
Functional Genomic Landscape of Acute Myeloid Leukemia,phs001657.v3.p1,Freddie Pruitt,NCI DAC,Yes,Jeffrey Tyner,Released,Processing Status
Metastatic adrenocortical carcinoma displays higher mutation rate and tumor heterogeneity than primary tumors,phs001658.v1.p1,Kathleen Calzone,NCI DAC,,Electron Kebebew,Released,Processing Status
Prospective Analysis of Genotypes in Adults Undergoing Therapy for Lung Cancer (Paclitaxel Cohort),phs001660.v1.p1,Kathleen Calzone,NCI DAC,,William Figg,Released,Processing Status
A phase II trial of the aurora kinase A inhibitor alisertib for patients with castration resistant and neuroendocrine prostate cancer,phs001666.v1.p1,Freddie Pruitt,NCI DAC,,Himisha Beltran,Released,Processing Status
Genomic Profiling in Cancer Patients (Breast Cancer Paired Tumor Samples),phs001674.v1.p1,Freddie Pruitt,NCI DAC,,Jose Baselga,Released,Processing Status
High-throughput determination of the antigen specificities of T cell receptors in single cells,phs001678.v1.p1,Freddie Pruitt,NCI DAC,,Ning Jiang,Released,Processing Status
Defining T Cell States Associated with Response to Checkpoint Immunotherapy in Melanoma,phs001680.v1.p1,Ian Fingerman,NCI DAC,,Nir Hacohen,Released,Processing Status
Transdisciplinary Research Into Cancer of the Lung (TRICL): Affymetrix Axiom Array,phs001681.v2,Emilie Charlisse Caga-Anan,NCI DAC,,Christopher Amos,Awaiting GPA's Approval,Processing Status
Using Genomics to Reduce Breast Cancer Disparities in the African Diaspora,phs001687.v1.p1,Emilie Charlisse Caga-Anan,NCI DAC,Yes,Olufunmilayo Olopade,Released,Processing Status
"Obesity, Body Fat Distribution, and Cancer Risk in the Multiethnic Cohort",phs001689.v1.p1,Emilie Charlisse Caga-Anan,NCI DAC,,Loic Le Marchand,Released,Processing Status
Genomic studies for understanding etiology of esophageal adenocarcinoma,phs001696.v1.p1,Emilie Charlisse Caga-Anan,NCI DAC,,James Dai,Released,Processing Status
Integrative Analysis of Lung Cancers in Never Smokers (The Sherlock-Lung Study),phs001697.v2,Geoffrey Tobias,NCI DAC,,Maria Teresa Landi,Completed by GPA,Processing Status
Enhancer mapping in chronic lymphocytic leukemia,phs001704.v1.p1,Freddie Pruitt,NCI DAC,,Jennifer Brown,Released,Processing Status
NCI-Epidemiology of Burkitt Lymphoma in East African Children and Minors (EMBLEM),phs001705.v2.p1,Geoffrey Tobias,NCI DAC,,Sam Mbulaiteye,Released,Processing Status
University of Pennsylvania CAR T cell Responding and Non-responding Patients,phs001707.v4.p1,Freddie Pruitt,NCI DAC,,Carl June,Completed by GPA,Processing Status
Shared Genomic Segment Analysis and Tumor Subtyping in High-Risk BrCa Pedigrees,phs001708.v1.p1,Emilie Charlisse Caga-Anan,NCI DAC,,Nicola Camp,Completed by GPA,Processing Status
Count Me In: The Metastatic Breast Cancer Project,phs001709.v2.p2,Freddie Pruitt,NCI DAC,Yes,Diane Diehl,Released,Processing Status
Transplant Outcomes in Aplastic Anemia (TOAA),phs001710.v2.p1,Geoffrey Tobias,NCI DAC,,Shahinaz Gadalla,Released,Processing Status
LCCC 1108: Development of A Tumor Molecular Analyses Program and Its Use to Support Treatment Decisions,phs001713.v1.p1,Sean Hanlon,NCI DAC,Yes,Shelton Earp,Released,Processing Status
Understanding the progression of metastatic colorectal cancer,phs001722.v1.p1,Ian Fingerman,NCI DAC,,Ha Dang,Released,Processing Status
Pancreatic adenocarcinoma human organoids share structural and genetic features with primary tumors,phs001731.v1.p1,Ian Fingerman,NCI DAC,,Kevin Roggin,Completed by GPA,Processing Status
NCI Expanded Genome-Wide Association Study of Renal Cell Carcinoma,phs001736.v3,Geoffrey Tobias,NCI DAC,,Mark Purdue,Awaiting GPA's Approval,Processing Status
High-resolution clonal mapping of multi-organ metastasis in triple negative breast cancer,phs001742.v2.p1,Ian Fingerman,NCI DAC,,Helen Piwnica-Worms,Released,Processing Status
Contribution of systemic and somatic factors to clinical response and resistance in urothelial cancer: an exploratory multi-omic analysis,phs001743.v1.p1,Ian Fingerman,NCI DAC,,Dean Bajorin,Released,Processing Status
CIDR: Genome-Wide Association Study (GWAS) in Hepatocellular Carcinoma (HCC),phs001744.v1.p1,Emilie Charlisse Caga-Anan,NCI DAC,,Manal Hassan,Released,Processing Status
Molecular Genetics of Histiocytic Sarcomas,phs001748.v1.p1,Kathleen Calzone,NCI DAC,,Elaine Jaffe,Released,Processing Status
Whole exome sequencing (WES) and whole genome bisulfite sequencing (WGBS) of circulating tumor DNA in patients with castration resistant and neuroendocrine prostate cancer,phs001752.v2.p1,Freddie Pruitt,NCI DAC,,Himisha Beltran,Released,Processing Status
A Strategy to Search for Genes Predisposing to Papillary Carcinoma of the Thyroid When Mutated,phs001758.v1.p1,Ian Fingerman,NCI DAC,,Albert De La Chapelle,Released,Processing Status
Genomic Characteristics of Myeloproliferative Neoplasms in Patients Exposed to Ionizing Radiation following the Chernobyl Nuclear Accident,phs001761.v1.p1,Ian Fingerman,NCI DAC,,Steven Balk,Released,Processing Status
Comprehensive Genomic Characterization of Parathyroid Cancer Identifies Novel Candidate Drive Mutations and Core Pathways.,phs001765.v1.p1,Mariam Eljanne,NCI DAC,,Nancy Perrier,Released,Processing Status
A Genomic Approach to Improved Diagnosis and Treatment of Neuroendocrine Tumors,phs001772.v3.p2,Freddie Pruitt,NCI DAC,,James Howe,Released,Processing Status
NCI Laboratory of Translational Genomics (LTG) Human Pancreas QTL study,phs001776.v1.p1,Geoffrey Tobias,NCI DAC,,Laufey Amundadottir,Released,Processing Status
Proteogenomic Landscape of Squamous Cell Lung Cancer,phs001781.v1.p1,Freddie Pruitt,NCI DAC,,Eric Haura,Released,Processing Status
Exome Recapture and Sequencing of Prospectively-Characterized Clinical Specimens,phs001783.v10,Ian Fingerman,NCI DAC,,David Solit,Completed by GPA,Processing Status
Genomic and Imaging Study for Patients Undergoing Surgery for Liver Cancer,phs001784.v1.p1,Freddie Pruitt,NCI DAC,,Sandi Kwee,Released,Processing Status
SU2C Genomics-Enabled Medicine for Melanoma (GEMM) Trial,phs001786.v1.p1,Ian Fingerman,NCI DAC,,Jeffrey Trent,Released,Processing Status
Discovery of colorectal cancer susceptibility genes in high-risk families,phs001787.v1.p1,Emilie Charlisse Caga-Anan,NCI DAC,Yes,Sean Tavtigian,Released,Processing Status
Pharmacogenomic interactions in Glioblastoma cell line models,phs001793.v1.p1,Freddie Pruitt,NCI DAC,,Keith Ligon,Released,Processing Status
Altered microRNA expression profiles in large offspring syndrome and Beckwith-Wiedemann syndrome,phs001794.v2.p1,Freddie Pruitt,NCI DAC,,Jennifer Kalish,Completed by GPA,Processing Status
Genomic distinctions between metastatic lower and upper tract urothelial carcinoma revealed through rapid autopsy,phs001797.v2,Ian Fingerman,NCI DAC,,Andrew Hsieh,Completed by GPA,Processing Status
Genomic landscape of Neutrophilic Leukemias of Ambiguous Diagnosis,phs001799.v1.p1,Freddie Pruitt,NCI DAC,Yes,Jeffrey Tyner,Released,Processing Status
Genomics of pediatric renal medullary carcinomas,phs001800.v2.p1,Freddie Pruitt,NCI DAC,,Andrew Hong,Released,Processing Status
Cancers of Unknown Primary Project (CUPP),phs001801.v1.p1,Freddie Pruitt,NCI DAC,Yes,Liming Yang,Released,Processing Status
Endogenous CD4+ T cells recognize neoantigens in lung cancer patients including KRAS and ERBB2.,phs001805.v1.p1,Ian Fingerman,NCI DAC,,Stanley Riddell,Released,Processing Status
Molecular determinants of tumor behavior in early lung adenocarcinoma,phs001811.v1.p1,Freddie Pruitt,NCI DAC,,Pierre Massion,Released,Processing Status
Integrative tissue analysis of men with prostate cancer,phs001813.v4.p1,Kathleen Calzone,NCI DAC,,Adam Sowalsky,Released,Processing Status
Single-cell genomic analysis of gastrointestinal cancer,phs001818.v6,Freddie Pruitt,NCI DAC,,Hanlee Ji,Completed by GPA,Processing Status
Whole Genome Sequencing to Discover Familial Myeloma Risk Genes,phs001819.v2.p1,Emilie Charlisse Caga-Anan,NCI DAC,Yes,Steven Lipkin,Released,Processing Status
The Institute for Genomic Medicine at Nationwide Children's Hospital Pediatric Cancer and Blood Disorder Project,phs001820.v4.p1,Ian Fingerman,NCI DAC,,Peter White,Completed by GPA,Processing Status
Imaging Studies of Local Responses of Prostate Cancer to Radiation Therapy,phs001821.v1.p1,Kathleen Calzone,NCI DAC,,Deborah Citrin,Released,Processing Status
Genome and transcriptome analysis of lung cancer cell lines,phs001823.v2,Freddie Pruitt,NCI DAC,,John Minna,Completed by GPA,Processing Status
RNASeq of plasmacytoid dendritic cells in head and neck squamous cell cancer patients,phs001824.v1.p1,Ian Fingerman,NCI DAC,,Bin Zhang,Released,Processing Status
Parallel functional analysis of 5' UTR mutations in prostate cancer reveal dynamic regulation of clinically relevant gene networks,phs001825.v1.p1,Ian Fingerman,NCI DAC,,Andrew Hsieh,Released,Processing Status
Genome-wide cell-free DNA fragmentation in patients with cancer,phs001827.v1.p1,Freddie Pruitt,NCI DAC,,Victor Velculescu,Completed by GPA,Processing Status
Molecular characterization of response to rectal chemoradiation,phs001829.v1.p1,Freddie Pruitt,NCI DAC,,Eliezer Van Allen,Released,Processing Status
Tumor heterogeneity and acquired drug resistance in FGFR2 fusion-positive cholangiocarcinoma through rapid research autopsy,phs001830.v1.p1,Freddie Pruitt,NCI DAC,,Sameek Roychowdhury,Released,Processing Status
Elucidating transcription regulation by epigenetics in neuroblastoma,phs001831.v1.p1,Mariam Eljanne,NCI DAC,,Mark Applebaum,Released,Processing Status
Whole-exome sequencing and targeted DNA sequencing of matched ocular melanocytosis and uveal melanoma,phs001835.v1.p1,Freddie Pruitt,NCI DAC,,James Harbour,Released,Processing Status
Deep sequencing of 3 cancer cell lines on 2 sequencing platforms,phs001839.v1.p1,Ian Fingerman,NCI DAC,,Nicolas Robine,Released,Processing Status
Cross-species Single Cell Analysis of Pancreatic Ductal Adenocarcinoma Reveals Antigen-presenting Cancer-associated Fibroblasts,phs001840.v1.p1,Ian Fingerman,NCI DAC,,David Tuveson,Released,Processing Status
Understanding RNA Biology and Therapeutics in Hematopoiesis and Leukemia,phs001847.v1.p1,Ian Fingerman,NCI DAC,,Melissa Fullwood,Released,Processing Status
MGH Gastrointestinal Malignancies Resistance Initiative,phs001853.v2,Ian Fingerman,NCI DAC,,Ryan Corcoran,Completed by GPA,Processing Status
Single cell RNA-seq of BRAF-rearranged pilocytic astrocytomas,phs001854.v1.p1,Ian Fingerman,NCI DAC,,Rameen Beroukhim,Released,Processing Status
Transdisciplinary Studies of Genetic Variation in Colorectal Cancer (CORECT): Axiom Colorectal Cancer,phs001856.v2.p1,Emilie Charlisse Caga-Anan,NCI DAC,,Stephen Gruber,Completed by GPA,Processing Status
Genetics of Mammographic Density in Ashkenazi Jewish Women,phs001857.v1.p1,Emilie Charlisse Caga-Anan,NCI DAC,,Elad Ziv,Released,Processing Status
Anonymized germline variants of prospectively characterized clinical cancer specimens,phs001858.v1.p1,Emilie Charlisse Caga-Anan,NCI DAC,,Michael Berger,Released,Processing Status
Genomic Characterization CS-MATCH-0007 Arm Z1D,phs001859.v1.p1,Grace Mishkin,NCI DAC,Yes,Lyndsay Harris,Released,Processing Status
Cellular and genomic landscape of uveal melanoma at single cell resolution,phs001861.v1.p1,Freddie Pruitt,NCI DAC,,James Harbour,Released,Processing Status
CALGB 40603: Randomized Phase II 2 x 2 Factorial Trial of the Addition of Carboplatin +/- Bevacizumab to Neoadjuvant Weekly Paclitaxel Followed by Dose-Dense AC in Hormone Receptor-Poor/HER2-Negative Resectable Breast Cancer,phs001863.v2.p1,Grace Mishkin,NCI DAC,,William Sikov,Completed by GPA,Processing Status
Origins of BRAF-mutant hematologic malignancies and their therapeutic resistance,phs001864.v1.p1,Ian Fingerman,NCI DAC,,Omar Abdel-Wahab,Released,Processing Status
GEICAM 2009-03 (ConvertHER) Study,phs001866.v1.p1,Ian Fingerman,NCI DAC,,Charles Perou,Released,Processing Status
Genetic architecture of susceptibility to melanoma,phs001868.v2,Geoffrey Tobias,NCI DAC,,Maria Teresa Landi,Completed by GPA,Processing Status
Characterization of Genomic Profile of Breast Tumors In Hong Kong,phs001870.v2.p1,Geoffrey Tobias,NCI DAC,,Xiaohong Yang,Released,Processing Status
Determinants of venetoclax resistance,phs001875.v1.p1,Ian Fingerman,NCI DAC,,Catherine Wu,Released,Processing Status
Clonotypic heterogeneity in cutaneous T-cell lymphoma (mycosis fungoides) revealed by comprehensive whole exome sequencing,phs001877.v1.p1,Ian Fingerman,NCI DAC,,Robert Gniadecki,Released,Processing Status
OncoArray: Follow-up of Ovarian Cancer Genetic Association and Interaction Studies (FOCI),phs001882.v1.p1,Emilie Charlisse Caga-Anan,NCI DAC,,Thomas Sellers,Released,Processing Status
Whole Exome Sequencing of DNA from Pre-Chemotherapy Needle Biopsies of Triple Negative and Inflammatory Breast Cancers Enrolled on the S0800 Trial,phs001883.v1.p1,Grace Mishkin,NCI DAC,,Lajos Pusztai,Released,Processing Status
OncoArray: Endometrial Cancer Association Consortium,phs001885.v1.p1,Emilie Charlisse Caga-Anan,NCI DAC,,Thomas Sellers,Released,Processing Status
Genomic Characterization CS-MATCH-0007 Arm H,phs001888.v1.p1,Grace Mishkin,NCI DAC,Yes,Lyndsay Harris,Released,Processing Status
Single Molecule Molecular Inversion Probe Capture Developed Using the CIViC Database,phs001890.v1.p1,Emilie Charlisse Caga-Anan,NCI DAC,,Obi Griffith,Released,Processing Status
CTSP Kidney Renal Clear Cell Carcinoma E2805T6,phs001893.v1.p2,Freddie Pruitt,NCI DAC,,Liming Yang,Completed by GPA,Processing Status
Genome sequencing of lung cancer in European Americans and African Americans,phs001895.v2.p1,Kathleen Calzone,NCI DAC,,Brid Ryan,Released,Processing Status
OncoArray: Colorectal Cancer,phs001903.v1.p1,Emilie Charlisse Caga-Anan,NCI DAC,,Stephen Gruber,Released,Processing Status
Genomic Characterization CS-MATCH 0007 Arm Y,phs001904.v1.p1,Grace Mishkin,NCI DAC,Yes,Lyndsay Harris,Released,Processing Status
CIDR: Molecular Pathological Epidemiology of Colorectal Cancer,phs001905.v2.p2,Emilie Charlisse Caga-Anan,NCI DAC,,Ulrike Peters,Released,Processing Status
Epigenetic activation of the FGF4 and KIT oncogenes in gastrointestinal stromal tumors,phs001906.v1.p1,Ian Fingerman,NCI DAC,,Bradley Bernstein,Released,Processing Status
CPTAC: Microscaled Proteogenomic Methods for Precision Oncology,phs001907.v1.p1,Sean Hanlon,NCI DAC,,Matthew Ellis,Released,Processing Status
Enhancer signatures stratify and predict outcomes of non-functional pancreatic neuroendocrine tumors,phs001910.v1.p1,Freddie Pruitt,NCI DAC,,Bradley Bernstein,Released,Processing Status
Evolution of Whole Genomes in nonprogressing and progressing Barrett's Esophagus,phs001912.v1.p1,Claire Zhu,NCI DAC,,Brian Reid,Released,Processing Status
Clonally expanded T cells reveal immunogenicity of rhabdoid tumors,phs001915.v1.p1,Ian Fingerman,NCI DAC,,Joshua Waterfall,Completed by GPA,Processing Status
Prospective immune profiling using methylation markers and pancreatic cancer risk,phs001917.v1.p1,Emilie Charlisse Caga-Anan,NCI DAC,,Dominique Michaud,Released,Processing Status
Genomic and Transcriptomic Features of Response to Anti-PD-1 Therapy in Metastatic Melanoma,phs001919.v1.p1,Freddie Pruitt,NCI DAC,,Antoni Ribas,Released,Processing Status
Genomic Characterization of Brain Metastases,phs001920.v2,Freddie Pruitt,NCI DAC,,Priscilla Brastianos,Completed by GPA,Processing Status
DNA methylation and prostate cancer,phs001921.v1.p1,Ian Fingerman,NCI DAC,,Janet Stanford,Released,Processing Status
Case Study of Acquired Resistance to FGFR Inhibition in Cholangiocarcinoma using Targeted DNA and RNA Sequencing,phs001924.v1.p1,Freddie Pruitt,NCI DAC,,Sameek Roychowdhury,Released,Processing Status
Characterization of Clonal Evolution in Three MSI-H Cancers through Multi-regional Exome Sequencing,phs001925.v1.p1,Freddie Pruitt,NCI DAC,,Sameek Roychowdhury,Released,Processing Status
Genomic Characterization CS-MATCH-0007 Arm Q,phs001926.v1.p1,Grace Mishkin,NCI DAC,Yes,Lyndsay Harris,Released,Processing Status
A comprehensive genomic study of pediatric malignancy,phs001928.v2.p2,Kathleen Calzone,NCI DAC,,Javed Khan,Released,Processing Status
Count Me In: The Angiosarcoma Project,phs001931.v1.p1,Freddie Pruitt,NCI DAC,Yes,Diane Diehl,Released,Processing Status
Clinical and Laboratory Analysis of Familial Cancer,phs001935.v1.p1,Kathleen Calzone,NCI DAC,,Kathleen Calzone,Released,Processing Status
"Genome, Exome, and Transcriptome Sequencing of Gastric Cancer",phs001936.v1.p1,Ian Fingerman,NCI DAC,,Julie Hotopp,Released,Processing Status
Neoadjuvant Intense ADT for High Risk Prostate Cancer,phs001938.v3.p1,Kathleen Calzone,NCI DAC,,William Dahut,Released,Processing Status
Count Me In: The Metastatic Prostate Cancer Project,phs001939.v3.p1,Freddie Pruitt,NCI DAC,Yes,Diane Diehl,Released,Processing Status
Multimodal Genomic Features Predict Outcome of Immune Checkpoint Blockade in Non-small Cell Lung Cancer,phs001940.v2.p1,Freddie Pruitt,NCI DAC,,Valsamo Anagnostou,Released,Processing Status
Molecular Genetics of Secondary Histiocytic/Dendritic Sarcoma,phs001942.v1.p1,Kathleen Calzone,NCI DAC,,Elaine Jaffe,Released,Processing Status
Hereditary Cancer Predisposition Syndromes and Uveal Melanoma,phs001943.v1.p1,Ian Fingerman,NCI DAC,,Mohamed Abdel-Rahman,Released,Processing Status
Whole Transcriptome Sequencing of Resectable Stage III/IV Melanoma Evaluated After Starting Hu14.18-IL2 Predicts Outcome,phs001947.v1.p1,Kathleen Calzone,NCI DAC,,Javed Khan,Released,Processing Status
Genomic Characterization CS-MATCH-0007 Arm W,phs001948.v1.p1,Grace Mishkin,NCI DAC,Yes,Lyndsay Harris,Released,Processing Status
Relapsed Acute Lymphoblastic Leukemia (ALL): Mutational Landscape,phs001951.v2.p1,Ian Fingerman,NCI DAC,,Adolfo Ferrando,Released,Processing Status
Early Onset Malignancies Initiative,phs001952.v2.p1,Freddie Pruitt,NCI DAC,Yes,Worta McCaskill-Stevens,Released,Processing Status
Genomic Profiling of Metastatic Uveal Melanoma from a Phase I study of AEB071,phs001953.v1.p1,Ian Fingerman,NCI DAC,,Sophie Piperno-Neumann,Released,Processing Status
International Cancer Proteogenome Consortium (ICPC): Proteogenomics of Early Stage Lung Adenocarcinoma in Taiwan,phs001954.v2.p1,Sean Hanlon,NCI DAC,,Hsuan-Yu Chen,Released,Processing Status
Genomic Profiling of Peripheral T-cell Lymphoma,phs001962.v2.p1,Ian Fingerman,NCI DAC,,Teresa Palomero,Completed by GPA,Processing Status
Women's Health Study Accelerometer Data,phs001964.v1.p1,Emilie Charlisse Caga-Anan,NCI DAC,,I-Min Lee,Released,Processing Status
MP2PRT: Identification of genetic changes associated with relapse and/or adaptive resistance in patients registered as Favorable Histology Wilms Tumor on AREN03B2,phs001965.v1.p1,Grace Mishkin,NCI DAC,Yes,Elizabeth Perlman,Released,Processing Status
Molecular Biomarkers in Glioma (Mechanisms and therapeutic implications of hypermutation in gliomas),phs001967.v1.p1,Freddie Pruitt,NCI DAC,,Keith Ligon,Released,Processing Status
Cellular Origins and Genetic Landscape of Cutaneous Gamma Delta T Cell Lymphoma,phs001969.v1.p1,Mariam Eljanne,NCI DAC,,Jaehyuk Choi,Released,Processing Status
DNA methylation of rhabdomyosarcoma,phs001970.v1.p1,Kathleen Calzone,NCI DAC,,Frederic Barr,Released,Processing Status
Two hit gene mapping in renal cell carcinoma,phs001971.v1.p1,Emilie Charlisse Caga-Anan,NCI DAC,,James McKay,Released,Processing Status
Genomic Characterization CS-MATCH-0007 Arm Z1A,phs001973.v1.p1,Grace Mishkin,NCI DAC,Yes,Lyndsay Harris,Released,Processing Status
Large cancer fingerprint screening for detection of MRD,phs001977.v1.p1,Ian Fingerman,NCI DAC,,Viktor Adalsteinsson,Released,Processing Status
Genomic landscape of human skin at a single-cell resolution,phs001979.v1.p1,Mariam Eljanne,NCI DAC,,Alan Shain,Released,Processing Status
University of Texas PDX Development and Trial Center Grant,phs001980.v2.p1,Grace Mishkin,NCI DAC,Yes,Jack Roth,Released,Processing Status
Copy Number Alteration Profiling of Myxofibrosarcoma and Undifferentiated Pleomorphic Sarcoma,phs001982.v1.p1,Freddie Pruitt,NCI DAC,,Samuel Singer,Released,Processing Status
A single-cell and single-nucleus RNA-Seq toolbox for fresh and frozen human tumors,phs001983.v1.p1,Freddie Pruitt,NCI DAC,Yes,Aviv Regev,Released,Processing Status
Molecular characterization of bulk and single cell prostate cancer,phs001988.v2.p1,Freddie Pruitt,NCI DAC,,Eliezer Van Allen,Released,Processing Status
"Low mutation burden and frequent loss of CDKN2A/B and SMARCA2, but not PRC2, define pre-malignant neurofibromatosis type 1-associated atypical neurofibromas",phs001993.v1.p1,Kathleen Calzone,NCI DAC,,Douglas Stewart,Released,Processing Status
Effects of tobacco smoking on the tumor immune microenvironment in head and neck squamous cell carcinoma,phs001994.v1.p1,Ian Fingerman,NCI DAC,,Christine Chung,Released,Processing Status
CLL relapse after allo-HSCT,phs001998.v2.p1,Ian Fingerman,NCI DAC,,Catherine Wu,Released,Processing Status
Advanced Genetic and Molecular Analysis of Solid Tumors,phs001999.v1.p1,Ian Fingerman,NCI DAC,,Yuliya Pylayeva-Gupta,Released,Processing Status
The genomic landscape of Mongolian hepatocellular carcinoma,phs002000.v1.p1,Kathleen Calzone,NCI DAC,,Xin Wang,Released,Processing Status
Acquired Resistance Mechanisms to Osimertinib in EGFR Mutant Lung Cancer,phs002001.v1.p1,Kathleen Calzone,NCI DAC,,Udayan Guha,Released,Processing Status
Intratumoral NK Cell and ILC Landscape,phs002002.v1.p1,Claire Zhu,NCI DAC,,John Sunwoo,Released,Processing Status
MP2PRT: Comprehensive Genomic Profiling to Identity Alterations Associated with Relapse for NCI Stand Risk B-lineage ALL for NCI High Risk (HR) B-lineage ALL with Favorable Genetic Features,phs002005.v1.p1,Grace Mishkin,NCI DAC,Yes,Mignon Loh,Released,Processing Status
Genomic landscape of pediatric germ cell tumors,phs002009.v1.p1,Ian Fingerman,NCI DAC,,James Amatruda,Released,Processing Status
PLCO - Limited Use Pilot Test Data,phs002011.v1.p1,Freddie Pruitt,NCI DAC,Yes,Paul Pinsky,Released,Processing Status
SEER Remote Access Pilot Test Data (2018),phs002012.v1.p1,Freddie Pruitt,NCI DAC,Yes,Lynne Penberthy,Released,Processing Status
Whole exome and transcriptome analysis of UV-exposed epidermis and carcinoma in situ,phs002019.v1.p1,Ian Fingerman,NCI DAC,,John Seykora,Released,Processing Status
Chemotherapy and Unrelated Donor Stem Cell Transplantation for Patients With Cancers of the Blood and Immune System,phs002021.v1.p1,Kathleen Calzone,NCI DAC,,Steven Pavletic,Released,Processing Status
Genomic Analysis of Primary Plasma Cell Leukemia reveals complex Structural Alterations and High Risk Mutational Patterns,phs002022.v1.p1,Ian Fingerman,NCI DAC,,Carolina Schinke,Released,Processing Status
Medium-throughput drug screening of patient-derived organoids from colorectal peritoneal metastases can be used to guide therapy,phs002023.v1.p1,Ian Fingerman,NCI DAC,,Susan Woods,Released,Processing Status
Diet and probiotics impact the microbiome and melanoma immunotherapy response,phs002026.v1.p1,Ian Fingerman,NCI DAC,,Jennifer Wargo,Completed by GPA,Processing Status
Genomic Characterization CS-MATCH-0007 Arm B,phs002028.v1.p1,Grace Mishkin,NCI DAC,Yes,Lyndsay Harris,Released,Processing Status
Genomic Characterization CS-MATCH-0007 Arm R,phs002029.v1.p1,Grace Mishkin,NCI DAC,Yes,Lyndsay Harris,Released,Processing Status
Genomic evolution of low and high grade glioma,phs002034.v1.p1,Freddie Pruitt,NCI DAC,,Joseph Costello,Released,Processing Status
Methylomic biomarkers for magnesium deficiency and colon neoplasia prevention,phs002037.v1.p1,Natalie Abrams,NCI DAC,,Qi Dai,Released,Processing Status
Intraductal transplantation models of human pancreatic ductal adenocarcinoma reveal progressive transition of molecular subtypes,phs002045.v1.p1,Ian Fingerman,NCI DAC,,David Tuveson,Released,Processing Status
Genomic Profiling of Hematologic Disorders,phs002049.v1.p1,Ian Fingerman,NCI DAC,,Ross Levine,Released,Processing Status
Molecular Pathological Epidemiology of Colorectal Cancer,phs002050.v2.p1,Emilie Charlisse Caga-Anan,NCI DAC,Yes,Ulrike Peters,Released,Processing Status
DNA methylation in rhabdomyosarcoma PDX and PDX-derived primary cells,phs002051.v1.p1,Kathleen Calzone,NCI DAC,,Frederic Barr,Released,Processing Status
Neoadjuvant Pazopanib and Molecular Analysis of Tissue Response in Renal Cell Carcinoma,phs002053.v1.p1,Mariam Eljanne,NCI DAC,,Wendy Rathmell,Released,Processing Status
CIDR: Impact of Genetic Variants on Failure of Active Surveillance for Prostate Cancer,phs002056.v1.p1,Freddie Pruitt,NCI DAC,,William Catalona,Released,Processing Status
Genomic Characterization CS-MATCH-0007 Arm Z1I,phs002058.v1.p1,Grace Mishkin,NCI DAC,Yes,Lyndsay Harris,Released,Processing Status
Pharmacogenomic Analysis of Microtubule Targeting Agent Response and Toxicity,phs002060.v1.p1,Emilie Charlisse Caga-Anan,NCI DAC,,Deanna Kroetz,Released,Processing Status
Markers of genomic damage in HIV-uninfected children exposed to zidovudine in utero,phs002061.v1.p1,Geoffrey Tobias,NCI DAC,,Eric Engels,Released,Processing Status
Polygenic risk score for the prediction of breast cancer and terminal duct lobular unit involution of the breast,phs002062.v1.p1,Geoffrey Tobias,NCI DAC,,Gretchen Gierach,Released,Processing Status
Identification of novel viruses in anaplastic large cell lymphoma,phs002064.v1.p1,Geoffrey Tobias,NCI DAC,,Eric Engels,Released,Processing Status
Integrative molecular characterization of genitourinary cancers,phs002065.v3,Freddie Pruitt,NCI DAC,,Eliezer Van Allen,Completed by GPA,Processing Status
Mechanisms of extreme genomic instability at large transcribed genes,phs002066.v2.p1,Ian Fingerman,NCI DAC,,Thomas Wilson,Released,Processing Status
Comprehensive Sequencing of High Grade Neuroendocrine Neoplasms,phs002070.v1.p1,Ian Fingerman,NCI DAC,,Pamela Kunz,Released,Processing Status
Multimodal Mapping of the Immune Landscape in Human Pancreatic Cancer,phs002071.v1.p1,Ian Fingerman,NCI DAC,,Marina Pasca Di Magliano,Released,Processing Status
Role of tobacco smoke in clear cell renal cell carcinoma,phs002083.v1.p1,Ian Fingerman,NCI DAC,,Maria Czyzyk-Krzeska,Released,Processing Status
Dynamics of genomic and immune responses during primary immunotherapy resistance in mismatch repair deficient tumors,phs002089.v1.p1,Kathleen Calzone,NCI DAC,,Anish Thomas,Released,Processing Status
Refractory Cancer (RC) Program,phs002097.v2,Freddie Pruitt,NCI DAC,Yes,Liming Yang,Completed by GPA,Processing Status
Refractory Cancers (RC) HOPE-CARE,phs002098.v2,Freddie Pruitt,NCI DAC,,Liming Yang,Completed by GPA,Processing Status
CTSP Breast (PACT1T1),phs002100.v1.p2,Freddie Pruitt,NCI DAC,,Liming Yang,Completed by GPA,Processing Status
CTSP Breast (E5103),phs002101.v1.p2,Freddie Pruitt,NCI DAC,,Liming Yang,Completed by GPA,Processing Status
Analyzing cancer stem cells isolated from central nervous system tumors - Martuza Protocol #2005P001609,phs002117.v1.p1,Ian Fingerman,NCI DAC,,Bradley Bernstein,Completed by GPA,Processing Status
Dynamics of Tumor and Immune Responses During Immune Checkpoint Blockade in Non-Small Cell Lung Cancer,phs002131.v1.p1,Freddie Pruitt,NCI DAC,,Valsamo Anagnostou,Completed by GPA,Processing Status
Early noninvasive detection of response to targeted therapy in non-small cell lung cancer,phs002142.v1.p1,Freddie Pruitt,NCI DAC,,Victor Velculescu,Completed by GPA,Processing Status
Discovering New Targets for Chemoprevention in Familial Adenomatous Polyposis,phs002148.v1.p1,Claire Zhu,NCI DAC,,Eduardo Vilar-Sanchez,Completed by GPA,Processing Status
Integrated genomic profiling expands clinical options for cancer patients,phs002149.v1.p1,Ian Fingerman,NCI DAC,,Kevin White,Completed by GPA,Processing Status
Sequencing of sarcomatoid renal cell cancer,phs002150.v1.p1,Ian Fingerman,NCI DAC,,Kanishka Sircar,Completed by GPA,Processing Status
Genomic Characterization CS-MATCH-0007 Arm N,phs002151.v1.p1,Grace Mishkin,NCI DAC,Yes,Lyndsay Harris,Released,Processing Status
Genomic Characterization CS-MATCH-0007 Arm P,phs002152.v1.p1,Grace Mishkin,NCI DAC,Yes,Lyndsay Harris,Released,Processing Status
Genomic Characterization CS-MATCH-0007 Arm S1,phs002153.v1.p1,Grace Mishkin,NCI DAC,Yes,Lyndsay Harris,Released,Processing Status
The Oral Microbiome for the Detection of Barrett's Esophagus,phs002154.v1.p1,Natalie Abrams,NCI DAC,,Julian Abrams,Completed by GPA,Processing Status
Translating Gene-Calcium Interactions to Precision Medicine for Colorectal Cancer,phs002164.v1.p1,Claire Zhu,NCI DAC,,Todd Edwards,Released,Processing Status
Serrated Colorectal Cancer: An Emerging Disease Subtype,phs002171.v1.p1,Emilie Charlisse Caga-Anan,NCI DAC,,Polly Newcomb,Released,Processing Status
Genomic Predictors of Response to PD-1/PD-L1 Blockade in Small Cell Lung Cancer,phs002176.v2.p1,Kathleen Calzone,NCI DAC,,Anish Thomas,Released,Processing Status
Genomic Characterization CS-MATCH-0007 Arm C1,phs002177.v1.p1,Grace Mishkin,NCI DAC,Yes,Lyndsay Harris,Released,Processing Status
Genomic Characterization CS-MATCH-0007 Arm S2,phs002178.v1.p1,Grace Mishkin,NCI DAC,Yes,Lyndsay Harris,Released,Processing Status
Genomic Characterization CS-MATCH-0007 Arm U,phs002179.v1.p1,Grace Mishkin,NCI DAC,Yes,Lyndsay Harris,Released,Processing Status
Genomic Characterization CS-MATCH-0007 Arm Z1B,phs002180.v1.p1,Grace Mishkin,NCI DAC,Yes,Lyndsay Harris,Released,Processing Status
Genomic Characterization CS-MATCH-0007 Arm I,phs002181.v1.p1,Grace Mishkin,NCI DAC,Yes,Lyndsay Harris,Released,Processing Status
CIDR: Multiethnic GWAS of Cancer and related traits in the Multiethnic Cohort (MEC),phs002183.v2.p1,Emilie Charlisse Caga-Anan,NCI DAC,,Loic Le Marchand,Released,Processing Status
CIDR: Genetics of Graft-vs-Host Disease,phs002185.v2.p1,Emilie Charlisse Caga-Anan,NCI DAC,,Vahid Afshar-Kharghan,Released,Processing Status
Single Cell Genomic Analysis of Lymphoma,phs002188.v3.p1,Freddie Pruitt,NCI DAC,,Ronald Levy,Completed by GPA,Processing Status
Merkel cell carcinoma Tissue and Data Repository,phs002189.v2,Ian Fingerman,NCI DAC,,James Decaprio,Completed by GPA,Processing Status
Cancer Moonshot Biobank,phs002192.v5.p2,Freddie Pruitt,NCI DAC,Yes,Lyndsay Harris,Released,Processing Status
Tissue Procurement and Natural History Study of Patients with Malignant Mesothelioma and Other Mesothelin Expressing Cancers,phs002207.v2.p1,Kathleen Calzone,NCI DAC,,Raffit Hassan,Released,Processing Status
NCI MYCN amplified spinal cord ependymomas study,phs002209.v1.p1,Kathleen Calzone,NCI DAC,,Mark Gilbert,Completed by GPA,Processing Status
Comprehensive analysis of structural variants in breast cancer genomes using single molecule sequencing,phs002210.v1.p1,Brandon Wright,NCI DAC,,William McCombie,Released,Processing Status
National Cancer Institute Familial Burkitt Lymphoma in Shirati (FBiS),phs002223.v1.p1,Geoffrey Tobias,NCI DAC,,Sam Mbulaiteye,Completed by GPA,Processing Status
HTAN_MCL_PCAPP_Breast_CA,phs002225.v3.p1,Natalie Abrams,NCI DAC,,Christopher Amos,Released,Processing Status
Germ cell tumor molecular heterogeneity revealed through analysis of primary and metastasis pairs,phs002229.v1.p1,Sean Hanlon,NCI DAC,,Darren Feldman,Released,Processing Status
Germ cell tumor and associated hematologic malignancies,phs002231.v1.p1,Anil Wali,NCI DAC,,Omar Abdel-Wahab,Released,Processing Status
Genomic profiling of relapsed and refractory childhood cancers,phs002238.v1.p1,Ian Fingerman,NCI DAC,,Giselle Sholler,Released,Processing Status
Noncoding RNA Biomarkers for Noninvasive and Early Detection of Pancreatic Cancer,phs002239.v1.p1,Natalie Abrams,NCI DAC,,Ajay Goel,Awaiting GPA's Approval,Processing Status
A model for predicting response to PD-1 inhibitors in NSCLC,phs002244.v1.p1,Brandon Wright,NCI DAC,,Edward Garon,Released,Processing Status
Genetic analysis of Latin American Breast Cancer,phs002246.v1.p1,Geoffrey Tobias,NCI DAC,,Michael Dean,Completed by GPA,Processing Status
Refractory Cancer - Peripheral T-Cell Lymphoma (RC-PTCL),phs002247.v2,Freddie Pruitt,NCI DAC,,Liming Yang,Completed by GPA,Processing Status
WES of HapMap cell lines and admixtures for assay validation,phs002248.v1.p1,Freddie Pruitt,NCI DAC,,Paul Williams,Completed by GPA,Processing Status
"CIDR: Discovery, Biology, and Risk of Inherited Variants in Glioma",phs002250.v2,Emilie Charlisse Caga-Anan,NCI DAC,Yes,Melissa Bondy,Completed by GPA,Processing Status
Cellular and molecular characterization of renal cell carcinoma,phs002252.v2.p1,Freddie Pruitt,NCI DAC,,Catherine Wu,Released,Processing Status
CCG Multicentric Italian Lung Detection,phs002253.v1.p1,Freddie Pruitt,NCI DAC,Yes,Liming Yang,Released,Processing Status
Characterization of immune evasion in Merkel cell carcinoma,phs002260.v2.p1,Ian Fingerman,NCI DAC,,Catherine Wu,Released,Processing Status
Characterization of high-grade serous ovarian cancer subtypes via single-cell profiling,phs002262.v4,Ian Fingerman,NCI DAC,,Casey Greene,Completed by GPA,Processing Status
A New Pipeline to Predict and Confirm Tumor Neoantigens Predicts Better Response to Checkpoint Blockade,phs002269.v1.p1,Ian Fingerman,NCI DAC,,Nicholas Durham,Released,Processing Status
Analysis of recurrently protected genomic regions in urine cell-free DNA,phs002273.v1.p1,Freddie Pruitt,NCI DAC,,Muhammed Murtaza,Released,Processing Status
Selenium Chemoprevention: Benefits and Harms,phs002283.v2.p1,Claire Zhu,NCI DAC,,Elizabeth Jacobs,Released,Processing Status
A Phase I/II Trial of T Cell Receptor Gene Therapy Targeting HPV-16 E7 for HPV-Associated Cancers,phs002286.v1.p1,Kathleen Calzone,NCI DAC,,Christian Hinrichs,Released,Processing Status
Evolution of resistance in ER+ Breast Cancer,phs002287.v1.p1,Ian Fingerman,NCI DAC,,Andrea Bild,Released,Processing Status
Analysis of epigenomes and genome topology in colorectal cancer,phs002288.v1.p1,Ian Fingerman,NCI DAC,,Bradley Bernstein,Released,Processing Status
Yale SPORE in Skin Cancer Project 2,phs002289.v3,Freddie Pruitt,NCI DAC,,Marcus Bosenberg,Completed by GPA,Processing Status
Tumor fraction guided cell-free DNA profiling in metastatic cancer patients,phs002290.v1.p1,Freddie Pruitt,NCI DAC,,David Solit,Released,Processing Status
"MP2PRT: Genomic and molecular characterization of biomarkers associated with tumor angiogenesis, DNA repair, and immunologic tolerance using samples from the NRG Oncology Phase 3 Randomized Trial, GOG-0240 (NCT00803062)",phs002293.v1.p1,Grace Mishkin,NCI DAC,Yes,Krishnansu Tewari,Released,Processing Status
Chemoresistance in high grade serous ovarian cancer,phs002294.v1.p1,Ian Fingerman,NCI DAC,,Andrea Bild,Released,Processing Status
Cross-site concordance evaluation of tumor DNA and RNA sequencing platforms of CIMAC-CIDC network,phs002295.v1.p1,Freddie Pruitt,NCI DAC,,Catherine Wu,Released,Processing Status
Whole genome sequencing of skull-based chordoma,phs002301.v1.p1,Geoffrey Tobias,NCI DAC,,Xiaohong Yang,Released,Processing Status
PEDS-PLAN – Pediatric Precision Laboratory Advanced Neuroblastoma Therapy,phs002303.v2.p1,Ian Fingerman,NCI DAC,,Giselle Sholler,Released,Processing Status
Germline and Somatic Genetic Landscape of Pediatric Rhabdomyosarcoma,phs002304.v1.p1,Ian Fingerman,NCI DAC,,Philip Lupo,Released,Processing Status
Washington University PDX Development and Trial Center,phs002305.v1.p1,Grace Mishkin,NCI DAC,Yes,Li Ding,Released,Processing Status
Identification and characterization of skin-resident memory T cells in patients with melanoma-associated vitiligo,phs002309.v2.p1,Ian Fingerman,NCI DAC,,Mary Jo Turk,Released,Processing Status
GATA2 Deficiency,phs002311.v1.p1,Kathleen Calzone,NCI DAC,,Dennis Hickstein,Released,Processing Status
Copy-number analysis of understudied black women ovarian cancers,phs002313.v1.p1,Freddie Pruitt,NCI DAC,,Joe Delaney,Released,Processing Status
Genetic underpinnings of ethnic disparities in bone toxicities between Hispanic and non-Hispanic children treated for acute lymphoblastic leukemia,phs002317.v2.p1,Emilie Charlisse Caga-Anan,NCI DAC,,Song Yao,Released,Processing Status
New England Bladder Cancer Study (NEBCS),phs002318.v1.p1,Geoffrey Tobias,NCI DAC,,Stella Koutros,Completed by GPA,Processing Status
Single cell DNA sequencing reveals complex mechanisms of resistance to quizartinib,phs002320.v1.p1,Ian Fingerman,NCI DAC,,Catherine Smith,Completed by GPA,Processing Status
Characterizing Advanced Breast Cancer Heterogeneity and Treatment Resistance through Serial Biopsies and Comprehensive Analytics,phs002321.v1.p1,Freddie Pruitt,NCI DAC,,Zahi Mitri,Released,Processing Status
Defining and overcoming intrinsic T cell dysfunction to enable pediatric immunotherapy,phs002323.v2.p1,Ian Fingerman,NCI DAC,,David Barrett,Released,Processing Status
Identification of genetic risk factors for familial urinary bladder cancer (UBC): exome sequencing of three multiplex pedigrees and a group of unrelated familial UBC patients,phs002326.v1.p1,Geoffrey Tobias,NCI DAC,,Douglas Stewart,Completed by GPA,Processing Status
Therapeutic targeting of ATR yields durable regressions in high replication stress tumors,phs002327.v1.p1,Kathleen Calzone,NCI DAC,,Anish Thomas,Released,Processing Status
Genetic determinants of EGFR-Driven Lung Cancer Growth and Therapeutic Response In Vivo,phs002334.v1.p1,Freddie Pruitt,NCI DAC,,Katerina Politi,Released,Processing Status
Dana-Farber Cancer Institute (DFCI) Wu Lab/Avicenne CLL RNA-seq Study,phs002335.v1.p1,Freddie Pruitt,NCI DAC,,Catherine Wu,Released,Processing Status
A multi-omic single-cell atlas of human gynecologic malignancies,phs002340.v1.p1,Freddie Pruitt,NCI DAC,,Hector Franco,Released,Processing Status
Optimized polyepitope neoantigen DNA vaccines elicit neoantigen-specific immune responses in preclinical models and in clinical translation,phs002342.v1.p1,Freddie Pruitt,NCI DAC,,William Gillanders,Released,Processing Status
Structure of the Mucosal and Stool Microbiome in Lynch Syndrome,phs002343.v1.p1,Ian Fingerman,NCI DAC,,Curtis Huttenhower,Released,Processing Status
Study of tumor recurrence related to the expression of the PAX3-FOXO1 oncogenic transcription factor in fusion-positive rhabdomyosarcoma,phs002344.v1.p1,Kathleen Calzone,NCI DAC,,Frederic Barr,Released,Processing Status
Breast Cancer genetic study in African ancestry populations,phs002345.v1.p1,Emilie Charlisse Caga-Anan,NCI DAC,Yes,Wei Zheng,Awaiting GPA's Approval,Processing Status
Characterization of immune-related gene expression in lung cancer,phs002346.v1.p1,Geoffrey Tobias,NCI DAC,,Maria Teresa Landi,Released,Processing Status
PDAC prognosis biomarker in genomic and transcriptomic molecular data,phs002347.v1.p1,Ian Fingerman,NCI DAC,,Taesung Park,Released,Processing Status
Impact of FFPE processing parameters on RNA in situ hybridization,phs002350.v1,Grace Mishkin,NCI DAC,,Emily Park,Completed by GPA,Processing Status
Preanalytical Impacts on Protein Detection by HumanMap assay,phs002351.v1,Grace Mishkin,NCI DAC,,Troy Tremaine,Completed by GPA,Processing Status
Preanalytical impacts on protein stability by IHC evaluation,phs002352.v1,Grace Mishkin,NCI DAC,,Scott Jewell,Completed by GPA,Processing Status
FFPE DEMOD,phs002353.v1,Grace Mishkin,NCI DAC,,Susan Hester,Completed by GPA,Processing Status
Lineage plasticity and immune cell heterogeneity are coordinately dysregulated through changes in FOXA1 expression in bladder cancers with squamous differentiation,phs002357.v1.p1,Freddie Pruitt,NCI DAC,,Hikmat Al-Ahmadie,Released,Processing Status
Genomic Architecture of LGL leukemia,phs002359.v1.p1,Ian Fingerman,NCI DAC,,Thomas Loughran,Completed by GPA,Processing Status
Derivation and investigation of the first human cell-based model of Beckwith-Wiedemann syndrome,phs002365.v1.p1,Mariam Eljanne,NCI DAC,,Jennifer Kalish,Released,Processing Status
Lung Cancer Genetic Study among Asian Never Smokers,phs002366.v2.p2,Emilie Charlisse Caga-Anan,NCI DAC,Yes,Qiuyin Cai,Released,Processing Status
Human Tumor Atlas Network (HTAN),phs002371.v10,Sean Hanlon,NCI DAC,Yes,Ethan Cerami,Completed by GPA,Processing Status
Novel Approach to High-Throughput Identification and characterization of Neoantigens,phs002372.v1.p1,Freddie Pruitt,NCI DAC,,Magali Soumillon,Released,Processing Status
A Phase I/IB Study of Ipilimumab or Nivolumab in Patients With Relapsed Hematologic Malignancies After Allogeneic Hematopoietic Cell Transplantation,phs002377.v1.p1,Grace Mishkin,NCI DAC,,Catherine Wu,Released,Processing Status
Characterizing TP53 and PPM1D mutations as resistance drivers to radiation therapy in Diffuse Intrinsic Pontine Gliomas,phs002380.v1.p1,Freddie Pruitt,NCI DAC,,Rameen Beroukhim,Released,Processing Status
Ghana Breast Health Study,phs002387.v2.p1,Geoffrey Tobias,NCI DAC,,Jonine Figueroa,Released,Processing Status
Genomic and transcriptomic markers associated with response to immune checkpoint blockade,phs002388.v1.p1,Ian Fingerman,NCI DAC,,Richard Chen,Released,Processing Status
Chromatin accessibility landscape of human pancreatic ductal adenocarcinoma (PDAC),phs002394.v1.p1,Freddie Pruitt,NCI DAC,,Steven Leach,Released,Processing Status
Integrated Metabolic Profiling and Gene Expression Analysis Reveals Therapeutic Modalities in Breast Cancer,phs002396.v1.p1,Freddie Pruitt,NCI DAC,,Charles Perou,Released,Processing Status
Genomics of Prostate Cancer,phs002398.v1.p1,Ian Fingerman,NCI DAC,,David Einstein,Released,Processing Status
Count Me In - Esophageal and Stomach Cancer Project,phs002404.v1.p1,Freddie Pruitt,NCI DAC,Yes,Nikhil Wagle,Completed by GPA,Processing Status
A single cell atlas of MMRd and MMRp colorectal cancer,phs002407.v1.p1,Ian Fingerman,NCI DAC,,Nir Hacohen,Released,Processing Status
The Role of CTCF in the Organization of the Centromeric 11p15 Imprinted Domain Interactome,phs002408.v2.p1,Mariam Eljanne,NCI DAC,,Jennifer Kalish,Completed by GPA,Processing Status
Characterization of CNS Metastases,phs002416.v3.p1,Freddie Pruitt,NCI DAC,,Priscilla Brastianos,Completed by GPA,Processing Status
LKB1/STK11 is a tumor suppressor in the leukemic transformation of myeloproliferative neoplasms,phs002418.v1.p1,Freddie Pruitt,NCI DAC,,Raajit Rampal,Completed by GPA,Processing Status
Integrative molecular characterization of breast cancer,phs002419.v2.p1,Freddie Pruitt,NCI DAC,,Eliezer Van Allen,Released,Processing Status
Whole exome sequencing study of melanoma-prone families in Mediterranean populations,phs002420.v1.p1,Geoffrey Tobias,NCI DAC,,Maria Teresa Landi,Completed by GPA,Processing Status
ALT Neuroblastoma Chemoresistance due to ATM Activation by Telomere Dysfunction is Reversible with the ATM Inhibitor AZD0156,phs002421.v1.p1,Ian Fingerman,NCI DAC,,Patrick Reynolds,Released,Processing Status
Cellular Maturity Shifts and Highly Recurrent Gene Expression Changes Underlying Relapse in Adult Acute Myelogenous Leukemia,phs002426.v1.p1,Freddie Pruitt,NCI DAC,,Sami Malek,Released,Processing Status
Discovery and verification of methylated circulating tumor DNA markers for the detection of colorectal cancer in subjects under 50 years of age,phs002427.v1.p1,Natalie Abrams,NCI DAC,,Megan Hitchins,Completed by GPA,Processing Status
UNC Tumor Donation Program Set 2021,phs002429.v1.p1,Freddie Pruitt,NCI DAC,,Charles Perou,Released,Processing Status
Childhood Cancer Data Initiative (CCDI): Integration of genomic and clinical data from unique rare solid tumor datasets to facilitate data sharing (Funded to UCSF),phs002430.v2,Freddie Pruitt,NCI DAC,Yes,Alejandro Sweet-Cordero,Completed by GPA,Processing Status
"Childhood Cancer Data Initiative (CCDI): Enhancement of Data Sharing in Pediatric, Adolescent and Young Adult Cancers (Funded to UMICH)",phs002431.v1.p1,Joseph Flores-Toro,NCI DAC,Yes,Rajen Mody,Released,Processing Status
Wistar PDX Development and Trial Center SPORE in Skin Cancer,phs002432.v1.p1,Grace Mishkin,NCI DAC,Yes,Meenhard Herlyn,Released,Processing Status
Mentored Patient Oriented Research in Lymphoma,phs002434.v1.p1,Mariam Eljanne,NCI DAC,,Christopher Flowers,Released,Processing Status
Development and validation of Patient-Derived Xenografts from Fibrolamellar Carcinoma human tissue,phs002435.v1.p1,Freddie Pruitt,NCI DAC,,Sanford Simon,Released,Processing Status
Transcriptome and Epigenome of TIL infusion for cancer immunotherapy,phs002436.v1.p1,Kathleen Calzone,NCI DAC,,Steven Rosenberg,Released,Processing Status
Metformin Hydrochloride in Preventing Oral Cancer in Patients With an Oral Premalignant Lesion,phs002437.v1.p1,Natalie Abrams,NCI DAC,,Scott Lippman,Released,Processing Status
Development and validation of Organoids from Fibrolamellar Carcinoma human cells,phs002439.v1.p1,Freddie Pruitt,NCI DAC,,Sanford Simon,Released,Processing Status
High-Throughput and High-Dimensional Single Cell Analysis of Antigen-Specific CD8+ T cells,phs002441.v1.p1,Freddie Pruitt,NCI DAC,,Ning Jiang,Released,Processing Status
Molecular signatures of DCIS to invasive progression for basal-like breast cancers: An integrated mouse model and human tumor study,phs002443.v1.p1,Freddie Pruitt,NCI DAC,,Charles Perou,Released,Processing Status
Germline Genetic Variants in Cancer-Susceptibility Genes in Patients With Osteosarcoma,phs002444.v1.p1,Geoffrey Tobias,NCI DAC,,Lisa Mirabello,Released,Processing Status
A Prospective Study of the Oral Microbiome and Pancreatic Cancer,phs002454.v1.p1,Emilie Charlisse Caga-Anan,NCI DAC,,Julie Palmer,Released,Processing Status
Comprehensive Analysis of the Immunogenomics of Triple Negative Breast Cancer Brain Metastases from LCCC1419,phs002457.v1.p1,Sean Hanlon,NCI DAC,,Benjamin Vincent,Released,Processing Status
Evolution of Chronic Lymphocytic Leukemia to Richter's Syndrome (RS),phs002458.v2.p1,Ian Fingerman,NCI DAC,,Catherine Wu,Released,Processing Status
Health Professional Follow-Up Study,phs002460.v2,Emilie Charlisse Caga-Anan,NCI DAC,,Lorelei Mucci,Completed by GPA,Processing Status
Circulating tumor cell heterogeneity in neuroendocrine prostate cancer by single cell copy number analysis,phs002462.v1.p1,Freddie Pruitt,NCI DAC,,Himisha Beltran,Released,Processing Status
Single-cell RNA-sequencing identifies immune biomarkers of response to immunotherapy in patients with high-risk Smoldering Myeloma,phs002476.v3.p1,Ian Fingerman,NCI DAC,,Irene Ghobrial,Released,Processing Status
HCI-PDX Trial Center for Breast Cancer Therapy,phs002479.v1.p1,Grace Mishkin,NCI DAC,Yes,Alana Welm,Released,Processing Status
Combined targeting CDK4/6 and HER2 signaling in orthotopic patient-derived xenografts of HER2-positive breast cancer brain metastases,phs002482.v1.p1,Freddie Pruitt,NCI DAC,,Jean Zhao,Released,Processing Status
Nivolumab and Tumor Infiltrating Lymphocytes (TIL) in Advanced Non-Small Cell Lung Cancer,phs002486.v2.p1,Joseph Flores-Toro,NCI DAC,,John Cleveland,Released,Processing Status
Multiregional genetic evolution of metastatic uveal melanoma,phs002491.v1.p1,Freddie Pruitt,NCI DAC,,James Harbour,Completed by GPA,Processing Status
Germline whole-exome sequencing of lung cancer in EAGLE,phs002496.v1.p1,Geoffrey Tobias,NCI DAC,,Maria Teresa Landi,Released,Processing Status
CIDR: Whole Exome Sequencing of Multiple Myeloma,phs002497.v1.p1,Emilie Charlisse Caga-Anan,NCI DAC,,Vijai Joseph,Released,Processing Status
Integrative Genomic and Transcriptomic Analyses of Refractory Multiple Myeloma,phs002498.v1.p1,Ian Fingerman,NCI DAC,,Arul Chinnaiyan,Released,Processing Status
Childhood Cancer Data Initiative (CCDI): Integration of genomic and clinical data from unique rare hematopoietic caner datasets to facilitate data sharing (Funded to UCSF),phs002504.v3.p2,Freddie Pruitt,NCI DAC,Yes,Elliot Stieglitz,Released,Processing Status
CPTAC: Molecular dissection of chemotherapy response in triple negative breast cancer,phs002505.v1.p1,Sean Hanlon,NCI DAC,,Matthew Ellis,Released,Processing Status
Mutational landscape of MCPyV-positive and MCPyV-negative Merkel cell carcinomas,phs002515.v1.p1,Ian Fingerman,NCI DAC,,Jaehyuk Choi,Released,Processing Status
Childhood Cancer Data Initiative (CCDI): Integration of genomic and clinical data from unique rare cancer datasets to facilitate data sharing (Funded to UPenn/CHOP),phs002517.v5.p3,Joseph Flores-Toro,NCI DAC,Yes,Adam Resnick,Released,Processing Status
"Childhood Cancer Data Initiative (CCDI): Administrative Supplements for the NCI P30 Cancer Center Support Grants to Enhance Data Sharing in Pediatric, Adolescent, and Young Adult Cancers (Funded to USC)",phs002518.v1.p1,Joseph Flores-Toro,NCI DAC,Yes,Amie Hwang,Released,Processing Status
Childhood Cancer Data Initiative (CCDI): Free the Data: Open Sharing of Comprehensive Genomic Childhood Cancer Datasets (Funded to Kansas),phs002529.v3.p1,Freddie Pruitt,NCI DAC,Yes,Midhat Farooqi,Released,Processing Status
"Childhood Cancer Data Initiative (CCDI): NCI P30 Cancer Center Support Grants to Enhance Data Sharing in Pediatric, Adolescent, and Young Adult Cancers (Funded to MSKCC)",phs002530.v1.p1,Freddie Pruitt,NCI DAC,Yes,Andrew Kung,Completed by GPA,Processing Status
Integrated genomic and transcriptomic analysis of small cell lung cancer reveals inter- and intratumoral heterogeneity and a novel chemotherapy-refractory subtype,phs002541.v1.p1,Kathleen Calzone,NCI DAC,,Anish Thomas,Released,Processing Status
Nivolumab and Ipilimumab and Radiation Therapy in Microsatellite Stable (MSS) and Microsatellite Instable (MSI) High Colorectal and Pancreatic Cancer,phs002545.v1.p1,Freddie Pruitt,NCI DAC,,David Ting,Released,Processing Status
NGS of archived tissue from men of African descent,phs002547.v1.p1,Emilie Charlisse Caga-Anan,NCI DAC,,Damali Martin,Completed by GPA,Processing Status
Genomic Analysis of Low Grade B Cell Lymphoma,phs002552.v2.p1,Freddie Pruitt,NCI DAC,,Anne Novak,Released,Processing Status
Parallel genomic alterations of antigen and payload targets mediate polyclonal acquired clinical resistance to the antibody drug conjugate sacituzumab govitecan,phs002555.v1.p1,Freddie Pruitt,NCI DAC,,Leif Ellisen,Released,Processing Status
Genomic Features of Lung Adenocarcinoma from Individuals with ≤10 Pack-Year Smoking History,phs002556.v1.p1,Freddie Pruitt,NCI DAC,,Frederick Wilson,Released,Processing Status
Transcriptional profiling of macrophages in situ in metastatic melanoma reveals localization dependent phenotypes and function,phs002564.v1.p1,Ian Fingerman,NCI DAC,,Karolina Palucka,Released,Processing Status
"Foregut Microbiome and Risk of Gastric Intestinal Metaplasia, and Gastric Cancer Risk",phs002566.v1.p1,Emilie Charlisse Caga-Anan,NCI DAC,,Yu Chen,Released,Processing Status
International Cancer Proteogenome Consortium (ICPC): Proteogenomics of Oral Squamous Cell Carcinoma in Taiwan,phs002580.v1.p1,Sean Hanlon,NCI DAC,,Jau-Song Yu,Released,Processing Status
Preclinical modeling of leiomyosarcoma identifies susceptibility to transcriptional CDK inhibitors through antagonism of E2F-driven oncogenic gene expression.,phs002587.v1.p1,Freddie Pruitt,NCI DAC,,Matthew Hemming,Released,Processing Status
Childhood Cancer Data Initiative (CCDI): NCI CCSG CCDI Supplement Additional Genomic Submission (Funded to OHSU),phs002599.v1.p1,Freddie Pruitt,NCI DAC,Yes,Jeffrey Tyner,Released,Processing Status
Immunogenomics of Malignant Brain Tumors,phs002612.v1.p1,Freddie Pruitt,NCI DAC,,Malachi Griffith,Released,Processing Status
Multi-omic Investigation of Beckwith-Wiedemann Syndrome Hepatoblasto,phs002614.v3.p1,Mariam Eljanne,NCI DAC,,Jennifer Kalish,Released,Processing Status
Childhood Cancer Data Initiative (CCDI): Feasibility and clinical utility of whole genome profiling in pediatric and young adult cancers (Funded to MSKCC),phs002620.v2.p2,Joseph Flores-Toro,NCI DAC,Yes,Elli Papaemmanuil,Released,Processing Status
Aurora US Metastatic Breast Cancer Retrospective Project,phs002622.v1.p1,Freddie Pruitt,NCI DAC,,Charles Perou,Released,Processing Status
Myelofibrosis etiology and transplant outcomes,phs002635.v1.p1,Geoffrey Tobias,NCI DAC,,Shahinaz Gadalla,Released,Processing Status
CIDR: The Role of Rare Coding Variation in Prostate Cancer in Men of African Ancestry (RESPOND),phs002637.v1.p1,Emilie Charlisse Caga-Anan,NCI DAC,Yes,Christopher Haiman,Released,Processing Status
Genomic analysis of metastatic brain cancer,phs002639.v1.p1,Freddie Pruitt,NCI DAC,,Analiz Rodriguez,Released,Processing Status
Identification of somatic changes in tumors from Fanconi anemia patients,phs002652.v1.p1,Ian Fingerman,NCI DAC,Yes,Agata Smogorzewska,Released,Processing Status
"Tumor mutation burden, expressed neoantigen and immune microenvironment in diffuse gliomas",phs002653.v1.p1,Kathleen Calzone,NCI DAC,,Jing Wu,Released,Processing Status
Genomics from LCCC1525: A Priming Dose of Cyclophosphamide Prior to Pembrolizumab to Treat mTNBC,phs002659.v1.p1,Freddie Pruitt,NCI DAC,,Mark Woodcock,Released,Processing Status
"Childhood Cancer Data Initiative (CCDI): Integrating Longitudinal Clinical, Sociodemographic and Genomic Data into the NCCR (Funded to DFCI)",phs002677.v1.p1,Joseph Flores-Toro,NCI DAC,Yes,Katherine Janeway,Released,Processing Status
Natural Killer Cell Therapies for Hematologic Malignancies,phs002681.v3.p1,Freddie Pruitt,NCI DAC,,Todd Fehniger,Released,Processing Status
Combined tumor and immune signals from genomes or transcriptomes predict outcomes of checkpoint inhibition in melanoma,phs002683.v1.p1,Grace Mishkin,NCI DAC,,Nir Hacohen,Released,Processing Status
"CIDR Estrogen Receptor Negative Breast Cancer in African American Women: DNA Methylation, Reproductive Events, and Mammary Epithelial Cell Populations",phs002688.v1.p1,Emilie Charlisse Caga-Anan,NCI DAC,,Christine Ambrosone,Released,Processing Status
The MD Anderson Colorectal Cancer Case Control Study,phs002691.v1.p1,Emilie Charlisse Caga-Anan,NCI DAC,,Chad Huff,Released,Processing Status
Single Cell analysis reveals immune dysfunction from the earliest stages of CLL that can be reversed by ibrutinib,phs002705.v1.p1,Freddie Pruitt,NCI DAC,,Catherine Wu,Released,Processing Status
"Genomic, transcriptomic, and single-cell sequencing of pancreatic cancer",phs002712.v1.p1,Ian Fingerman,NCI DAC,,William Hahn,Completed by GPA,Processing Status
Genetics of Prostate Cancer in Africa,phs002718.v1.p1,Emilie Charlisse Caga-Anan,NCI DAC,,Timothy Rebbeck,Released,Processing Status
Pilot Study of Genetic Alterations and Clonal Evolution of Relapsed Refractory Adult ALL in Patients Receiving KTE-X19 CAR-T in ZUMA-3 (ZUMA3 sequencing),phs002721.v1.p1,Brandon Wright,NCI DAC,,Armin Ghobadi,Released,Processing Status
Patient-derived breast cancer organoid study,phs002722.v1.p1,Brandon Wright,NCI DAC,,David Spector,Released,Processing Status
Tennessee Colorectal Polyp Study,phs002730.v1.p1,Freddie Pruitt,NCI DAC,,Martha Shrubsole,Completed by GPA,Processing Status
Colon Cancer Family Registry (Colon CFR),phs002733.v4,Emilie Charlisse Caga-Anan,NCI DAC,,Mark Jenkins,Awaiting GPA's Approval,Processing Status
Rapid Idiosyncratic Mechanisms of Clinical Resistance to KRAS G12C Inhibition,phs002734.v1.p1,Ian Fingerman,NCI DAC,,Chad Pecot,Released,Processing Status
Tumor Infiltrating Lymphocytes (TIL) recognize unique somatic mutations and mediate objective clinical responses in metastatic breast cancer,phs002735.v1.p1,Kathleen Calzone,NCI DAC,,Steven Rosenberg,Released,Processing Status
Transcriptome and TCR sequencing of T cells from metastectomies,phs002748.v1.p1,Kathleen Calzone,NCI DAC,,Steven Rosenberg,Released,Processing Status
Functional multiomics of cellular therapy and immune checkpoint blockade therapy for solid tumors,phs002762.v2.p1,Mariam Eljanne,NCI DAC,,Theodore Nowicki,Awaiting GPA's Approval,Processing Status
Transcriptomic profiles of neoantigen-reactive T cells in human gastrointestinal cancers,phs002765.v1.p1,Freddie Pruitt,NCI DAC,,Eric Tran,Released,Processing Status
Integrative genomic analysis reveals low T cell infiltration as the primary feature of tobacco use in HPV(+) oropharyngeal cancer,phs002768.v1.p1,Emilie Charlisse Caga-Anan,NCI DAC,,Jose Zevallos,Completed by GPA,Processing Status
Multi-omic Investigation of Beckwith-Wiedemann Syndrome Wilms Tumor,phs002769.v1.p1,Mariam Eljanne,NCI DAC,,Jennifer Kalish,Released,Processing Status
Pan cancer investigation of human leukocyte antigen loss of heterozygosity,phs002783.v1.p1,Freddie Pruitt,NCI DAC,,Charles Abbott,Released,Processing Status
Personalized Breast Cancer Vaccines Based on Genome Sequencing,phs002787.v2.p1,Freddie Pruitt,NCI DAC,,William Gillanders,Released,Processing Status
Childhood Cancer Data Initiative (CCDI): Molecular Characterization Initiative,phs002790.v11.p4,Joseph Flores-Toro,NCI DAC,Yes,Malcolm Smith,Released,Processing Status
Characterization of neoantigen-reactive T cells by Single-cell analysis,phs002792.v2,Kathleen Calzone,NCI DAC,,James Yang,Completed by GPA,Processing Status
Chromatin accessibility alterations in KDM6A-mutant bladder cancers,phs002801.v1.p1,Mariam Eljanne,NCI DAC,,Byron Lee,Released,Processing Status
A phase Ib/II Study of Palbociclib in Combination with Bazedoxifene in Hormone Receptor Breast Cancer,phs002802.v1.p1,Freddie Pruitt,NCI DAC,,Rinath Jeselsohn,Released,Processing Status
A Phase II clinical trial of the PARP inhibitor talazoparib in BRCA1 and BRCA2 wild-type patients,phs002803.v1.p1,Freddie Pruitt,NCI DAC,,Melinda Telli,Released,Processing Status
DNA double strand breaks in KMT2A-rearranged AML patients,phs002804.v1.p1,Freddie Pruitt,NCI DAC,,Yuh-Hwa Wang,Released,Processing Status
The Discovery and Validation of AML Prognostic Biomarkers,phs002805.v1.p1,Freddie Pruitt,NCI DAC,,Derek Stirewalt,Released,Processing Status
Genome-wide Pleiotropy Scan across Multiple Cancers,phs002809.v1.p1,Emilie Charlisse Caga-Anan,NCI DAC,,John Witte,Released,Processing Status
Genetic analysis of Latin American Cervical Cancer,phs002810.v2,Geoffrey Tobias,NCI DAC,,Michael Dean,Awaiting GPA's Approval,Processing Status
Transcriptome-wide association study to identify susceptibility genes for colorectal cancer,phs002813.v2,Emilie Charlisse Caga-Anan,NCI DAC,,Xingyi Guo,Completed by GPA,Processing Status
Esophageal Squamous Cell Carcinoma Precursor Study,phs002814.v1.p1,Geoffrey Tobias,NCI DAC,,Philip Taylor,Released,Processing Status
Intercepting progression from pre-invasive to invasive lung adenocarcinoma,phs002818.v1.p1,Natalie Abrams,NCI DAC,,Nasser Altorki,Released,Processing Status
Cancer Risk Estimates Related to Susceptibility Genes (CARRIERS),phs002820.v1.p1,Emilie Charlisse Caga-Anan,NCI DAC,,Fergus Couch,Released,Processing Status
Stand Up To Cancer (SUC2) Lung Cancer Checkpoint Blockade Project - MGH,phs002822.v1.p1,Freddie Pruitt,NCI DAC,,Justin Gainor,Released,Processing Status
"Children's Cancer Data Initiative (CCDI): Cancer in Children, Adolescents, and Young Adults: Germline analyses and model systems.",phs002823.v1.p1,Freddie Pruitt,NCI DAC,Yes,Yidong Chen,Released,Processing Status
KidsFirst - Childhood Cancer Data Initiative (CCDI) - Discovering the Timing and Origins of Bone and Soft Tissue Cancers,phs002827.v1.p1,Freddie Pruitt,NCI DAC,Yes,Adam Shlien,Released,Processing Status
A Phase 2 Study of Lamivudine in patients with p53 mutant metastatic colorectal cancer,phs002833.v1.p1,Ian Fingerman,NCI DAC,,David Ting,Released,Processing Status
Clinical and molecular features of acquired resistance to immunotherapy in non-small cell lung cancer,phs002834.v1.p1,Freddie Pruitt,NCI DAC,,Matthew Hellmann,Released,Processing Status
Breast Cancer Family Registry,phs002835.v1.p1,Emilie Charlisse Caga-Anan,NCI DAC,,Mary Beth Terry,Released,Processing Status
Evolutionary resistance of metastatic breast cancer,phs002840.v1.p1,Mariam Eljanne,NCI DAC,,Erik Ladewig,Released,Processing Status
Expression of Activation Induced Cytidine Deaminase and Risk of Transformation in Follicular Lymphoma,phs002845.v1.p1,Freddie Pruitt,NCI DAC,,Grzegorz Nowakowski,Released,Processing Status
"Circulating Tumor DNA as a Biomarker in Patients with Stage III and IV Wilms Tumor: Analysis from a Children's Oncology Group Trial, AREN0533",phs002847.v1.p1,Joseph Flores-Toro,NCI DAC,,Brian Crompton,Released,Processing Status
Refractory Cancer (RC) Burkitt’s Lymphoma (BL),phs002851.v2,Freddie Pruitt,NCI DAC,,Liming Yang,Completed by GPA,Processing Status
A Pilot Study of NKTR-214 and Nivolumab in Selected Patients with Locally Advanced/Metastatic Sarcoma,phs002852.v1.p1,Freddie Pruitt,NCI DAC,,Sandra D'Angelo,Released,Processing Status
MSK SPECTRUM - SPatiotemporal Evolution of Cancer TRaced Using Multimodalities,phs002857.v3.p1,Joseph Flores-Toro,NCI DAC,,Britta Weigelt,Released,Processing Status
RB1 loss triggers dependence on ESRRG in retinoblastoma,phs002859.v1.p1,Freddie Pruitt,NCI DAC,,James Harbour,Released,Processing Status
Collection of Tissue and Blood Specimens and Clinical Data from Patients with Suspected Gynecological Neoplasms and Patients with Gynecological Cancers,phs002862.v1.p1,Freddie Pruitt,NCI DAC,,Catherine Wu,Released,Processing Status
Accurate genome-wide germline DNA profiling from decade-old archival tissue specimen,phs002865.v1.p1,Joseph Flores-Toro,NCI DAC,,Olivier Harismendy,Released,Processing Status
Circulating Tumor DNA in Intermediate Risk Rhabdomyosarcoma,phs002866.v1.p1,Joseph Flores-Toro,NCI DAC,,Brian Crompton,Released,Processing Status
Blood somatic mutations in TCGA donors suffering from solid tumors,phs002867.v1.p1,Brandon Wright,NCI DAC,,Nuria Lopez-Bigas,Released,Processing Status
Mapping the evolution of T cell states during response and resistance to adoptive cellular therapy,phs002877.v1.p1,Freddie Pruitt,NCI DAC,,Catherine Wu,Released,Processing Status
Pediatric MATCH,phs002883.v2.p1,Joseph Flores-Toro,NCI DAC,Yes,Catherine Bullen,Released,Processing Status
The role of CDX2 in controlling ABCB1 expression and chemosensitivity in human colon cancer.,phs002903.v1.p1,Joseph Flores-Toro,NCI DAC,,Piero Dalerba,Released,Processing Status
Proteogenomic characterization of human uterine cervical cancer,phs002916.v1.p1,Freddie Pruitt,NCI DAC,,Joo-Young Kim,Released,Processing Status
California Teachers Study (CTS): Whole Genome Sequences from Under-represented Populations - CIDR,phs002918.v1.p1,Barbara Thomas,NCI DAC,,James Lacey,Released,Processing Status
Cancer Patients Receiving Immune Therapy,phs002922.v3,Joseph Flores-Toro,NCI DAC,,Gad Getz,Completed by GPA,Processing Status
Drivers of Cancer Therapy Resistance in Rapid Autopsy Cases,phs002923.v1.p1,Joseph Flores-Toro,NCI DAC,,Gad Getz,Completed by GPA,Processing Status
Genomic analysis of Extra-nodal Natural Killer/T-cell lymphoma (ENKTCL),phs002925.v1.p1,Brandon Wright,NCI DAC,,Wing Chan,Released,Processing Status
Adoptive cell therapy of autologous T cell receptor-engineered T cells targeting the p53 R175H neoantigen in human breast cancer,phs002928.v1.p1,Kathleen Calzone,NCI DAC,,Steven Rosenberg,Released,Processing Status
Decade-long leukemia remissions with persistence of CD4+ CAR T-cells,phs002931.v1.p1,Freddie Pruitt,NCI DAC,,Jan Melenhorst,Released,Processing Status
Pembrolizumab in Treating Patients With Relapsed or Refractory Stage IB-IVB Mycosis Fungoides or Sezary Syndrome,phs002933.v1.p1,Grace Mishkin,NCI DAC,,Youn Kim,Released,Processing Status
Molecular Biomarkers of Obesity and Metformin Response in Endometrial Cancer: Analysis of GOG-0286B,phs002934.v1.p1,Grace Mishkin,NCI DAC,,Victoria Bae-Jump,Released,Processing Status
Transcriptomic Profiling of Oropharyngeal Squamous Cell Carcinoma,phs002935.v1.p1,Grace Mishkin,NCI DAC,,Travis Schrank,Released,Processing Status
NCI-Maryland Prostate Cancer Case-Control Study,phs002939.v1.p1,Kathleen Calzone,NCI DAC,,Stefan Ambs,Released,Processing Status
CALGB/SWOG 80405 ct DNA Biomarker Evaluation,phs002941.v1.p1,Grace Mishkin,NCI DAC,Yes,Xueping Qu,Released,Processing Status
Melanoma brain metastasis single-cell RNA sequencing atlas,phs002944.v1.p1,Freddie Pruitt,NCI DAC,,Benjamin Izar,Released,Processing Status
Methylation profiles of cell-free DNA using nanopore sequencing,phs002950.v1.p1,Freddie Pruitt,NCI DAC,,Hanlee Ji,Released,Processing Status
Whole transcriptome analysis of mucosal melanoma,phs002951.v1.p1,Freddie Pruitt,NCI DAC,,Kasey Couts,Completed by GPA,Processing Status
Predictors of Myelodysplastic Syndrome in Minnesota,phs002962.v2.p1,Emilie Charlisse Caga-Anan,NCI DAC,,Jenny Poynter,Released,Processing Status
"MP2PRT Genomic and molecular characterization of biomarkers associated with self reported race/ethnicity in high risk endometrial cancers from NRG Oncology/GOG protocol 210, molecular staging of endometrial cancer",phs002965.v1.p1,Grace Mishkin,NCI DAC,Yes,Casey Cosgrove,Completed by GPA,Processing Status
Single-cell analysis of CD19-specific CAR T cell treatment of relapsed/refractory CD19+ acute lymphoblastic leukemia,phs002966.v1.p1,Joseph Flores-Toro,NCI DAC,,Stephen Gottschalk,Released,Processing Status
Defining the impact of mutant oncogene zygosity,phs002972.v1.p1,Ian Fingerman,NCI DAC,,Nikolaus Schultz,Completed by GPA,Processing Status
Functional analysis of genetic variants in African Americans with breast cancer.,phs002977.v1.p1,Ian Fingerman,NCI DAC,,Luisel Ricks-Santi,Released,Processing Status
AC-ICAM: An Atlas and Compass of Immune-Colon-cancer-Microbiome interactions,phs002978.v1.p1,Brandon Wright,NCI DAC,,Wouter Hendrickx,Released,Processing Status
A Randomized Multi-Institutional Phase II Trial of Everolimus as Adjuvant Therapy in Patients with Locally Advanced Squamous Cell Cancer of the Head and Neck,phs002986.v1.p1,Freddie Pruitt,NCI DAC,,Siddharth Sheth,Released,Processing Status
National Cancer Institute (NCI) Heavy-chain-only (FHVH33-CD8BBZ) CAR study for multiple myeloma,phs002987.v1.p1,Kathleen Calzone,NCI DAC,,James Kochenderfer,Completed by GPA,Processing Status
Genomic Analysis of Follicular Lymphoma,phs002989.v1.p1,Freddie Pruitt,NCI DAC,,Anne Novak,Released,Processing Status
Multi-omics study of lung cancer in smokers from EAGLE,phs002992.v1.p1,Geoffrey Tobias,NCI DAC,,Maria Teresa Landi,Released,Processing Status
Examination of genetic susceptibility in radiation-associated meningioma,phs002993.v1.p1,Geoffrey Tobias,NCI DAC,,Douglas Stewart,Completed by GPA,Processing Status
BRCA Mutation Status Shapes the Microenvironment of Pancreatic Adenocarcinoma,phs002994.v1.p1,Freddie Pruitt,NCI DAC,,David Kelsen,Released,Processing Status
Immune Profiles Study,phs002998.v1.p1,Freddie Pruitt,NCI DAC,,John Wiencke,Released,Processing Status
ALLELE Consortium GBM Project,phs003000.v1.p1,Freddie Pruitt,NCI DAC,,Keith Ligon,Released,Processing Status
A Platform Study of Combination Immunotherapy for the Neoadjuvant and Adjuvant Treatment of Patients with Surgically Resectable Adenocarcinoma of the Pancreas,phs003002.v2.p1,Freddie Pruitt,NCI DAC,,Lei Zheng,Released,Processing Status
Transcriptional and Epigenetic Profiles of Male Breast Cancer at Single-Cell Resolution Nominate Salient Cancer Specific Enhancers,phs003006.v1.p1,Freddie Pruitt,NCI DAC,,Philip Spanheimer,Released,Processing Status
The landscape of tumor cell states and spatial organization in H3-K27M mutant diffuse midline glioma across age and location,phs003007.v1.p1,Ying Huang,NCI DAC,,Mariella Filbin,Completed by GPA,Processing Status
Comprehensive genomic characterization of translocation renal cell carcinoma.,phs003008.v1.p1,Heather Basehore,NCI DAC,,Srinivas Viswanathan,Released,Processing Status
Genomic Characterization of Duke Melanoma Brain Metastases,phs003009.v2.p1,Freddie Pruitt,NCI DAC,,April Salama,Released,Processing Status
APOLLO1: Proteogenomic analysis of lung adenocarcinoma,phs003011.v1.p1,Sean Hanlon,NCI DAC,Yes,Christopher Moskaluk,Released,Processing Status
Multi-omics of Bladder Cancers of Solid Organ Transplant Recipients,phs003012.v1.p1,Kathleen Calzone,NCI DAC,,Gabriel Starrett,Completed by GPA,Processing Status
Ivy Glioblastoma Atlas Project,phs003013.v1.p1,Freddie Pruitt,NCI DAC,,Ralph Puchalski,Completed by GPA,Processing Status
NCI's Datasets for General Research Use,phs003014.v1.p1,Freddie Pruitt,NCI DAC,,Freddie Pruitt,Released,Processing Status
Ipilimumab and Decitabine in Treating Patients With Relapsed or Refractory Myelodysplastic Syndrome or Acute Myeloid Leukemia,phs003015.v3.p1,Grace Mishkin,NCI DAC,,Jacqueline Garcia,Completed by GPA,Processing Status
Phase I Study of the Oral PI3kinase Inhibitor BKM120 or BYL719 and the Oral PARP Inhibitor Olaparib in Patients With Recurrent Triple Negative Breast Cancer or High Grade Serous Ovarian Cancer,phs003019.v1.p1,Freddie Pruitt,NCI DAC,,Ursula Matulonis,Released,Processing Status
Molecular Analysis of Short- Versus Long-term Survivors of High-Grade Serous Ovarian Carcinoma,phs003020.v1.p1,Freddie Pruitt,NCI DAC,,Anil Sood,Released,Processing Status
Circulating tumor DNA sequencing provides comprehensive mutation profiling for pediatric central nervous system tumors,phs003022.v1.p1,Freddie Pruitt,NCI DAC,,Paul Williams,Released,Processing Status
Whole-genome sequencing reveals complex genomic features underlying anti-CD19 CAR T-cell treatment failure in lymphoma,phs003023.v2,Freddie Pruitt,NCI DAC,,Michael Jain,Completed by GPA,Processing Status
Characterization of PARP inhibitor-associated myeloid neoplasms,phs003034.v1.p1,Freddie Pruitt,NCI DAC,,Scott Kaufmann,Completed by GPA,Processing Status
Genomic analysis of nucleic acid sequences from pancreatic cancer,phs003035.v1.p1,Ian Fingerman,NCI DAC,,Subhajyoti De,Released,Processing Status
Single cell genome variation induced by mutational processes in cancer - HGSOC Trios study,phs003036.v1.p1,Heather Basehore,NCI DAC,,Sohrab Shah,Released,Processing Status
Exploiting New Patterns of Genome Damage in Triple Negative Breast Cancer,phs003038.v1.p1,Ying Huang,NCI DAC,,Sohrab Shah,Released,Processing Status
Mayo Clinic Adult Diffuse Glioma Illumina Oncoarray SNP data,phs003041.v2.p1,Emilie Charlisse Caga-Anan,NCI DAC,,Robert Jenkins,Released,Processing Status
Novel Strategies to Eliminate Resistance to B-cell Receptor Inhibitor Therapy in Lymphoid Malignancies,phs003042.v1.p1,Mariam Eljanne,NCI DAC,,Deborah Stephens,Released,Processing Status
A Pilot Study to Evaluate Tissue- and Plasma-based DNA Driver Mutations in a Cohort of Patients with Pancreatic Intraductal Papillary Mucinous Neoplasms,phs003043.v1.p1,Freddie Pruitt,NCI DAC,,Jennifer Permuth,Released,Processing Status
"NCI's collection of datasets for Health, Medical, and Biomedical research purposes",phs003044.v1.p1,Freddie Pruitt,NCI DAC,,Freddie Pruitt,Released,Processing Status
"Extracellular RNA profiling of serum, plasma, and urine of healthy subjects",phs003054.v1.p1,Kathleen Calzone,NCI DAC,,Jennifer Jones,Released,Processing Status
Metastatic colorectal adenocarcinoma tumor purity assessment from whole exome sequencing data,phs003059.v1.p1,Joseph Flores-Toro,NCI DAC,,Robert Warren,Released,Processing Status
Whole exome sequencing of Calcitonin producing pancreatic neuroendocrine neoplasms (CT-pNENs) indicates a unique molecular signature,phs003060.v1.p1,Freddie Pruitt,NCI DAC,,Detlef Bartsch,Released,Processing Status
Phenotypic Signatures of Circulating Neoantigen-Reactive CD8+ T Cells in Patients with Metastatic Cancers,phs003064.v1.p1,Kathleen Calzone,NCI DAC,,Steven Rosenberg,Released,Processing Status
Urothelial Cancer - Genomic Analysis to Improve Patient Outcomes and Research (UC-GENOME): a Bladder Cancer Advocacy Network (BCAN)-led Collaborative Research Pilot Study,phs003066.v1.p1,Freddie Pruitt,NCI DAC,,Matthew Milowsky,Released,Processing Status
Distinct clonal identities of B-ALLs arising after Lenolidomide therapy for Multiple Myeloma,phs003069.v1.p1,Mariam Eljanne,NCI DAC,,Obi Griffith,Completed by GPA,Processing Status
Single cell RNA-sequencing in adenoid cystic carcinoma,phs003070.v1.p1,Mariam Eljanne,NCI DAC,,Sidharth Puram,Released,Processing Status
A National Translational Science Network of Precision-based Immunotherapy for Primary Liver Cancer (PLC),phs003074.v1.p1,Kathleen Calzone,NCI DAC,,Tim Greten,Released,Processing Status
Retinoblastoma Aqueous Humor Liquid Biopsy Repository,phs003077.v1.p1,Mariam Eljanne,NCI DAC,,Jesse Berry,Released,Processing Status
Spatiotemporal evolution of the ccRCC microenvironment links intra-tumoral heterogeneity to immune escape CINOMA,phs003079.v1.p1,Sean Hanlon,NCI DAC,,Abraham Hakimi,Released,Processing Status
Genome sequencing of circulating tumor cells for minimally invasive molecular characterization of multiple myeloma pathology,phs003084.v1.p1,Ian Fingerman,NCI DAC,,Irene Ghobrial,Released,Processing Status
RNA-sequencing of B-lymphoblastic leukemia with glucocorticoids and PI3K delta inhibition,phs003085.v1.p1,Freddie Pruitt,NCI DAC,,Miles Pufall,Released,Processing Status
"A Phase II Trial of the DNA Methyl Transferase Inhibitor, SGI-110 (Guadecitabine), in Children and Adults with Wild Type GIST, Pheochromocytoma and Paraganglioma Associated with Succinate Dehydrogenase Deficiency and HLRCC-associated Kidney Cancer",phs003087.v1.p1,Kathleen Calzone,NCI DAC,,John Glod,Completed by GPA,Processing Status
MP2PRT: PI3K Pathway Activation and Its Associated Genomic Profile as Predictive Biomarkers of HPV-Related Oropharyngeal Cancer: Evaluation of NRG HN002 and RTOG 1016,phs003089.v1.p1,Grace Mishkin,NCI DAC,Yes,Christine Chung,Released,Processing Status
"Advancing Precision Oncology in a Humanized, Fully Autologous Mouse Model",phs003090.v1.p1,Ian Fingerman,NCI DAC,,Ryan Fields,Released,Processing Status
MP2PRT: Discovering biomarkers of outcome: EBV DNA quantification and the relationship of EBV and LINE1 retrotransposon expression in pediatric patients with Nasopharyngeal Carcinoma (NPC) enrolled on ARAR0331,phs003092.v1.p1,Grace Mishkin,NCI DAC,,Robyn Gartrell,Released,Processing Status
The Genomic Landscape of Interval Colorectal Cancers,phs003093.v1.p1,Claire Zhu,NCI DAC,,Andrew Chan,Released,Processing Status
Urothelial Cancer - Genomic Analysis to Improve Patient Outcomes and Research (UC-GENOME): a Bladder Cancer Advocacy Network (BCAN)-led Collaborative Research Pilot Study-for sample collected at Johns Hopkins,phs003094.v1.p1,Freddie Pruitt,NCI DAC,,Matthew Milowsky,Released,Processing Status
"Multi-modal single-cell and whole-genome sequencing of small, frozen clinical specimens",phs003097.v1.p1,Freddie Pruitt,NCI DAC,,Benjamin Izar,Released,Processing Status
Genetic Alterations in patients with head and neck cancers,phs003098.v1.p1,Freddie Pruitt,NCI DAC,,Freddie Pruitt,Completed by GPA,Processing Status
Integration of Clinical and Molecular Biomarkers for Melanoma Survival (Berwick),phs003099.v2.p1,Emilie Charlisse Caga-Anan,NCI DAC,,Marianne Berwick,Released,Processing Status
Whole-genome sequencing analysis of extrachromosomal DNA with Amplicon Architect,phs003100.v1.p1,Freddie Pruitt,NCI DAC,,Michalina Janiszewska,Released,Processing Status
Multivalent state transitions shape the intratumoral composition of small cell lung carcinoma,phs003102.v2.p1,Ian Fingerman,NCI DAC,,Mohamed Abazeed,Released,Processing Status
Single cell analysis of sporadic human basal cell carcinomas,phs003103.v1.p1,Freddie Pruitt,NCI DAC,,Anthony Oro,Released,Processing Status
Post Genome Wide Association Studies in TGCT WES,phs003107.v2,Emilie Charlisse Caga-Anan,NCI DAC,,Katherine Nathanson,Awaiting GPA's Approval,Processing Status
Childhood Cancer Data Initiative (CCDI): Clonal Evolution during Metastatic Spread in HighRrisk Neuroblastoma,phs003111.v2.p2,Freddie Pruitt,NCI DAC,Yes,Elli Papaemmanuil,Released,Processing Status
CIDR: Detroit Research on Cancer Survivors (ROCS) and Disparities and Cancer Epidemiology- Colorectal Cancer (DANCE),phs003116.v2,Emilie Charlisse Caga-Anan,NCI DAC,,Ann Schwartz,Completed by GPA,Processing Status
Multiregional single-cell transcriptomic analysis of liver cancer,phs003117.v1.p1,Kathleen Calzone,NCI DAC,,Xin Wang,Released,Processing Status
Targeted genomic sequencing in large human genes to detect induced structural variants,phs003121.v2.p1,Ian Fingerman,NCI DAC,,Thomas Wilson,Released,Processing Status
Genetic Epidemiology of Ovarian Cancer Histotypes,phs003140.v1.p1,Mariam Eljanne,NCI DAC,,Mollie Barnard,Released,Processing Status
Integrative Somatic and Germline Computational Biology to Redefine Clinical Actionability in Solid Tumors,phs003141.v2.p1,Freddie Pruitt,NCI DAC,,Eliezer Van Allen,Released,Processing Status
My Pediatric and Adult Rare Tumor (MyPART) Natural History Study of Rare Solid Tumors,phs003143.v2,Kathleen Calzone,NCI DAC,Yes,Mary Wedekind Malone,Awaiting GPA's Approval,Processing Status
Germline Genomic Analyses of Breast Cancer in Latinas,phs003144.v1.p1,Emilie Charlisse Caga-Anan,NCI DAC,,Susan Neuhausen,Suspended,Processing Status
Tissue Sampling and Biorepository to improve Cancer Cell Therapy,phs003145.v1.p1,Freddie Pruitt,NCI DAC,,Ash Alizadeh,Released,Processing Status
A Phase II Neoadjuvant Study of Palbociclib in Combination with Letrozole and Trastuzumab as Neoadjuvant Treatment of Stage II-III ER+ HER2+ Breast Cancer (PALTAN),phs003147.v1.p1,Nathaniel Boyd,NCI DAC,,Foluso Ademuyiwa,Released,Processing Status
NCT03343197: Clinical Biomarker Data,phs003148.v1.p1,Nathaniel Boyd,NCI DAC,,Sung Choe,Released,Processing Status
Bladder Cancer Organoids as a Functional System to Model Different Disease Stages and Therapy Response,phs003149.v1.p1,Nathaniel Boyd,NCI DAC,,Francesca Demichelis,Released,Processing Status
International Cancer Proteogenomics Consortium (ICPC): Proteogenomics of East-Asian Breast Cancer,phs003150.v1.p1,Sean Hanlon,NCI DAC,,Hsuan-Yu Chen,Released,Processing Status
CPTAC: Proteogenomic studies of ovarian tumor responses to agents targeting the DNA damage response,phs003152.v1.p1,Sean Hanlon,NCI DAC,,Amanda Paulovich,Released,Processing Status
Neoantigen-targeted CD8+ T-cell responses 1 with PD-1 blockade therapy,phs003153.v1.p1,Freddie Pruitt,NCI DAC,,Antoni Ribas,Released,Processing Status
"An Advanced Molecular Medicine Case Report of a Rare Human Tumor Using Genomics, Pathomics, and Radiomics",phs003154.v1.p1,Nathaniel Boyd,NCI DAC,,Donald Johann,Released,Processing Status
TCGA WGS Variants Across 18 Cancer Types,phs003155.v2,Joseph Flores-Toro,NCI DAC,Yes,John Torcivia,Completed by GPA,Processing Status
Whole exome sequencing of biopsies of Kaposi sarcoma lesions,phs003157.v1.p1,Kathleen Calzone,NCI DAC,,Robert Yarchoan,Completed by GPA,Processing Status
Sézary syndrome originates from heavily mutated hematopoietic progenitors,phs003158.v1.p1,Ian Fingerman,NCI DAC,,Jose Conejo-Garcia,Released,Processing Status
Targeted long-read sequencing of the Ewing sarcoma 6p25.1 susceptibility locus,phs003159.v1.p1,Geoffrey Tobias,NCI DAC,,Mitchell Machiela,Released,Processing Status
Childhood Cancer Data Initiative (CCDI): PIVOT UT San Antonio,phs003160.v2,Freddie Pruitt,NCI DAC,Yes,Peter Houghton,Completed by GPA,Processing Status
Childhood Cancer Data Initiative (CCDI): PIVOT MSKCC,phs003161.v1.p1,Freddie Pruitt,NCI DAC,Yes,Andrew Kung,Released,Processing Status
Childhood Cancer Data Initiative (CCDI): PIVOT Children's Hospital of Chicago,phs003162.v1.p1,Freddie Pruitt,NCI DAC,Yes,Subhashini Jagu,Completed by GPA,Processing Status
Childhood Cancer Data Initiative (CCDI): Pediatric In Vivo Testing Program – Neuroblastoma,phs003163.v1.p1,Freddie Pruitt,NCI DAC,Yes,John Maris,Released,Processing Status
Childhood Cancer Data Initiative (CCDI): PIVOT Children's Cancer Institute Australia,phs003164.v2.p1,Freddie Pruitt,NCI DAC,Yes,Richard Lock,Released,Processing Status
Phase I Study and Cell-Free DNA Analysis of T-DM1 and Metronomic Temozolomide for Secondary Prevention of HER2-Positive Breast Cancer Brain Metastases,phs003165.v1.p1,Kathleen Calzone,NCI DAC,,Stanley Lipkowitz,Released,Processing Status
Genome-wide analysis of aberrant position and sequence of plasma DNA fragment ends in patients with cancer,phs003170.v1.p1,Freddie Pruitt,NCI DAC,,Muhammed Murtaza,Released,Processing Status
Comparison between qPCR and RNAseq reveals challenges of quantifying HLA expression,phs003177.v1.p1,Kathleen Calzone,NCI DAC,,Mary Carrington,Released,Processing Status
"Combined PD-1, BRAF and MEK inhibition in BRAFV600E colorectal cancer: a phase 2 trial",phs003178.v1.p1,Freddie Pruitt,NCI DAC,,Gad Getz,Released,Processing Status
The Ultrasound Study of Tamoxifen,phs003183.v1.p1,Geoffrey Tobias,NCI DAC,,Gretchen Benson,Released,Processing Status
Molecular subtyping reveals immune alterations associated with progression of bronchial premalignant lesions,phs003185.v1.p1,Nathaniel Boyd,NCI DAC,,Avrum Spira,Released,Processing Status
Tamoxifen Response at Single Cell Resolution in Estrogen Receptor Positive Primary Human Breast Tumors,phs003186.v1.p1,Freddie Pruitt,NCI DAC,,Philip Spanheimer,Released,Processing Status
Overcoming clinical resistance to EZH2 inhibition using rational epigenetic combination therapy,phs003188.v1.p1,Ian Fingerman,NCI DAC,,Alex Kentsis,Released,Processing Status
Extrachromosomal DNA Amplification Contributes to Small Cell Lung Cancer Heterogeneity and is Associated with Worse Outcomes,phs003190.v1.p1,Kathleen Calzone,NCI DAC,,Anish Thomas,Released,Processing Status
RNA splicing dysregulation in the pathogenesis of chronic lymphocytic leukemia,phs003191.v1.p1,Ian Fingerman,NCI DAC,,Lili Wang,Released,Processing Status
ARST17B2-Q Germline and Somatic Genetic Landscape of Pediatric Rhabdomyosarcoma,phs003192.v1.p1,Geoffrey Tobias,NCI DAC,,Philip Lupo,Released,Processing Status
NSD2 E1099K drives relapse in pediatric acute lymphoblastic leukemia by disrupting 3D chromatin organization,phs003195.v2,Freddie Pruitt,NCI DAC,,William Carroll,Completed by GPA,Processing Status
Genomic Analyses of Germline and Somatic Variation in High-Grade Serous Ovarian Cancer,phs003198.v1.p1,Nathaniel Boyd,NCI DAC,,Susan Neuhausen,Released,Processing Status
RNAseq data from early stage triple negative breast cancer tumors treated with TVEC and chemotherapy (MCC18621),phs003199.v1.p1,Freddie Pruitt,NCI DAC,,Hatem Soliman,Released,Processing Status
E5103 correlative studies,phs003201.v1.p1,Grace Mishkin,NCI DAC,,Bryan Schneider,Released,Processing Status
Single cell colony whole genome sequencing data from individuals with telomere syndromes,phs003207.v2,Ian Fingerman,NCI DAC,,Mary Armanios,Completed by GPA,Processing Status
Structurally complex osteosarcoma genomes exhibit limited heterogeneity within individual tumors and across evolutionary time,phs003209.v1.p1,Ian Fingerman,NCI DAC,,Ryan Roberts,Released,Processing Status
The Natural History of Lymph Node Metastases in Head and Neck Cancer,phs003211.v1.p1,Joseph Flores-Toro,NCI DAC,,Narayanan Gopalakrishna Iyer,Completed by GPA,Processing Status
Melbourne Collaborative Cohort Study DNA methylation studies,phs003213.v1.p1,Freddie Pruitt,NCI DAC,,Roger Milne,Released,Processing Status
Texas Pediatric Patient Derived Xenograft ,phs003215.v2,Freddie Pruitt,NCI DAC,Yes,Subhashini Jagu,Completed by GPA,Processing Status
Molecular Determinants of Esophageal Cancer in Tanzania,phs003217.v1.p1,Freddie Pruitt,NCI DAC,,Elia Mmbaga,Released,Processing Status
Whole exome sequencing and RNA-seq to characterize the somatic breast cancer landscape among Latinas in California,phs003218.v1.p1,Gabriel Lai,NCI DAC,,Susan Neuhausen,Released,Processing Status
Single cell sequencing reveals distinct microenvironment cell types associated with response to high dose melphalan and autologous stem cell transplant in multiple myeloma,phs003219.v1.p1,Nathaniel Boyd,NCI DAC,,Brian Walker,Released,Processing Status
Identification of high-risk PHF19 expressing cells in myeloma single cell multiomics,phs003220.v2.p1,Nathaniel Boyd,NCI DAC,,Brian Walker,Released,Processing Status
Genomic profiling of pediatric B-cell Acute Lymphoblastic Leukemia,phs003226.v1.p1,Ian Fingerman,NCI DAC,,Jesse Dixon,Released,Processing Status
Hi-C profiling of solid tumor samples,phs003227.v1.p1,Ian Fingerman,NCI DAC,,Jesse Dixon,Released,Processing Status
Genomics of blastic plasmacytoid dendritic cell neoplasm,phs003228.v1.p1,Ian Fingerman,NCI DAC,,Andrew Lane,Released,Processing Status
Analysis of donor pancreata defines the transcriptomic signature and microenvironment of early neoplastic pancreatic lesions.,phs003229.v1.p1,Ian Fingerman,NCI DAC,,Marina Pasca Di Magliano,Released,Processing Status
Temporal evolution reveals bifurcated lineages in aggressive neuroendocrine small cell prostate cancer trans-differentiation,phs003230.v2.p1,Ian Fingerman,NCI DAC,,Thomas Graeber,Released,Processing Status
Co-occurring Alterations in Multiple Tumor Suppressor Genes are Associated with Worse Outcomes in Patients with EGFR-mutant Lung Cancer,phs003232.v1.p1,Freddie Pruitt,NCI DAC,,Katerina Politi,Completed by GPA,Processing Status
Single Cell Genotypic and Phenotypic Analysis of Measurable Residual Disease in Acute Myeloid Leukemia,phs003233.v1.p1,Freddie Pruitt,NCI DAC,,Wenbin Xiao,Released,Processing Status
Comprehensive Omics Analysis of Pediatric Solid Tumors and Establishment of a Repository for Related Biologic Studies (10C0086),phs003243.v1.p1,Kathleen Calzone,NCI DAC,,Rosandra Kaplan,Released,Processing Status
Deterministic evolution and stringent selection during pre-neoplasia,phs003249.v1.p1,Ian Fingerman,NCI DAC,,Christina Curtis,Released,Processing Status
Genetic studies of homologous recombination deficiency in hispanic gastric cancer,phs003251.v2.p1,Emilie Charlisse Caga-Anan,NCI DAC,,Luis Carvajal,Released,Processing Status
Single-cell ATAC and RNA sequencing of human breast cancer reveals salient cancer-specific enhancers,phs003253.v1.p1,Freddie Pruitt,NCI DAC,,Hector Franco,Released,Processing Status
Single duplex DNA sequencing with CODEC detects mutations with high sensitivity,phs003255.v1.p1,Nathaniel Boyd,NCI DAC,,Viktor Adalsteinsson,Released,Processing Status
Therapy-induced APOBEC3A drives evolution of resistance to targeted therapies in non-small cell lung cancer,phs003256.v1.p1,Freddie Pruitt,NCI DAC,,Aaron Hata,Released,Processing Status
Investigating the role of neddylation in the repair of topoisomerase I-mediated DNA damage in colorectal cancer,phs003257.v1.p1,Kathleen Calzone,NCI DAC,,Yves Pommier,Released,Processing Status
GATA2 Deficiency and the MonoMAC Syndrome,phs003269.v1.p1,Kathleen Calzone,NCI DAC,,Dennis Hickstein,Released,Processing Status
Supraphysiologic MDM2 expression impacts P53-independent chromatin networks and therapeutic responses in sarcoma,phs003272.v1.p1,Ian Fingerman,NCI DAC,,Bradley Bernstein,Released,Processing Status
Association of Oxidative Stress Pathway Alterations with Risk of Treatment Failure in RTOG9512: A Randomized Trial of Hyperfractionation Versus Conventional Fractionation in T2 Squamous Cell Carcinoma of the Vocal Cord,phs003274.v1.p1,Freddie Pruitt,NCI DAC,,David Hayes,Released,Processing Status
Prediction of Resistance and Sensitivity to HER2 Targeted Therapy in the Neoadjuvant Setting,phs003275.v2.p1,Emilie Charlisse Caga-Anan,NCI DAC,,Lisa Carey,Released,Processing Status
MAITS in HCC,phs003279.v1.p1,Kathleen Calzone,NCI DAC,Yes,Tim Greten,Released,Processing Status
Spatiotemporal charting of human esophageal development for epidermolysis bullosa cell therapy,phs003281.v1.p1,Nathaniel Boyd,NCI DAC,,Anthony Oro,Released,Processing Status
Genetic analysis of skin cells,phs003282.v2.p1,Ian Fingerman,NCI DAC,,A. Hunter Shain,Released,Processing Status
Immune-related adverse events after immune checkpoint blockade-based therapy are associated with improved survival in advanced sarcoma,phs003284.v2.p1,Freddie Pruitt,NCI DAC,,Sandra D'Angelo,Released,Processing Status
CDKN2A remodels lipid metabolism to prime glioblastoma for ferroptosis,phs003286.v2.p1,Ian Fingerman,NCI DAC,,David Nathanson,Released,Processing Status
"Cell-free, methylated DNA in blood samples reveals tissue-specific, cellular damage from radiation treatment",phs003290.v1.p1,Freddie Pruitt,NCI DAC,,Anton Wellstein,Released,Processing Status
"Correlative studies in Protocol #9204, which studied ipilimumab or nivolumab in hematologic malignancies after transplantation, including studies in collaboration with CIMAC-CIDC",phs003291.v1.p1,Freddie Pruitt,NCI DAC,Yes,Catherine Wu,Released,Processing Status
Ipilimumab plus decitabine for patients with MDS or AML in post-transplant or transplant naïve settings,phs003292.v1.p1,Freddie Pruitt,NCI DAC,Yes,Jacqueline Garcia,Released,Processing Status
Mechanisms of response and resistance to combined decitabine and ipilimumab for advanced myeloid disease,phs003293.v1.p1,Freddie Pruitt,NCI DAC,,Subhashini Jagu,Completed by GPA,Processing Status
A Randomized Trial of Combined PD-L1 and CTLA-4 Inhibition with Targeted Low-Dose or Hypofractionated Radiation for Patients with Metastatic Colorectal Cancer,phs003294.v1.p1,Freddie Pruitt,NCI DAC,Yes,Jonathan Schoenfeld,Released,Processing Status
"Durvalumab plus tremelimumab alone or in combination with low-dose or hypofractionated radiotherapy in metastatic non-small-cell lung cancer refractory to previous PD(L)-1 therapy: an open-label, multicentre, randomised, phase 2 trial",phs003295.v1.p1,Freddie Pruitt,NCI DAC,Yes,Jonathan Schoenfeld,Released,Processing Status
"Correlative studies in Protocol #10013, which studied drugs carboplatin, paclitaxel, and atezolizumab in TNBC, including those in collaboration with CIMAC-CIDC",phs003296.v1.p1,Freddie Pruitt,NCI DAC,Yes,William Gillanders,Released,Processing Status
Whole Genome Sequencing for Metastatic Mutational Burden in Extraskeletal Myxoid Chondrosarcoma,phs003305.v1.p1,Freddie Pruitt,NCI DAC,,Kurt Weiss,Released,Processing Status
A microwell platform for high-throughput longitudinal phenotyping and selective retrieval of organoids,phs003315.v1.p1,Ian Fingerman,NCI DAC,,Christina Curtis,Released,Processing Status
"A pilot study of neoadjuvant nivolumab, ipilimumab and intralesional oncolytic virotherapy for HER2-negative breast cancer",phs003316.v1.p1,Freddie Pruitt,NCI DAC,,Antoni Ribas,Released,Processing Status
Single-cell multi-omic analysis of the vestibular schwannoma ecosystem uncovers a nerve injury-like state,phs003318.v1.p1,Freddie Pruitt,NCI DAC,,Albert Kim,Released,Processing Status
RNA sequencing of ECOG-E1308,phs003320.v1.p1,Grace Mishkin,NCI DAC,,Wendell Yarbrough,Released,Processing Status
Whole Exome and RNA Sequencing of 22 Patient-Derived Xenografts from Estrogen Receptor-Positive Breast Cancers,phs003324.v1.p1,Freddie Pruitt,NCI DAC,,Michael Ittmann,Released,Processing Status
DNA-sequencing of baseline plasma from the phase III Alliance A031201 trial,phs003325.v2.p1,Freddie Pruitt,NCI DAC,,Scott Dehm,Released,Processing Status
Uveal Melanoma Immunogenomics Predict Immunotherapy Resistance and Susceptibility,phs003330.v1.p1,Nathaniel Boyd,NCI DAC,,Udai Kammula,Released,Processing Status
BarcUVa-Seq (Biology of Colorectal Cancer Risk Enhancers),phs003338.v1.p1,Emilie Charlisse Caga-Anan,NCI DAC,,Graham Casey,Released,Processing Status
Meta-analysis of genome-wide association studies of bladder cancer risk,phs003342.v1.p1,Geoffrey Tobias,NCI DAC,,Nathaniel Rothman,Released,Processing Status
Targeted linked-read DNA-seq analysis of castration-resistant prostate cancers,phs003343.v1.p1,Ian Fingerman,NCI DAC,,Scott Dehm,Released,Processing Status
Non-breast/ovarian tumors in germline BRCA1/2 carriers,phs003348.v2,Mariam Eljanne,NCI DAC,,Kara Maxwell,Awaiting GPA's Approval,Processing Status
T Cells Expressing a Novel Fully-Human Anti-BCMA CAR for Treating Multiple Myeloma,phs003352.v1.p1,Abid Al Reza,NCI DAC,,James Kochenderfer,Completed by GPA,Processing Status
Evolution of Structural Rearrangements in Prostate Cancer Intracranial Metastases,phs003357.v1.p1,Freddie Pruitt,NCI DAC,,Himisha Beltran,Released,Processing Status
Bulk ATAC and RNA sequencing of human breast cancer metastasis samples,phs003363.v1.p1,Freddie Pruitt,NCI DAC,,Hector Franco,Released,Processing Status
A novel type of monocytic leukemia stem cell revealed by the clinical use of venetoclax-based therapy,phs003367.v1.p1,Ian Fingerman,NCI DAC,,Craig Jordan,Completed by GPA,Processing Status
Patient-derived models of prostate cancer,phs003369.v3.p1,Freddie Pruitt,NCI DAC,,Renea Taylor,Released,Processing Status
"GU 16-257: Neoadjuvant gemcitabine, cisplatin, plus nivolumab in patients with muscle- invasive bladder cancer with selective bladder sparing: CIMACC-CIDC",phs003372.v1.p1,Freddie Pruitt,NCI DAC,Yes,Matthew Galsky,Released,Processing Status
"A Phase I Study of the Treatment of Recurrent Malignant Glioma with rQNestin34.5v.2, a Genetically Engineered HSV-1 Virus, and Immunomodulation with Cyclophosphamide",phs003378.v2.p1,Grace Mishkin,NCI DAC,,E. Chiocca,Released,Processing Status
Germline mutations and developmental mosaicism underlying EGFR-mutant lung cancer,phs003379.v1.p1,Nathaniel Boyd,NCI DAC,,Gad Getz,Released,Processing Status
Cryptic Splice Mutation in the Fumarate Hydratase Gene in Patients With Clinical Manifestations of Hereditary Leiomyomatosis and Renal Cell Cancer (HLRCC).,phs003381.v1.p1,Abid Al Reza,NCI DAC,,Marston Linehan,Released,Processing Status
PCPT and SELECT Cohorts: Core Infrastructure Support for Cancer Research,phs003382.v1.p1,Claire Zhu,NCI DAC,,Catherine Tangen,Released,Processing Status
Subtyping of Small Cell Lung Cancer using plasma cell-free nucleosomes,phs003393.v1.p1,Abid Al Reza,NCI DAC,,Anish Thomas,Completed by GPA,Processing Status
Systematic identification of minor histocompatibility antigens informs outcomes after allogeneic stem cell transplantation,phs003394.v2,Freddie Pruitt,NCI DAC,,Catherine Wu,Completed by GPA,Processing Status
A Phase 2 Study of MEDI4736(durvalumab) and Tremelimumab Alone or in Combination with High or Low-Dose Radiation in Metastatic Colorectal and NSCLC,phs003401.v1.p1,Grace Mishkin,NCI DAC,Yes,Jonathan Schoenfeld,Completed by GPA,Processing Status
Genomic tumor correlates of clinical outcomes following organ-sparing chemoradiation therapy for bladder cancer,phs003402.v1.p1,Freddie Pruitt,NCI DAC,,David Miyamoto,Released,Processing Status
Genomic Analysis of Prostate Tumor Heterogeneity in Metastasis,phs003404.v1.p1,Freddie Pruitt,NCI DAC,,Carlos Moreno,Released,Processing Status
scRNAseq of Human Urothelial Carcinoma,phs003405.v1.p1,Freddie Pruitt,NCI DAC,,William Kim,Released,Processing Status
Tracking Therapy-Resistant Alterations in Childhood Acute Lymphoblastic Leukemia,phs003409.v1.p1,Joseph Flores-Toro,NCI DAC,,Xiaotu Ma,Released,Processing Status
A human lymphoma organoid model for evaluating and targeting the follicular lymphoma tumor immune microenvironment,phs003410.v1.p1,Freddie Pruitt,NCI DAC,,Ash Alizadeh,Released,Processing Status
Correlative study in Protocol S1400I; A PHASE III RANDOMIZED STUDY OF NIVOLUMAB PLUS IPILIMUMAB VERSUS NIVOLUMAB IN STAGE IV SQUAMOUS CELL LUNG CANCER (CIMAC-CIDC),phs003412.v1.p1,Freddie Pruitt,NCI DAC,Yes,Michael Leblanc,Released,Processing Status
"Immune Responses in Checkpoint Myocarditis Across Heart, Blood, and Tumor",phs003413.v1.p1,Freddie Pruitt,NCI DAC,,Alexandra-Chloe Villani,Released,Processing Status
"A Randomized Phase 2 Study of Cabozantinib in Combination with Nivolumab in Advanced, Recurrent Metastatic Endometrial Cancer",phs003414.v1.p1,Freddie Pruitt,NCI DAC,Yes,Stephanie Lheureux,Released,Processing Status
Transcriptomic and epigenetic profiling of SCLC patient samples.,phs003416.v1.p1,Freddie Pruitt,NCI DAC,,Lauren Shipley,Released,Processing Status
Altered interactions between circulating and tissue-resident CD8 T cells with the colonic mucosa define checkpoint inhibitor colitis,phs003418.v1.p1,Freddie Pruitt,NCI DAC,,Alexandra-Chloe Villani,Released,Processing Status
Patient-Derived Models of Prostate Cancer for Personalized Medicine,phs003420.v1.p1,Ian Fingerman,NCI DAC,,Nora Navone,Completed by GPA,Processing Status
Hereditary Gastric Cancer Syndromes: An Integrated Genomic and Clinicopathologic Study of the Predisposition to Gastric Cancer,phs003422.v1.p1,Abid Al Reza,NCI DAC,,Jeremy Davis,Released,Processing Status
Extensive Convergent Evolution of BRCA2 Reversion Mutations Under Therapeutic Pressure by PARP Inhibition and Platinum Chemotherapy,phs003423.v1.p1,Freddie Pruitt,NCI DAC,,Alison Schram,Completed by GPA,Processing Status
Pooled Mutant KRAS-Targeted Long Peptide Vaccine Combined With Nivolumab and Ipilimumab for Patients With Resected MMR-p Colorectal and Pancreatic Cancer,phs003425.v2.p1,Freddie Pruitt,NCI DAC,,Neeha Zaidi,Released,Processing Status
CALGB/SWOG 80405: Genome-Wide Association Study of Patients With Advanced or Metastatic Colorectal Cancer Treated with First-Line Chemotherapy Combined With Cetuximab and/or Bevacizumab,phs003428.v1.p1,Grace Mishkin,NCI DAC,,Kouros Owzar,Released,Processing Status
Children's Hospital of Philadelphia B- and T-cell Acute Leukemia and Lymphomas,phs003432.v2,Freddie Pruitt,NCI DAC,Yes,David Teachey,Completed by GPA,Processing Status
Establishment of a Lifetime Cohort of Individuals Surviving Childhood Cancer,phs003434.v1.p1,Emilie Charlisse Caga-Anan,NCI DAC,,Melissa Hudson,Completed by GPA,Processing Status
Circulating Genomic Determinants of Treatment Failure in Hodgkin Lymphoma,phs003435.v1.p1,Freddie Pruitt,NCI DAC,,Ash Alizadeh,Released,Processing Status
KRT17High/CXCL8+ tumor cells display both classical and basal features and regulate myeloid infiltration in the pancreatic cancer microenvironment.,phs003436.v1.p1,Justin Benavidez,NCI DAC,,Marina Pasca Di Magliano,Released,Processing Status
Integrated Somatic and Germline Molecular Properties Dictating Biological and Clinical Phenotypes in Cancer,phs003438.v3,Freddie Pruitt,NCI DAC,,Eliezer Van Allen,Awaiting GPA's Approval,Processing Status
Cancer Immune Monitoring and Analysis Centers - Cancer Immunologic Data Commons (CIMAC-CIDC) studies in DART (S1609): Dual Anti-CTLA-4 and Anti-PD-1 Blockade in Rare Tumors,phs003443.v1.p1,Freddie Pruitt,NCI DAC,Yes,Michael Leblanc,Completed by GPA,Processing Status
Profiling RNA translation in pediatric medulloblastoma,phs003446.v1.p1,Freddie Pruitt,NCI DAC,,John Prensner,Released,Processing Status
MAESTRO-Pool enables highly parallel and specific mutation-enrichment sequencing for minimal residual disease detection in cohort studies,phs003447.v1.p1,Freddie Pruitt,NCI DAC,,Viktor Adalsteinsson,Released,Processing Status
"Correlative studies in Protocol E4412, which studied Combinations of Ipilimumab, Nivolumab and Brentuximab Vedotin in Patients with Relapsed/Refractory Hodgkin Lymphoma, in collaboration with CIMAC-CIDC",phs003450.v1.p1,Freddie Pruitt,NCI DAC,Yes,Catherine Diefenbach,Released,Processing Status
The genetic evolution of acral melanoma,phs003451.v2.p1,Freddie Pruitt,NCI DAC,,Boris Bastian,Released,Processing Status
Phase 2 Study of Pembrolizumab in Combination With Gemcitabine and Cisplatin as Neoadjuvant Therapy,phs003452.v1.p1,Freddie Pruitt,NCI DAC,,Matthew Milowsky,Released,Processing Status
"Correlative studies for Protocol #14-C-0059, which studied anti-GD2-CAR T cells in GD2+ solid tumors, in collaboration with CIMAC-CIDC",phs003455.v2,Freddie Pruitt,NCI DAC,Yes,Rosandra Kaplan,Completed by GPA,Processing Status
Assessing Individual Head and Neck Squamous Cell Carcinoma Patient Response to Therapy Through Integration of Functional and Genomic Data,phs003456.v1.p1,Freddie Pruitt,NCI DAC,,Molly Kulesz-Martin,Released,Processing Status
Sensitive and accurate tumor detection by methylation and hemi-methylation of plasma cell-free DNA,phs003462.v1.p1,Freddie Pruitt,NCI DAC,,Zhiguo Zhang,Released,Processing Status
Genomic Landscape of Colorectal Cancer in a Multi-Ancestry Cohort,phs003464.v1.p1,Emilie Charlisse Caga-Anan,NCI DAC,,Stephanie Schmit,Released,Processing Status
Fiber-rich Foods to Treat Obesity and Prevent Colon Cancer,phs003465.v1.p1,Claire Zhu,NCI DAC,,Terryl Hartman,Completed by GPA,Processing Status
"Breast Cancer In Blacks: Impact of Genomics, Healthcare Use and Lifestyle on Outcomes (BRIGHT)",phs003466.v1.p1,Emilie Charlisse Caga-Anan,NCI DAC,,Tuya Pal,Released,Processing Status
A missense SNP in the tumor suppressor SETD2 reduces H3K36me3 and mitotic spindle integrity in Drosophila,phs003474.v1.p1,Freddie Pruitt,NCI DAC,,Rebecca Arnold,Released,Processing Status
Impact of Chemotherapy on the Somatic Mutation Burden of Sperm and Other Tissues,phs003476.v1.p1,Freddie Pruitt,NCI DAC,,Jonathan Shoag,Released,Processing Status
CEBP-Beta/IL-1-Beta/ TNF-alpha Feedback Loop Drives Drug Resistance to BCL2 and MDM2 Inhibitors in Monocytic Leukemia Cells,phs003479.v1.p1,Freddie Pruitt,NCI DAC,,Haijiao Zhang,Released,Processing Status
Single-cell RNA-sequencing of human prostatectomy tissue,phs003480.v2.p1,Freddie Pruitt,NCI DAC,,Srinivasan Yegnasubramanian,Released,Processing Status
Epigenomics of Prostate Cancer from Cell Free Plasma,phs003482.v2.p1,Abid Al Reza,NCI DAC,,David Takeda,Released,Processing Status
Acquired Cross-Resistance in Small Cell Lung Cancer Patient-Derived Xenografts,phs003486.v1.p1,Freddie Pruitt,NCI DAC,,Benjamin Drapkin,Released,Processing Status
APOLLO2: Applied Proteogenomics of High Grade Serous Ovarian Carcinoma,phs003488.v1.p1,Sean Hanlon,NCI DAC,Yes,Thomas Conrads,Released,Processing Status
Impact of genetic variation on response to GO therapy in COG-AML Trials AAML03P1 and AAML0531,phs003490.v1.p1,Freddie Pruitt,NCI DAC,,Jatinder Lamba,Released,Processing Status
CIDR: Multi-Ancestry Mapping of Pancreatic Cancer Susceptibility Loci: The Pancreatic Cancer Case Control Consortium and Pancreatic Cancer Cohort Consortium – PanScan Collaboration,phs003492.v1.p1,Emilie Charlisse Caga-Anan,NCI DAC,,Alison Klein,Completed by GPA,Processing Status
Circulating tumor DNA analyses of breast cancer patients paired and over time,phs003500.v1.p1,Freddie Pruitt,NCI DAC,,Daniel Stover,Completed by GPA,Processing Status
Systems analysis of single-cell heterogeneity underlying glioma drug resistance,phs003501.v1.p1,Freddie Pruitt,NCI DAC,,James Park,Released,Processing Status
ILyAD (Indolent Lymphoma And vitamin D),phs003503.v1.p1,Freddie Pruitt,NCI DAC,,Jonathan Friedberg,Released,Processing Status
National Cancer Institute Multi-Ancestry Genome-Wide Association Study of Kidney Cancer (NCI-3),phs003505.v1.p1,Geoffrey Tobias,NCI DAC,,Mark Purdue,Released,Processing Status
DNA methylation in prostate tumor and paired benign tissue for African and European ancestry men,phs003516.v1.p1,Freddie Pruitt,NCI DAC,,Brandon Pierce,Released,Processing Status
A Cohort Study to Evaluate Genetic Predictors of Aromatase Inhibitor Musculoskeletal Symptoms (AIMSS),phs003517.v1.p1,Freddie Pruitt,NCI DAC,,Vered Stearns,Released,Processing Status
Development and application of a scalable workflow for immunomagnetic separation of exRNA carrier subclasses and molecular analysis of their cargo.,phs003518.v1.p1,Justin Benavidez,NCI DAC,,Louise Laurent,Completed by GPA,Processing Status
Childhood Cancer Data Initiative (CCDI): Single-cell atlas of NF1 nerve sheath tumors,phs003519.v1.p1,Freddie Pruitt,NCI DAC,Yes,John Shern,Released,Processing Status
Epigenetic damage in women living in LA food-desert zip codes,phs003522.v1.p1,Emilie Charlisse Caga-Anan,NCI DAC,,Victoria Seewaldt,Released,Processing Status
"Correlative studies in Protocol BACCI, which studied Capecitabine, B",phs003526.v1.p1,Freddie Pruitt,NCI DAC,Yes,Andrew Nixon,Completed by GPA,Processing Status
"Correlative studies in Protocol NRG-LU004, which studied radiation and immunotherapy in lung cancer, in collaboration with CIMAC-CIDC",phs003528.v1.p1,Freddie Pruitt,NCI DAC,Yes,Steven Lin,Completed by GPA,Processing Status
"Dana-Farber/Harvard Cancer Center Experimental Therapeutics Trials Network Site (DF/HCC ETCTN Site) 9825, 9875, and 9984 Analyses",phs003534.v1.p1,Grace Mishkin,NCI DAC,,Geoffrey Shapiro,Completed by GPA,Processing Status
INTEGRATING GENOMIC AND TRANSCRIPTOMIC DATA TO IDENTIFY BREAST CANCER SUSCEPTIBILITY GENES,phs003535.v3,Emilie Charlisse Caga-Anan,NCI DAC,,Wei Zheng,Awaiting GPA's Approval,Processing Status
Dana-Farber/Harvard Cancer Center Experimental Therapeutics Trials Network Site (DF/HCC ETCTN Site) Trial 10057,phs003536.v1.p1,Freddie Pruitt,NCI DAC,Yes,Geoffrey Shapiro,Completed by GPA,Processing Status
Light at night and prostate cancer in the Health Professionals Follow up Study,phs003538.v1.p1,Emilie Charlisse Caga-Anan,NCI DAC,,Lorelei Mucci,Released,Processing Status
3D Genomic Mapping of Human Pancreatic Precancers,phs003549.v1.p1,Justin Benavidez,NCI DAC,,Laura Wood,Completed by GPA,Processing Status
The MD Anderson Cutaneous Melanoma Case Control Study,phs003555.v1.p1,Emilie Charlisse Caga-Anan,NCI DAC,,Chad Huff,Completed by GPA,Processing Status
Molecular characterization of Wilms tumor specimens,phs003559.v1.p1,Joseph Flores-Toro,NCI DAC,,Kenneth Chen,Completed by GPA,Processing Status
The role of E2F4 in controlling resistance to irinotecan (CPT-11) in human colon cancer,phs003560.v1.p1,Freddie Pruitt,NCI DAC,,Piero Dalerba,Released,Processing Status
Spatial transcriptomics reveals discrete tumour microenvironments and autocrine loops within ovarian cancer subclones,phs003561.v1.p1,Freddie Pruitt,NCI DAC,,Alistair Forrest,Released,Processing Status
Transfer learning associates CAFs with EMT and inflammation in tumor cells in human tumors and organoid co-culture in pancreatic ductal adenocarcinoma,phs003563.v1.p1,Freddie Pruitt,NCI DAC,,Elana Fertig,Released,Processing Status
Aberrant activation of wound healing programs within the metastatic niche facilitates lung colonization by osteosarcoma cells,phs003569.v1.p1,Justin Benavidez,NCI DAC,,Ryan Roberts,Released,Processing Status
Detecting and subtyping lung cancer through analysis of gene expression from circulating tumor DNA,phs003570.v1.p1,Freddie Pruitt,NCI DAC,,David Macpherson,Released,Processing Status
"Correlative studies in Protocol 18-279, which studies NeoVas, Montanide, nivolumab, and local ipilimunab in melanoma",phs003572.v1.p1,Freddie Pruitt,NCI DAC,Yes,Patrick Ott,Completed by GPA,Processing Status
Proteogenomic analysis of CALGB40601 (ALLIANCE) a neoadjuvant phase III HER2-positive breast cancer trial,phs003576.v1.p1,Grace Mishkin,NCI DAC,,Sumithra Mandrekar,Released,Processing Status
Phase II study of cryoablation and post-progression immune checkpoint inhibition in metastatic melanoma,phs003579.v1.p1,Grace Mishkin,NCI DAC,,Nir Hacohen,Released,Processing Status
"Sebaceous Neoplasm Tissue Study, 20190101",phs003580.v1.p1,Abid Al Reza,NCI DAC,,Gabriel Starrett,Completed by GPA,Processing Status
Correlative studies in NRG-GY021: Olaparib and tremelimumab in Ovarin cancer (CIMAC-CIDC),phs003583.v1.p1,Freddie Pruitt,NCI DAC,Yes,Sarah Adams,Completed by GPA,Processing Status
Correlative studies in Protocol #2017-0349: Nivolumab and Ipilimumab in AML/MDS post-allogenic transplantation (CIMAC-CDC),phs003585.v1.p1,Freddie Pruitt,NCI DAC,Yes,Gheath Al-Atrash,Completed by GPA,Processing Status
Luminal Androgen Receptor-Enriched tripple Negative Breast Cancer,phs003586.v1.p1,Freddie Pruitt,NCI DAC,,Jeffrey Chang,Released,Processing Status
The CHK1 inhibitor prexasertib in BRCA wild-type platinum-resistant recurrent high-grade serous ovarian carcinoma: a phase 2 trial,phs003588.v1.p1,Abid Al Reza,NCI DAC,,Jung-Min Lee,Completed by GPA,Processing Status
FIGHT-207- Anonymized Genomic Alterations and Clinical Responses,phs003590.v1.p1,Freddie Pruitt,NCI DAC,,Aidan Gilmartin,Released,Processing Status
Genomics analysis reveals molecular patterns of tumorigenesis in HPV-associated and HPV-independent sinonasal squamous cell carcinoma,phs003591.v1.p1,Kathleen Calzone,NCI DAC,,Nyall London,Released,Processing Status
ViPOR in Relapsed/Refractory B-Cell Lymphoma,phs003592.v1.p1,Abid Al Reza,NCI DAC,Yes,Christopher Melani,Completed by GPA,Processing Status
Ongoing Replication Stress Tolerance and Clonal T Cell Responses Distinguish Liver and Lung Recurrence and Patient Outcomes in Pancreatic Ductal Adenocarcinoma,phs003597.v1.p1,Freddie Pruitt,NCI DAC,,Rosalie Sears,Released,Processing Status
Comprehensive Genomic Data Deposition for Pancreatic Cancer Precision Medicine Studies: Clinical Trials NCT02451982 and NCT02648282,phs003600.v1.p1,Nathaniel Boyd,NCI DAC,,Lei Zheng,Released,Processing Status
"Circulating, cell-free methylated DNA reveals cellular sources of allograft injury after liver transplant",phs003610.v2,Freddie Pruitt,NCI DAC,,Anton Wellstein,Completed by GPA,Processing Status
Goblet Cell Adenocarcinoma Molecular Profiles,phs003611.v1.p1,Freddie Pruitt,NCI DAC,Yes,John Paul Shen,Completed by GPA,Processing Status
BET inhibition reforms the immune microenvironment and alleviates T-cell dysfunction in chronic lymphocytic leukemia,phs003613.v1.p1,Freddie Pruitt,NCI DAC,,Dalia Elgamal,Released,Processing Status
Defining intrinsic and acquired mechanisms of immune checkpoint blockade resistance in glioblastoma,phs003614.v2.p1,Freddie Pruitt,NCI DAC,,Gad Getz,Released,Processing Status
Phase 2 study of Nivolumab and Entinostat in unresectable or metastatic cholangiocarcinoma and pancreatic adenocarcinoma,phs003615.v1.p1,Freddie Pruitt,NCI DAC,,Marina Baretti,Released,Processing Status
Addition of atezolizumab to carboplatin significantly improves survival of patients with metastatic triple-negative breast cancer: TBCRC 043 phase 2 randomized clinical trial,phs003617.v1.p1,Freddie Pruitt,NCI DAC,,Jennifer Pietenpol,Completed by GPA,Processing Status
Immune determinants of resistance to PD-1 blockade in renal cell carcinoma,phs003618.v1.p1,Freddie Pruitt,NCI DAC,,Catherine Wu,Released,Processing Status
Whole Exome and mtDNA Genome Sequencing of Pediatric Chordomas,phs003622.v1.p1,Freddie Pruitt,NCI DAC,,Xiaowu Gai,Completed by GPA,Processing Status
BIRC5 Upregulation Enhances DNMT3A-Mutant T-ALL Cell Survival and Pathogenesis,phs003623.v1.p1,Justin Benavidez,NCI DAC,,Grant Challen,Released,Processing Status
Subtyping of Small Cell Lung Cancer using ChIP-seq of plasma cell-free nucleosomes and matched tumor transcriptomes,phs003628.v1.p1,Abid Al Reza,NCI DAC,,Anish Thomas,Released,Processing Status
Pre-existing skin-resident CD8 and gd T cell circuits mediate immune response in Merkel cell carcinoma and predict immunotherapy efficacy,phs003629.v1.p1,Freddie Pruitt,NCI DAC,,Kenneth Tsai,Released,Processing Status
Elucidating mechanisms of the graft versus leukemia effect of hematopoietic stem cell transplant for acute myeloid leukemia,phs003630.v1.p1,Freddie Pruitt,NCI DAC,,Catherine Wu,Released,Processing Status
"Clonal Evolution of Patients with CLL following Ibrutinib, chlorambucil or watch and wait",phs003631.v1.p1,Freddie Pruitt,NCI DAC,,Gad Getz,Completed by GPA,Processing Status
Whole exome sequencing and RNA sequencing of high grade serous ovarian cancer in black and white patients,phs003632.v1.p1,Emilie Charlisse Caga-Anan,NCI DAC,,Jennifer Doherty,Released,Processing Status
Genomic Analysis of Diffuse Large B Cell Lymphoma,phs003634.v1.p1,Freddie Pruitt,NCI DAC,,Anne Novak,Released,Processing Status
APOLLO-BRCA-1: Proteogenomic analysis of breast cancer in younger (<40 yo) vs older patients (>=60 yo),phs003636.v1.p1,Sean Hanlon,NCI DAC,Yes,Hai Hu,Released,Processing Status
Long-read sequencing to identify inherited mutations predisposing to breast cancer,phs003638.v1.p1,Justin Benavidez,NCI DAC,,Mary-Claire King,Released,Processing Status
The somatic mutational landscape of thyroid cancer in patients with germline PTEN mutations,phs003640.v1.p1,Freddie Pruitt,NCI DAC,,Charis Eng,Released,Processing Status
Collagen XVII promotes pancreatic cancer through regulation of PIK3R5,phs003641.v1.p1,Justin Benavidez,NCI DAC,,Andrew Liss,Released,Processing Status
Characterization of the transcriptome for fibrolamellar,phs003643.v1.p1,Freddie Pruitt,NCI DAC,,Sanford Simon,Completed by GPA,Processing Status
Targeting SS18-SSX biology in sarcomerogenesis,phs003646.v1.p1,Justin Benavidez,NCI DAC,,Martin Hirst,Completed by GPA,Processing Status
Precision Interception of Gastric Cancer Precursors Through Molecular and Cellular Risk Stratification,phs003648.v1.p1,Claire Zhu,NCI DAC,,Hanlee Ji,Released,Processing Status
Efficacy and immune effects of anakinra prophylaxis for neurologic toxicity and cytokine release syndrome in patients with lymphoma receiving axicabtagene ciloleucel,phs003655.v1.p1,Freddie Pruitt,NCI DAC,,Marcela Maus,Released,Processing Status
Methylation-based immune deconvolution in prostate cancer patients before and after radical prostatectomy,phs003660.v1.p1,Abid Al Reza,NCI DAC,,Peter Pinto,Released,Processing Status
Prostate Cancer Upgrading Reference Set,phs003670.v1.p1,Claire Zhu,NCI DAC,,Robin Leach,Released,Processing Status
Characterizing the Risk of Chemotherapy Side Effects Based on Epigenetic Age and Modification by Resistance Training Intervention,phs003671.v1.p1,Emilie Charlisse Caga-Anan,NCI DAC,,Alexandra Binder,Released,Processing Status
Multiomic analyses of neoadjuvant immunotherapy treated hepatocellular carcinoma,phs003672.v1.p1,Freddie Pruitt,NCI DAC,,Mark Yarchoan,Completed by GPA,Processing Status
Genomic and Immune Profiling of Breast Cancer Brain Metastases,phs003673.v1.p1,Freddie Pruitt,NCI DAC,,Carey Anders,Released,Processing Status
Chromothripsis in small cell lung carcinoma associated with carcinoid transformation,phs003676.v1.p1,Freddie Pruitt,NCI DAC,,Charles Rudin,Released,Processing Status
Genomic mechanisms of resistance to tyrosine kinase inhibitors (TKIs) in HER2+ metastatic breast cancer (HER2+ MBC),phs003677.v1.p1,Freddie Pruitt,NCI DAC,,Gad Getz,Completed by GPA,Processing Status
Cutaneous squamous cell carcinoma: integrating germline and somatic alterations that underlie tumor progression,phs003681.v1.p1,Emilie Charlisse Caga-Anan,NCI DAC,,Maryam Asgari,Released,Processing Status
EWS-WT1 fusion isoforms establish oncogenic programs and therapeutic vulnerabilities in Desmoplastic Small Round Cell Tumors,phs003682.v1.p1,Freddie Pruitt,NCI DAC,,Miguel Rivera,Released,Processing Status
Somatic mutations in individual skin cells,phs003683.v2.p1,Justin Benavidez,NCI DAC,,Alan Shain,Released,Processing Status
MP2PRT: Evaluation of an inflammation polygenic risk score (iPRS) to predict cancer related cognitive impairment and fatigue in patients receiving chemotherapy for non-metastatic breast cancer in URCC0701 and URCC10055,phs003688.v1.p1,Grace Mishkin,NCI DAC,,Sarah Kerns,Released,Processing Status
Genomic alterations and transcriptional phenotypes in circulating tumor DNA and matched metastatic tumor,phs003689.v1.p1,Kathleen Calzone,NCI DAC,,Anish Thomas,Released,Processing Status
Single cell characterization of healthy and malignant hematopoiesis,phs003690.v1.p1,Joseph Flores-Toro,NCI DAC,,Ravindra Majeti,Completed by GPA,Processing Status
"Somatic mutations in 3,929 HPV-positive exfoliated cervical cell samples",phs003691.v1.p1,Geoffrey Tobias,NCI DAC,,Lisa Mirabello,Released,Processing Status
Proteogenomic characterization of difficult-to-treat breast cancer with tumor cells enriched through laser microdissection,phs003695.v1.p1,Freddie Pruitt,NCI DAC,,Craig Shriver,Completed by GPA,Processing Status
Evolving cell states and oncogenic drivers during the progression of IDH-mutant gliomas,phs003697.v1.p1,Justin Benavidez,NCI DAC,,Bradley Bernstein,Released,Processing Status
"Correlative studies in the OPTIMAL, trial (TOP17 05), which studied raivolumab, ipilimumab, and taxane in NSCLC, including studies in collaboration with CIMAC-CIDC",phs003698.v1.p1,Freddie Pruitt,NCI DAC,Yes,Jeffrey Clarke,Completed by GPA,Processing Status
"Botensilimab, an Fc-enhanced anti-CTLA-4 antibody, is effective against tumors poorly responsive to conventional immunotherapy",phs003704.v1.p1,Joseph Flores-Toro,NCI DAC,,Dhan Chand,Released,Processing Status
"Clinical outcomes and ctDNA correlates for CAPOX BETR: A phase II trial of capecitabine, oxaliplatin, bevacizumab, trastuzumab in previously untreated advanced HER2+ gastroesophageal adenocarcinoma",phs003706.v1.p1,Nathaniel Boyd,NCI DAC,,Harshabad Singh,Released,Processing Status
MP2PRT-MNG: Identifying novel molecular markers of response to radiotherapy in meningiomas using samples from the RTOG-0539 (NCT00895622),phs003707.v2.p1,Grace Mishkin,NCI DAC,,Kenneth Aldape,Released,Processing Status
A personalized neoantigen vaccine generates anti-tumor immunity in high-risk renal cell carcinoma,phs003710.v2.p1,Nathaniel Boyd,NCI DAC,,Catherine Wu,Released,Processing Status
Early detection of malignant and pre-malignant peripheral nerve tumors using cell-free DNA fragmentomics,phs003712.v1.p1,Abid Al Reza,NCI DAC,,Jack Shern,Released,Processing Status
Mutation patterns predict drug response in acute myeloid leukemia,phs003715.v1.p1,Freddie Pruitt,NCI DAC,,Pamela Becker,Released,Processing Status
Molecular Analysis of Alliance A031201 study,phs003717.v1.p1,Grace Mishkin,NCI DAC,,Matthew Milowsky,Released,Processing Status
CALGB 140202,phs003719.v1.p1,Grace Mishkin,NCI DAC,,Jason Merker,Completed by GPA,Processing Status
Peritoneal metastasis evolution,phs003722.v1.p1,Justin Benavidez,NCI DAC,,Kamila Naxerova,Completed by GPA,Processing Status
Contextual and Health Behavior Effects on Epigenetic Aging Among Africans in the Family and Community Health Studies,phs003723.v1.p1,Emilie Charlisse Caga-Anan,NCI DAC,,Frederick Gibbons,Released,Processing Status
Carolina Breast Cancer Study,phs003725.v2.p1,Freddie Pruitt,NCI DAC,,Melissa Troester,Released,Processing Status
Multiomic profiling of adult acute myeloid leukemia patients,phs003728.v1.p1,Emilie Charlisse Caga-Anan,NCI DAC,,Ann-Kathrin Eisfeld,Completed by GPA,Processing Status
Epigenetic control of Topoisomerase 1 by macroH2A1.1,phs003729.v2.p1,Justin Benavidez,NCI DAC,,Philipp Oberdoerffer,Released,Processing Status
GENomics of CAncer DisparitiEs (GENCADE),phs003731.v1.p1,Justin Benavidez,NCI DAC,,Jennifer Freedman,Released,Processing Status
CIDR: Elucidating Epigenetic Mechanisms of Racial/Ethnic Disparities in Pancreatic Cancer,phs003735.v1.p1,Emilie Charlisse Caga-Anan,NCI DAC,,Brian Huang,Released,Processing Status
Single-cell analysis of the multiple myeloma microenvironment after g-secretase inhibition and CAR T-cell therapy,phs003741.v1.p1,Freddie Pruitt,NCI DAC,,David Coffey,Released,Processing Status
Single Cell RNA-sequencing of BCG naïve and recurrent non-muscle invasive bladder cancer reveals a CD6/ALCAM-mediated immune-suppressive pathway,phs003742.v1.p1,Joseph Flores-Toro,NCI DAC,,Vladimir Makarov,Released,Processing Status
Identifying and Reducing Disparities in Patient-Reported Outcomes Among African American Prostate Cancer Survivors,phs003745.v2,Emilie Charlisse Caga-Anan,NCI DAC,,Brian Gonzalez,Completed by GPA,Processing Status
Dynamic evolution of fibroblasts revealed by single cell RNA sequencing of human pancreatic cancer,phs003751.v1.p1,Freddie Pruitt,NCI DAC,,Andrew Liss,Released,Processing Status
"Correlative studies for Protocol #ABTC-1603, which studied drugs aglatimagene besadenovec, temozolomide, nivolumab, and valacyclovir hydrchloride in newly diagnosed high-grade gliomas in collaboration with CIMAC-CIDC",phs003753.v1.p1,Freddie Pruitt,NCI DAC,Yes,Stuart Grossman,Released,Processing Status
Whole exome sequencing of head and neck patients-derived tumor organoids and formalin fixed paraffin embedded tumor tissue,phs003755.v1.p1,Abid Al Reza,NCI DAC,,Senthil Muthuswamy,Released,Processing Status
"Programs, Origins, and Immunomodulatory Functions of Myeloid Cells in Gliomas",phs003756.v2,Justin Benavidez,NCI DAC,,Bradley Bernstein,Completed by GPA,Processing Status
DirectHRD enables sensitive scar-based classification of homologous recombination deficiency (HRD),phs003760.v1.p1,Freddie Pruitt,NCI DAC,,Viktor Adalsteinsson,Released,Processing Status
A clone's genomic stability as a biomarker of its DNA-damage resilience,phs003762.v1.p1,Mariam Eljanne,NCI DAC,,Noemi Andor,Released,Processing Status
A matrix metalloproteinase biosensor-functionalized metastasis-on-a-chip platform for evaluating adrenocortical carcinoma progression,phs003764.v1.p1,Mousumi Ghosh,NCI DAC,,Priya Dedhia,Completed by GPA,Processing Status
Pharmacokinetics and Pharmacogenomics of Ribociclib in Race-based Cohorts (LEANORA),phs003770.v1.p1,Kathleen Calzone,NCI DAC,,Sandra Swain,Released,Processing Status
Identification of novel immunotherapy targets in myeloma,phs003772.v1.p1,Nathaniel Boyd,NCI DAC,,Brian Walker,Released,Processing Status
Genomics studies of AML in patients older than 60 years of age (ECOG-ACRIN Cancer Research Group’s clinical trial e3999),phs003773.v2,Freddie Pruitt,NCI DAC,Yes,Francine Garrett-Bakelman,Completed by GPA,Processing Status
Deidentified whole genome sequencing of matched tumor and normal from five pancreatic cancer patients,phs003775.v1.p1,Freddie Pruitt,NCI DAC,,Angelo De Marzo,Released,Processing Status
Rearrangements of viral and human genomes at human papillomavirus integration events and their allele-specific impacts on cancer genome regulation,phs003780.v2.p1,Freddie Pruitt,NCI DAC,,Marco Marra,Completed by GPA,Processing Status
A091401 Randomized Phase II Study of Nivolumab With or Without Ipilimumab in Patients With Metastatic or Unresectable Sarcoma,phs003785.v1.p1,Grace Mishkin,NCI DAC,,Sandra D'Angelo,Released,Processing Status
Mind Body Study: a sub-study on psychosocial factors and microbiomes of nurses in the Nurse’s Health Study II,phs003786.v1.p1,Emilie Charlisse Caga-Anan,NCI DAC,,Heather Eliassen,Released,Processing Status
Single-cell RNA-sequencing of tumor and immune cells from patients with Asymptomatic Waldenstrom's Macroglobulinemia,phs003787.v1.p1,Justin Benavidez,NCI DAC,,Irene Ghobrial,Released,Processing Status
Understanding determinants of racial disparities in lung cancer incidence,phs003789.v1.p1,Emilie Charlisse Caga-Anan,NCI DAC,,Melinda Aldrich,Released,Processing Status
Mitigating Long-term Treatment-related Morbidity in Childhood Cancer Survivors,phs003792.v1.p1,Emilie Charlisse Caga-Anan,NCI DAC,,Smita Bhatia,Released,Processing Status
Identifying Cell free DNA Methylation Signatures in Cerebrospinal Fluids for the Early Detection of Brain Metastasis in Non-Small Cell Lung Cancer,phs003794.v1.p1,Justin Benavidez,NCI DAC,,Hanlee Ji,Completed by GPA,Processing Status
A Phase II study: CRS207/GVAX plus anti-PD1 and anti-CTLA4 recruits mesothelin- and KRAS-specific T cells into PDAC,phs003798.v2.p1,Freddie Pruitt,NCI DAC,,Won Jin Ho,Released,Processing Status
Single-Cell Transcriptomic Analysis of Kaposi Sarcoma,phs003800.v2.p1,Freddie Pruitt,NCI DAC,,Lee Ratner,Released,Processing Status
Randomized Phase II 2 x 2 Factorial Trial of the Addition of Carboplatin +/- Bevacizumab to Neoadjuvant Weekly Paclitaxel Followed by Dose-Dense AC in Hormone Receptor-Poor/HER2-Negative Resectable Breast Cancer: DNA Sequencing,phs003801.v2.p1,Grace Mishkin,NCI DAC,,William Sikov,Released,Processing Status
Detection of tumors with microsatellite instability using minimal sequencing of cell-free DNA,phs003805.v1.p1,Freddie Pruitt,NCI DAC,,Gad Getz,Completed by GPA,Processing Status
"APOBEC mutagenesis, kataegis, chromothripsis in EGFR-mutant osimertinib-resistant lung adenocarcinomas",phs003812.v1.p1,Justin Benavidez,NCI DAC,,Helena Yu,Released,Processing Status
RNA sequencing analysis of patient derived xenograft tissue PIM-084 treated with L-NMMA+alpelisib vs vehicle control,phs003814.v1.p1,Freddie Pruitt,NCI DAC,,Jenny Chang,Released,Processing Status
CD4 T cell subsets in human metastatic melanoma,phs003816.v1.p1,Justin Benavidez,NCI DAC,,Mary Jo Turk,Released,Processing Status
Multiple Myeloma Genomic and Transcriptomic Studies,phs003817.v1.p1,Freddie Pruitt,NCI DAC,,Ravi Vij,Completed by GPA,Processing Status
Genomic alterations in normal breast tissues preceding breast cancer diagnosis,phs003822.v1.p1,Freddie Pruitt,NCI DAC,,Lajos Pusztai,Released,Processing Status
CIDR: INTEGRAL Multiethnic Lung Cancer Study,phs003823.v1.p1,Emilie Charlisse Caga-Anan,NCI DAC,,Christopher Amos,Completed by GPA,Processing Status
"Depth of Response Correlates with Improved Outcomes for Early Interception in a High-Risk Smoldering Multiple Myeloma Clinical Trial Using the Combination of Ixazomib, Lenalidomide, and Dexamethasone",phs003827.v1.p1,Justin Benavidez,NCI DAC,,Irene Ghobrial,Released,Processing Status
"DO NOT USE ANYMORE! ""USC PE-GCS: Optimizing Engagement of Hispanic Colorectal Cancer Patients in Cancer Genomic Characterization Studies",phs003829.v1.p1,Freddie Pruitt,NCI DAC,Yes,Heinz Josef Lenz,Completed by GPA,Processing Status
Evolutionary pressures shape undifferentiated pleomorphic sarcoma development and radiotherapy response,phs003830.v1.p1,Freddie Pruitt,NCI DAC,,Everett Moding,Released,Processing Status
"NRG-GY017: Atezolizumab Before and/or With Chemoradiotherapy in Immune System Activation in Patients With Node Positive Stage IB2, II, IIIB, or IVA Cervical Cancer",phs003833.v1.p1,Grace Mishkin,NCI DAC,,Jyoti Mayadev,Released,Processing Status
Addiction of primary cutaneous gamma-delta T-cell lymphomas to JAK-STAT signaling,phs003837.v1.p1,Justin Benavidez,NCI DAC,,Jaehyuk Choi,Released,Processing Status
TBK1 is Identified as a Therapeutic Strategy to Enhance CAR T-Cell Efficacy Using Patient-Derived Organotypic Tumor Spheroids,phs003840.v1.p1,Freddie Pruitt,NCI DAC,,Russell Jenkins,Completed by GPA,Processing Status
Feasibility of Circulating 5-hydroxymethylcytosine profiling in Osteosarcoma,phs003842.v1.p1,Freddie Pruitt,NCI DAC,,Mark Applebaum,Released,Processing Status
Genomic and Functional Identification of Chemotherapy Resistance Mechanisms in Small Cell Lung Cancer,phs003843.v1.p1,Freddie Pruitt,NCI DAC,,Ramaswamy Govindan,Completed by GPA,Processing Status
Atezolizumab and Bevacizumab in Treating Patients With Rare Solid Tumors,phs003845.v1.p1,Freddie Pruitt,NCI DAC,,Kanwal Raghav,Released,Processing Status
"Genomic landscape of multiple myeloma and of its precursor conditions, and its clinical implications",phs003846.v1.p1,Justin Benavidez,NCI DAC,,Irene Ghobrial,Released,Processing Status
Functional Genomics and Tumor Microenvironment Analysis Reveal Prognostic Biological Subtypes in Mantle Cell Lymphoma,phs003849.v1.p1,Freddie Pruitt,NCI DAC,,Chengfeng Bi,Released,Processing Status
Uncovering Principles of Adaptive Regulation in Cancer Resistance Through Deep Evolutionary Profiling,phs003851.v1.p1,Mariam Eljanne,NCI DAC,,Arvind Ravi,Released,Processing Status
Comprehensive proteogenomic landscape for natural history of prostate cancer,phs003852.v1.p1,Freddie Pruitt,NCI DAC,,Freddie Pruitt,Completed by GPA,Processing Status
Stanford Acute Myeloid Leukemia Single-Cell DNA Sequencing,phs003853.v2.p1,Joseph Flores-Toro,NCI DAC,,Ravindra Majeti,Released,Processing Status
APOLLO5 - Applied Proteogenomics OrganizationaL Learning and Outcomes Network,phs003854.v1.p1,Sean Hanlon,NCI DAC,,Matthew Wilkerson,Completed by GPA,Processing Status
Single-cell RNA-sequencing of bone marrow and circulating tumor cells from patients with Multiple Myeloma and its precursor conditions,phs003855.v1.p1,Justin Benavidez,NCI DAC,,Irene Ghobrial,Released,Processing Status
Li-Fraumeni Associated Pheochromocytoma,phs003861.v1.p1,Kathleen Calzone,NCI DAC,,Mark Raffeld,Completed by GPA,Processing Status
Spatial multi-omics of intratumoral humoral immunity niches associated with tertiary lymphoid structures in pancreatic cancer pathologic responders to immunotherapy.,phs003862.v1.p1,Freddie Pruitt,NCI DAC,,Lei Zheng,Released,Processing Status
Symptom Clusters in Oncology Patients Receiving Chemotherapy,phs003863.v1.p1,Claire Zhu,NCI DAC,,Christine Miaskowski,Released,Processing Status
"Multi-modal single-cell, spatial, and genomic analyses of human non-small cell lung cancer brain metastases",phs003865.v1.p1,Justin Benavidez,NCI DAC,,Benjamin Izar,Released,Processing Status
Genomic Analysis of Relapsed/Refractory DLBCL,phs003868.v1.p1,Freddie Pruitt,NCI DAC,,Anne Novak,Released,Processing Status
Single-cell Transcriptomic Characterization of Microscopic Colitis,phs003876.v1.p1,Freddie Pruitt,NCI DAC,,Alexandra-Chloe Villani,Released,Processing Status
Spatial transcriptomics reveals segregation of tumor cell states in glioblastoma and marked immunosuppression within the perinecrotic niche,phs003877.v1.p1,Freddie Pruitt,NCI DAC,,Giselle Lopez,Completed by GPA,Processing Status
Metabolic Biomarkers in Thoracic Cancers,phs003880.v1.p1,Justin Benavidez,NCI DAC,,Ralph Deberardinis,Released,Processing Status
Developing targeted therapy for patients with Multiple Myeloma and Amp1q,phs003886.v1.p1,Justin Benavidez,NCI DAC,,Irene Ghobrial,Released,Processing Status
Cancer-restricted cryptic antigens are targets for T cell recognition,phs003887.v1.p1,Freddie Pruitt,NCI DAC,,William Freed-Pastor,Released,Processing Status
the study of somatic LINE1 activity in cancers,phs003888.v1.p1,Freddie Pruitt,NCI DAC,,Benjamin Greenbaum,Released,Processing Status
Pursuing molecular biomarkers to guide adjuvent therapy for HPV+ head and neck cancers after transoral robotic surgery,phs003889.v1.p1,Freddie Pruitt,NCI DAC,,Devraj Basu,Released,Processing Status
A single cohort study collecting interval timed incisional epidermal and dermal tissue samples during surgical procedures to profile temporal response of tissue after noxious stimuli,phs003890.v1.p1,Ping Jin,NCI DAC,,Andrew Mannes,Released,Processing Status
Multiomic Landscape of Multiple Myeloma Precursor and Relapsed Disease,phs003892.v2,Nathaniel Boyd,NCI DAC,,Ariosto Silva,Completed by GPA,Processing Status
Response​ to Tagraxofusp in Blastic Plasmacytoid Dendritic Cell Neoplasm,phs003895.v1.p1,Freddie Pruitt,NCI DAC,,Naveen Pemmaraju,Released,Processing Status
SMARCB1 missense mutants destabilize SWI/SNF complex stability and remodeling activity,phs003896.v1.p1,Justin Benavidez,NCI DAC,,Andrew Hong,Released,Processing Status
Oncogenome of Kaposi sarcoma,phs003897.v1.p1,Emilie Charlisse Caga-Anan,NCI DAC,,Ethel Cesarman,Released,Processing Status
Human Cancer-Targeted Immunity via Transgenic Hematopoietic Stem Cell Progeny,phs003898.v1.p1,Freddie Pruitt,NCI DAC,,Antoni Ribas,Released,Processing Status
Diverse mechanisms of therapy resistance in relapsed childhood B-cell acute lymphoblastic leukemia (B-ALL): a report from the Children’s Oncology Group,phs003903.v1.p1,Joseph Flores-Toro,NCI DAC,,Xiaotu Ma,Released,Processing Status
Uncovering genomic complexity of PAX5 internal tandem duplication using long-read and short-read sequencing,phs003904.v1.p1,Joseph Flores-Toro,NCI DAC,,Xiaotu Ma,Completed by GPA,Processing Status
Targeting EGFR in NF1 Mutant Melanoma,phs003906.v1.p1,Justin Benavidez,NCI DAC,,Markus Schober,Released,Processing Status
Multiple myeloma clinical targeted sequencing of patient samples,phs003908.v1.p1,Freddie Pruitt,NCI DAC,,Brian Walker,Released,Processing Status
ABTC-1603 (NCT03576612): Phase I Study of Neoadjuvant GMCI Plus Immune Checkpoint Inhibitor Combined with Standard of Care for Newly Diagnosed High-Grade Gliomas,phs003909.v1.p1,Freddie Pruitt,NCI DAC,,Patrick Wen,Completed by GPA,Processing Status
"LuTK02 (NCT04495153), CAN-2409 Plus Prodrug With Standard of Care Immune Checkpoint Inhibitor for Stage III/IV NSCLC Patients",phs003910.v1.p1,Freddie Pruitt,NCI DAC,,Daniel Sterman,Completed by GPA,Processing Status
"Correlative studies in Protocal 10221, which studied copanlisib, nivolumab, and ipilimumab in advanced solid tumors, including studies in collaboration with CIMAC-CIDC",phs003911.v1.p1,Freddie Pruitt,NCI DAC,,Timothy Yap,Completed by GPA,Processing Status
Correlative study in Protocol NRG-G1002: A Phase II Clinical Trial Platform of Sensitization Utilizing Total Neoadjuvant Therapy (TNT) in Rectal Cancer (CIMACC-CIDC),phs003912.v1.p1,Freddie Pruitt,NCI DAC,Yes,Thomas George,Completed by GPA,Processing Status
Genomic Profiling of Rare Tumors,phs003916.v1.p1,Freddie Pruitt,NCI DAC,,Phillip Futreal,Released,Processing Status
A phase 1b study of Neoantigen Vaccine in combination with nivolumab and locally administered ipilimumab in patients with melanoma,phs003919.v1.p1,Freddie Pruitt,NCI DAC,,Patrick Ott,Released,Processing Status
The formation and propagation of human Robertsonian chromosomes,phs003920.v1.p1,Justin Benavidez,NCI DAC,,Jennifer Gerton,Released,Processing Status
Non-invasive characterization of human soft tissue sarcoma response to radiation therapy,phs003921.v2.p1,Mariam Eljanne,NCI DAC,,Everett Moding,Released,Processing Status
Atezolizumab plus personalized neoantigen vaccination in patients with urothelial cancer: a phase 1 trial,phs003922.v1.p1,Freddie Pruitt,NCI DAC,,Matthew Galsky,Released,Processing Status
Fractional Resistance to CDK4/6 Inhibition in ER+ Breast Cancer,phs003923.v1.p1,Freddie Pruitt,NCI DAC,,Philip Spanheimer,Completed by GPA,Processing Status
Genomic Characterization of HPV+ and HPV- Oropharyngeal Tumors,phs003925.v1.p1,Grace Mishkin,NCI DAC,,Cherie-Ann Nathan,Released,Processing Status
Germline Sequence Variation in Cancer Genes among Rwandan Breast and Prostate Cancer Cases,phs003927.v1.p1,Emilie Charlisse Caga-Anan,NCI DAC,,Timothy Rebbeck,Released,Processing Status
"GU 16-257: Neoadjuvant gemcitabine, cisplatin, plus nivolumab in patients with muscle- invasive bladder cancer with selective bladder sparing: CIMACC-CIDC (Cohort 2)",phs003928.v1.p1,Freddie Pruitt,NCI DAC,Yes,Matthew Galsky,Completed by GPA,Processing Status
"GU 16-257: Neoadjuvant gemcitabine, cisplatin, plus nivolumab in patients with muscle- invasive bladder cancer with selective bladder sparing: CIMACC-CIDC (Cohort 3)",phs003934.v1.p1,Freddie Pruitt,NCI DAC,Yes,Matthew Galsky,Completed by GPA,Processing Status
Studying Glioblastoma in a Human Organoid Tumor Transplantation Model,phs003936.v1.p1,Freddie Pruitt,NCI DAC,,Aparna Bhaduri,Released,Processing Status
Women's Environmental Cancer and Radiation Epidemiology (WECARE) Study,phs003945.v1.p1,Emilie Charlisse Caga-Anan,NCI DAC,,Jonine Bernstein,Released,Processing Status
Integrating circulating tumor DNA analysis and radiomics for dynamic risk assessment in localized lung cancer,phs003947.v1.p1,Nathaniel Boyd,NCI DAC,,Maximilian Diehn,Released,Processing Status
CIDR: Understanding the Increased Risk of Childhood Acute Lymphoblastic Leukemia in Latinos,phs003953.v1.p1,Emilie Charlisse Caga-Anan,NCI DAC,,Adam De Smith,Released,Processing Status
Transcriptomic profiling of lung adenocarcinoma from never-smokers,phs003955.v1.p1,Geoffrey Tobias,NCI DAC,,Maria Landi,Released,Processing Status
"A Phase 2 Study of M6620 (VX-970, berzosertib) in Combination with Carboplatin compared with Docetaxel in Combination with Carboplatin in Metastatic Castration-Resistant Prostate Cancer (10191)",phs003956.v1.p1,Grace Mishkin,NCI DAC,,Atish Choudhury,Completed by GPA,Processing Status
Epigenomics of Neurocognitive Function in Breast Cancer,phs003959.v1.p1,Claire Zhu,NCI DAC,,Yvette Conley,Released,Processing Status
Genetics of Prostate Cancer Survival in the African American Population - CIDR,phs003960.v1.p1,Emilie Charlisse Caga-Anan,NCI DAC,,Robert Klein,Completed by GPA,Processing Status
P4HA1 mediates hypoxia-induced invasion in human pancreatic cancer organoids,phs003961.v1.p1,Joseph Flores-Toro,NCI DAC,,Michael Goggins,Released,Processing Status
Somatic Mutations and Their Etiological Determinants for Breast Cancer in African American Women (B-CAUSE Study),phs003962.v1.p1,Emilie Charlisse Caga-Anan,NCI DAC,,Song Yao,Released,Processing Status
NCI's Collection of Datasets for Pediatric and Adolescent and Young Adults Research,phs003964.v2.p2,Joseph Flores-Toro,NCI DAC,,Joseph Flores-Toro,Released,Processing Status
Sequencing of 3D organoids derived from colorectal cancer patients,phs003965.v1.p1,Justin Benavidez,NCI DAC,,Anil Rustgi,Released,Processing Status
Whole-exome sequencing of acute myeloid leukemia,phs003966.v1.p1,Joseph Flores-Toro,NCI DAC,,Elizabeth Sierra,Released,Processing Status
NCI's collection of studies for general cancer research,phs003967.v1.p1,Freddie Pruitt,NCI DAC,,Freddie Pruitt,Released,Processing Status
A Therapeutic Vaccine for Fibrolamellar Hepatocellular Carcinoma,phs003970.v1.p1,Freddie Pruitt,NCI DAC,,Jeremy Crawford,Released,Processing Status
MagMAX mirVana Validation for RNA-Sequencing,phs003972.v1.p1,Justin Benavidez,NCI DAC,,Louise Laurent,Completed by GPA,Processing Status
Cell-free DNA Methylation Profiling for Lung Cancer Detection,phs003973.v1.p1,Freddie Pruitt,NCI DAC,,Maximilian Diehn,Completed by GPA,Processing Status
CIDR: Identifying High Penetrance Variants in African-American Families with Lung Cancer,phs003974.v1.p1,Emilie Charlisse Caga-Anan,NCI DAC,,Christopher Amos,Completed by GPA,Processing Status
Childhood Cancer Data Initiative (CCDI): Metastatic Osteosarcoma Spatial Profiling,phs003975.v2,Freddie Pruitt,NCI DAC,Yes,Troy McEachron,Completed by GPA,Processing Status
A perioperative study of Safusidenib in Patients with IDH1-mutated glioma,phs003976.v1.p1,Freddie Pruitt,NCI DAC,,Kate Drummond,Released,Processing Status
Immediate postoperative minimal residual disease detection with MAESTRO predicts recurrence and survival in head and neck cancer patients treated with surgery,phs003981.v1.p1,Freddie Pruitt,NCI DAC,,Viktor Adalsteinsson,Released,Processing Status
Chromatin Accessibility Profiling Identifies a Stem Cell-Like Subtype of Small Cell Lung Cancer with Poor Prognosis,phs003983.v1.p1,Kathleen Calzone,NCI DAC,,Anish Thomas,Released,Processing Status
"Genomic Landscape and Preclinical Therapeutic Insights Developed from Xenograft, Organoid, and Cell Line Models in the NCI’s Patient-Derived Models Repository",phs003984.v1.p1,Grace Mishkin,NCI DAC,,James Doroshow,Released,Processing Status
PE-CGS: Optimizing Engagement of Hispanic Colorectal Cancer Patients in Cancer Genomic Characterization Studies,phs003985.v1.p1,Emilie Charlisse Caga-Anan,NCI DAC,Yes,Heinz Josef Lenz,Released,Processing Status
Single Cell RNA Sequencing of Metastatic Adrenocortical Carcinoma and Tumor-Free Tissue.,phs003987.v1.p1,Abid Al Reza,NCI DAC,Yes,Rosandra Kaplan,Released,Processing Status
Integrating Contemporary Biospecimens and Immunomethylomics into the study of the Glioma Genetics and Immunity - CIDR,phs003990.v1.p1,Emilie Charlisse Caga-Anan,NCI DAC,,Stephen Francis,Released,Processing Status
THE ORAL MYCOBIOME AND RISK OF PANCREATIC CANCER,phs003994.v1.p1,Claire Zhu,NCI DAC,,Jiyoung Ahn,Released,Processing Status
Functional Variant rs9344 at 11q13.3 Regulates CCND1 Expression in Multiple Myeloma with t(11;14),phs003997.v1.p1,Emilie Charlisse Caga-Anan,NCI DAC,,Linda Baughn,Released,Processing Status
Multi-ethnic high-throughput study to identify novel non-HLA genetic contributors to mortality after blood and marrow transplantation - CIDR,phs003998.v1.p1,Emilie Charlisse Caga-Anan,NCI DAC,,Theresa Hahn,Completed by GPA,Processing Status
Involvement of the FGF8/FGF receptor signaling pathway in the maintenance and progression of fusion-positive rhabdomyosarcoma,phs004009.v1.p1,Abid Al Reza,NCI DAC,,Frederic Barr,Released,Processing Status
A complex phylogeny of lineage plasticity in metastatic castration resistant prostate cancer,phs004014.v1.p1,Freddie Pruitt,NCI DAC,,Juan Mosquera,Completed by GPA,Processing Status
Development of Cancer Immunoprevention in a High-Risk Population of CMMRD,phs004017.v1.p1,Freddie Pruitt,NCI DAC,Yes,Robert Shoemaker,Released,Processing Status
The Oral Microbiome and Head and Neck Cancer,phs004018.v1.p1,Claire Zhu,NCI DAC,,Jiyoung Ahn,Released,Processing Status
Defining spatial molecular residual disease by personalized tumor tissue profiling,phs004027.v1.p1,Freddie Pruitt,NCI DAC,,Ash Alizadeh,Completed by GPA,Processing Status
Human Body Single-Cell Atlas of 3D Genome Organization and DNA Methylation,phs004030.v1.p1,Ian Fingerman,NCI DAC,,Jesse Dixon,Completed by GPA,Processing Status
NCTN: Dexamethasone Compared with Prednisone during Induction Therapy and Methotrexate with or without Leucovorin during Maintenance Therapy in Treating Patients with Newly Diagnosed High-Risk Acute Lymphoblastic Leukemia (AALL0232),phs004039.v1.p1,Grace Mishkin,NCI DAC,,Ana Best,Released,Processing Status
Targeted DNA sequencing of uveal melanoma driver mutations,phs004040.v1.p1,Freddie Pruitt,NCI DAC,,James Harbour,Completed by GPA,Processing Status
"Perceptions, Prevalence, and Patterns of Cannabis Use among Cancer Patients in NCI-designated Cancer Centers",phs004046.v1.p1,Emilie Charlisse Caga-Anan,NCI DAC,,Pothur Srinivas,Released,Processing Status
Proteogenomic characterization unveils biomarkers associated with chemoresistance in muscle invasive bladder cancer,phs004049.v1.p1,Freddie Pruitt,NCI DAC,,Yongchao Dou,Released,Processing Status
Biopsy analysis of trial S1616: Ipilimumab plus nivolumab versus ipilimumab alone in patients with anti-PD-1-refractory melanoma,phs004054.v1.p1,Freddie Pruitt,NCI DAC,,Antoni Ribas,Released,Processing Status
"Correlative studies in Protocol GU16-287, which studied gemcitabine + (carboplatin or oxaliplatin) + nivolumab in metastatic urothelial cancer, which included collaboration with CIMAC-CIDC",phs004060.v1.p1,Freddie Pruitt,NCI DAC,Yes,Matthew Galsky,Released,Processing Status
DNA Repair Capacity for Lung Disease Risk Assessment,phs004063.v1.p1,Emilie Charlisse Caga-Anan,NCI DAC,,Steven Belinsky,Released,Processing Status
Health Information National Trends Survey-SEER (HINTS-SEER),phs004065.v1.p1,Freddie Pruitt,NCI DAC,Yes,Richard Moser,Released,Processing Status
Clonal Heterogeneity in Human Pancreatic Ductal Adenocarcinoma and Its Impact on Tumor Progression,phs004079.v1.p1,Freddie Pruitt,NCI DAC,,Aristotelis Tsirigos,Released,Processing Status
NCTN: Risk-Stratified Therapy for Acute Myeloid Leukemia in Down Syndrome (AAML1531),phs004081.v3,Grace Mishkin,NCI DAC,,Ana Best,Completed by GPA,Processing Status
Metastatic progression of pheochromocytoma and paraganglioma occurs via parallel evolution,phs004082.v1.p1,Mariam Eljanne,NCI DAC,,Heather Wachtel,Completed by GPA,Processing Status
Childhood Cancer Data Initiative National Childhood Cancer Registry Data Platform,phs004086.v1.p1,Freddie Pruitt,NCI DAC,,Elizabeth Hsu,Completed by GPA,Processing Status
Identifying and understanding drivers of chemoresistance in small cell lung cancer,phs004087.v2,Justin Benavidez,NCI DAC,,David Macpherson,Completed by GPA,Processing Status
Uncovering colorectal cancer etiology and biology by integrating proteomics with other omics data,phs004089.v1.p1,Emilie Charlisse Caga-Anan,NCI DAC,,Xingyi Guo,Released,Processing Status
Osteosarcoma single cell sequencing in localized and metastatic disease,phs004090.v1.p1,Nathaniel Boyd,NCI DAC,,Riaz Gillani,Completed by GPA,Processing Status
An ultrasensitive method for detection of cell-free RNA,phs004091.v1.p1,Freddie Pruitt,NCI DAC,,Maximilian Diehn,Released,Processing Status
"Correlative studies in Protocol #10334, which studied venetoclax, azacitidine, and pembrolizumab in older patients with acute myeloid leukemia, including studies in collaboration with CIMAC-CIDC",phs004093.v1.p1,Freddie Pruitt,NCI DAC,Yes,Rory Shallis,Completed by GPA,Processing Status
"Correlative studies in Protocol #10300, which studied pembrolizumab and intensive chemotherapy in acute myeloid leukemia, including studies in collaboration with CIMAC-CIDC",phs004094.v1.p1,Freddie Pruitt,NCI DAC,Yes,Rory Shallis,Completed by GPA,Processing Status
A phase Ib study of sapacitabine and olaparib in patients with BRCA1/2-mutated (BRCA1/2m) metastatic breast cancer,phs004095.v1.p1,Freddie Pruitt,NCI DAC,,Filipa Lynce,Released,Processing Status
TransPELOPS (Palbociclib and Endocrine therapy for LObular breast cancer Preoperative Study),phs004099.v1.p1,Freddie Pruitt,NCI DAC,,Gad Getz,Completed by GPA,Processing Status
Genomic copy-number variants drive apoptotic resistance and relapses on immune checkpoint inhibitors,phs004102.v1.p1,Nathaniel Boyd,NCI DAC,,Roger Lo,Released,Processing Status
Somatic Mutation in Normal Bladder Study,phs004105.v1.p1,Freddie Pruitt,NCI DAC,,Rosa Ana Risques,Released,Processing Status
Immune contexture of colorectal adenomas and serrated polyps,phs004106.v1.p1,Emilie Charlisse Caga-Anan,NCI DAC,,Kristin Wallace,Completed by GPA,Processing Status
"Incidental detection of maternal neoplasia through non-invasive cell-free DNA analysis (IDENTIFY), a natural history study",phs004107.v1.p1,Kathleen Calzone,NCI DAC,,Benjamin Solomon,Released,Processing Status
Copy number abnormalities of chr1 in multiple myeloma at the single cell level,phs004109.v1.p1,Freddie Pruitt,NCI DAC,,Gareth Morgan,Released,Processing Status
Analysis of urine tumor nucleic acids for detection and personalized surveillance of bladder cancer,phs004110.v1.p1,Freddie Pruitt,NCI DAC,,Maximilian Diehn,Released,Processing Status
Oral microbiome and inflammatory status in antimicrobially-treated oral cancer patients,phs004111.v1.p1,Freddie Pruitt,NCI DAC,,Yvonne Kapila,Completed by GPA,Processing Status
Combination ATR and PARP Inhibitor (CAPRI) Trial With AZD6738 and Olaparib in Recurrent Ovarian Cancer (CAPRI),phs004113.v1.p1,Freddie Pruitt,NCI DAC,,Fiona Simpkins,Completed by GPA,Processing Status
Urine cell-free RNA analysis for cancer detection and therapy response prediction,phs004116.v1.p1,Freddie Pruitt,NCI DAC,,Maximilian Diehn,Completed by GPA,Processing Status
Prospective Analysis of Mesotheliomas in Subjects with BAP1 Cancer Syndrome,phs004119.v1.p1,Abid Al Reza,NCI DAC,,David Schrump,Completed by GPA,Processing Status
NCTN: Efficacy of Carboplatin Administered Concomitantly With Radiation and Isotretinoin as a Pro-Apoptotic Agent in Other Than Average Risk Medulloblastoma/PNET Patients (ACNS0332),phs004122.v1.p1,Grace Mishkin,NCI DAC,Yes,Ana Best,Completed by GPA,Processing Status
SWOG S1512: A Phase II Study of PD-1 Blockade with Pembrolizumab In Patients with Locally Advanced and Metastatic Desmoplastic,phs004123.v2,Freddie Pruitt,NCI DAC,,Antoni Ribas,Completed by GPA,Processing Status
NCTN: Treatment of Patients With Newly Diagnosed Standard Risk B-Lymphoblastic Leukemia (B-ALL) or Localized B-Lineage Lymphoblastic Lymphoma (B-LLy) (AALL0932),phs004125.v1.p1,Grace Mishkin,NCI DAC,,Ana Best,Completed by GPA,Processing Status
Phase II study of single-agent daratumumab in patients with high-risk Monoclonal Gammopathy of Undetermined Significance (MGUS) and low-risk Smoldering Multiple Myeloma (SMM),phs004127.v2.p1,Justin Benavidez,NCI DAC,,Irene Ghobrial,Released,Processing Status
Numbat-multiome: Inferring copy number variation by combining RNA and chromatin accessibility information from single-cell data,phs004129.v1.p1,Justin Benavidez,NCI DAC,,Irene Ghobrial,Completed by GPA,Processing Status
NCTN: Standard Risk B-precursor Acute Lymphoblastic Leukemia (ALL) (AALL0331),phs004131.v1.p1,Grace Mishkin,NCI DAC,,Ana Best,Completed by GPA,Processing Status
"NCTN: Intensified Methotrexate, Nelarabine (Compound 506U78) and Augmented BFM Therapy for Children and Young Adults With Newly Diagnosed T-cell Acute Lymphoblastic Leukemia (ALL) or T-cell Lymphoblastic Lymphoma (AALL0434)",phs004132.v1.p1,Grace Mishkin,NCI DAC,,Ana Best,Completed by GPA,Processing Status
NCTN: Phase III Randomized Trial of Single vs. Tandem Myeloablative Consolidation Therapy for High-Risk Neuroblastoma (ANBL0532),phs004133.v1.p1,Grace Mishkin,NCI DAC,,Ana Best,Released,Processing Status
"Correlative studies in Protocol #10208, which studied anetumab ravtansine, nivolumab, ipilimumab, and gemcitabine in pancreatic adenocarcinoma, including studies in collaboration with CIMAC-CIDC",phs004134.v1.p1,Freddie Pruitt,NCI DAC,Yes,Anna Spreafico,Completed by GPA,Processing Status
NCTN: Treatment of Children With All Stages of Hepatoblastoma With Temsirolimus (NSC#683864) Added to High Risk Stratum Treatment (AHEP0731),phs004135.v1.p1,Grace Mishkin,NCI DAC,Yes,Ana Best,Released,Processing Status
NCTN: A Study Evaluating Limited Target Volume Boost Irradiation and Reduced Dose Craniospinal Radiotherapy (18.00 Gy) and Chemotherapy in Children With Newly Diagnosed Standard Risk Medulloblastoma: A Phase III Double Randomized Trial (ACNS0331),phs004136.v1.p1,Grace Mishkin,NCI DAC,,Ana Best,Completed by GPA,Processing Status
"NCTN: Treatment of Atypical Teratoid/Rhabdoid Tumors (AT/RT) of the Central Nervous System With Surgery, Intensive Chemotherapy, and 3-D Conformal Radiation (ACNS0333)",phs004137.v2,Grace Mishkin,NCI DAC,,Ana Best,Completed by GPA,Processing Status
NCTN: Response- and Biology-Based Therapy for Intermediate-Risk Neuroblastoma (ANBL0531),phs004138.v1.p1,Grace Mishkin,NCI DAC,,Ana Best,Released,Processing Status
NCTN: Treatment for Very Low and Standard Risk Favorable Histology Wilms Tumor (AREN0532),phs004139.v1.p1,Grace Mishkin,NCI DAC,Yes,Ana Best,Released,Processing Status
NCTN: Treatment of Newly Diagnosed Higher Risk Favorable Histology Wilms Tumors (AREN0533),phs004140.v1.p1,Grace Mishkin,NCI DAC,Yes,Ana Best,Completed by GPA,Processing Status
"NCTN: A Comprehensive Safety Trial of Chimeric Antibody 14.18 (Ch14.18) With GM-CSF, IL-2 and Isotretinoin in High-Risk Neuroblastoma Patients Following Myeloablative Therapy (ANBL0931)",phs004141.v1.p1,Grace Mishkin,NCI DAC,,Ana Best,Completed by GPA,Processing Status
"NCTN: A Phase III Randomized Trial for Patients With De Novo AML Using Bortezomib and Sorafenib (NSC# 681239, NSC# 724772) for Patients With High Allelic Ratio FLT3/ITD (AAML1031)",phs004142.v1.p1,Grace Mishkin,NCI DAC,,Ana Best,Released,Processing Status
"NCTN: A Phase III Randomized Trial of Gemtuzumab Ozogamicin (Mylotarg) Combined With Conventional Chemotherapy for De Novo Acute Myeloid Leukemia (AML) in Children, Adolescents, and Young Adults (AAML0531)",phs004143.v1.p1,Grace Mishkin,NCI DAC,,Ana Best,Completed by GPA,Processing Status
NCTN: The Treatment of Down Syndrome Children With Acute Myeloid Leukemia (AML) and Myelodysplastic Syndromes (MDS) Under the Age of 4 Years (AAML0431),phs004144.v1.p1,Grace Mishkin,NCI DAC,,Ana Best,Completed by GPA,Processing Status
NCTN: A Phase III Randomized Trial for Newly Diagnosed High Risk B-Lymphoblastic Leukemia (B-ALL) Including a Stratum Evaluating Dasatinib (NSC#732517) in Patients With Ph-Like Tyrosine Kinase Inhibitor (TKI) Sensitive Mutations (AALL1131),phs004145.v1.p1,Grace Mishkin,NCI DAC,,Ana Best,Completed by GPA,Processing Status
"NCTN: Risk Adapted Treatment of Newly Diagnosed Childhood Acute Promyelocytic Leukemia (APL) Using Arsenic Trioxide (Trisenox® IND# 103, 331) During Consolidation (AAML0631)",phs004146.v1.p1,Grace Mishkin,NCI DAC,,Ana Best,Completed by GPA,Processing Status
NCTN: A Phase III Study for Patients With Newly Diagnosed Acute Promyelocytic Leukemia (APL) Using Arsenic Trioxide and All-Trans Retinoic Acid (AAML1331),phs004147.v1.p1,Grace Mishkin,NCI DAC,,Ana Best,Completed by GPA,Processing Status
NCTN: Risk-Stratified Randomized Phase III Testing of Blinatumomab (NSC#765986) in First Relapse of Childhood B-Lymphoblastic Leukemia (B-ALL) (AALL1331),phs004148.v1.p1,Grace Mishkin,NCI DAC,,Ana Best,Completed by GPA,Processing Status
NCTN: A Phase III Randomized Trial Investigating Bortezomib (NSC# 681239) on a Modified Augmented BFM (ABFM) Backbone in Newly Diagnosed T-Lymphoblastic Leukemia (T-ALL) and T-Lymphoblastic Lymphoma (T-LLy) (AALL1231),phs004149.v1.p1,Grace Mishkin,NCI DAC,,Ana Best,Completed by GPA,Processing Status
"NCTN: A Phase III Study of Risk Directed Therapy for Infants With Acute Lymphoblastic Leukemia (ALL): Randomization of Highest Risk Infants to Intensive Chemotherapy +/- FLT3 Inhibition (CEP-701, Lestaurtinib; NSC#617807) (AALL0631)",phs004150.v1.p1,Grace Mishkin,NCI DAC,,Ana Best,Completed by GPA,Processing Status
NCTN: Intensive Treatment for Intermediate-Risk Relapse of Childhood B-precursor Acute Lymphoblastic Leukemia (ALL): A Randomized Trial of Vincristine Strategies (AALL0433),phs004151.v1.p1,Grace Mishkin,NCI DAC,,Ana Best,Completed by GPA,Processing Status
NCTN: A Phase III Randomized Trial of Adding Vincristine-Topotecan-Cyclophosphamide to Standard Chemotherapy in Initial Treatment of Non-Metastatic Ewing Sarcoma (AEWS1031),phs004152.v1.p1,Grace Mishkin,NCI DAC,,Ana Best,Completed by GPA,Processing Status
"NCTN: Randomized Phase 3 Trial Evaluating the Addition of the IGF-1R Monoclonal Antibody Ganitumab (AMG 479, NSC# 750008) to Multiagent Chemotherapy for Patients With Newly Diagnosed Metastatic Ewing Sarcoma (AEWS1221)",phs004153.v1.p1,Grace Mishkin,NCI DAC,,Ana Best,Completed by GPA,Processing Status
"NCTN: Randomized Study of Vincristine, Dactinomycin and Cyclophosphamide (VAC) Versus VAC Alternating With Vincristine and Irinotecan (VI) for Patients With Intermediate-Risk Rhabdomyosarcoma (RMS) (ARST0531)",phs004154.v1.p1,Grace Mishkin,NCI DAC,,Ana Best,Completed by GPA,Processing Status
"NCTN: Vincristine, Dactinomycin, and Lower Doses of Cyclophosphamide With or Without Radiation Therapy for Patients With Newly Diagnosed Low-Risk Embryonal/Botryoid/Spindle Cell Rhabdomyosarcoma (ARST0331)",phs004155.v1.p1,Grace Mishkin,NCI DAC,,Ana Best,Completed by GPA,Processing Status
NCORP: A Randomized Phase III Study of Sodium Thiosulfate for the Prevention of Cisplatin-Induced Ototoxicity in Children (ACCL0431),phs004156.v1.p1,Grace Mishkin,NCI DAC,,Ana Best,Completed by GPA,Processing Status
NCTN: A Randomized Phase 3 Study of Brentuximab Vedotin (SGN-35) for Newly Diagnosed High-Risk Classical Hodgkin Lymphoma (cHL) in Children and Young Adults (AHOD1331),phs004157.v1.p1,Grace Mishkin,NCI DAC,,Ana Best,Completed by GPA,Processing Status
"NCTN: Treatment for Patients With Bilateral, Multicentric, or Bilaterally-Predisposed Unilateral Wilms Tumor (AREN0534)",phs004158.v1.p1,Grace Mishkin,NCI DAC,Yes,Ana Best,Completed by GPA,Processing Status
NCTN: Risk-Based Treatment for Non-Rhabdomyosarcoma Soft Tissue Sarcomas (NRSTS) in Patients Under 30 Years of Age (ARST0332),phs004159.v1.p1,Grace Mishkin,NCI DAC,,Ana Best,Completed by GPA,Processing Status
"NCTN: A Phase 1/2 Study of CPX-351 (NSC# 775341) Alone Followed by Fludarabine, Cytarabine, and G-CSF (FLAG) for Children With Relapsed Acute Myeloid Leukemia (AML) (AAML1421)",phs004160.v1.p1,Grace Mishkin,NCI DAC,,Ana Best,Completed by GPA,Processing Status
NCTN: A Non-Randomized Phase III Study of Response Adapted Therapy for the Treatment of Children With Newly Diagnosed High Risk Hodgkin Lymphoma (AHOD0831),phs004161.v1.p1,Grace Mishkin,NCI DAC,Yes,Ana Best,Released,Processing Status
Profiling Genome-Wide Circulating ncRNAs for the Early Detection of Lung Cancer,phs004166.v2,Freddie Pruitt,NCI DAC,,Youping Deng,Completed by GPA,Processing Status
"Correlative studies in Protocol 10056, which studied Talimogene Laherparepvec (T-VEC) and Radiation in Soft Tissue Sarcoma, including studies in collaboration with CIMAC-CIDC",phs004167.v1.p1,Freddie Pruitt,NCI DAC,Yes,Steven Robinson,Completed by GPA,Processing Status
Count Me In: Partnering with Patients to Define the Clinical and Genomic Landscape of Rare Aggressive Sarcomas in Children and Adults,phs004170.v1.p1,Emilie Charlisse Caga-Anan,NCI DAC,Yes,Katherine Janeway,Completed by GPA,Processing Status
Dissecting the role of the microenvironment in Follicular Lymphoma transformation,phs004175.v1.p1,Freddie Pruitt,NCI DAC,,Erin Parry,Released,Processing Status
Enabling whole genome sequencing analysis from FFPE specimens in clinical oncology,phs004176.v1.p1,Freddie Pruitt,NCI DAC,,Andrew McPherson,Released,Processing Status
NCTN: Chlorhexidine Gluconate Cleansing in Preventing Central Line Associated Bloodstream Infection and Acquisition of Multi-drug Resistant Organisms in Younger Patients With Cancer or Undergoing Donor Stem Cell Transplant (ACCL1034),phs004177.v1.p1,Grace Mishkin,NCI DAC,,Ana Best,Completed by GPA,Processing Status
NCI COVID-19 in Cancer Patients Study (NCCAPS): A Longitudinal Natural History Study,phs004178.v1.p1,Freddie Pruitt,NCI DAC,Yes,Lyndsay Harris,Released,Processing Status
Mitogen-activated Protein Kinase and Chromosome Instability in the Initiation and Evolution of Medullary Thyroid Carcinoma,phs004184.v1.p1,Kathleen Calzone,NCI DAC,,Paul Meltzer,Completed by GPA,Processing Status
Establishment and Genomic Validation of Novel Patient-Derived Xenograft Models for Drug Discovery in Gastrointestinal Stromal Tumor,phs004185.v1.p1,Nathaniel Boyd,NCI DAC,,Lori Rink,Released,Processing Status
DeepSomatic: Accurate somatic small variant discovery for multiple sequencing technologies,phs004188.v1.p1,Freddie Pruitt,NCI DAC,,Floris Barthel,Completed by GPA,Processing Status
Serial Multi-omics Uncovers Anti-Glioblastoma Responses Not Evident by Routine Clinical Analyses Multi-omic analyses of longitudinally collected human glioblastomas reveal evolution of the tumor microenvironment in response to a clinical trial immunothera,phs004189.v1.p1,Freddie Pruitt,NCI DAC,,E. Chiocca,Released,Processing Status
NCTN: Radiation Therapy and Cisplatin With or Without Cetuximab in Treating Patients With Stage III or Stage IV Head and Neck Cancer (RTOG-0522),phs004190.v1.p1,Grace Mishkin,NCI DAC,,Ana Best,Released,Processing Status
NCTN: A Randomized Phase III Comparison of Standard-Dose (60 Gy) versus High-Dose (74 Gy) Conformal Radiotherapy with Concurrent and Consolidation Carboplatin/Paclitaxel +/- Cetuximab in Patients with Stage IIIA/IIIB Non-Small Cell Lung Cancer (RTOG-0617),phs004191.v1.p1,Grace Mishkin,NCI DAC,Yes,Ana Best,Released,Processing Status
NCTN: Phase III Randomized Study of R-CHOP V. Dose-Adjusted EPOCH-R With Molecular Profiling in Untreated De Novo Diffuse Large B-Cell Lymphomas (CALGB-50303),phs004192.v1.p1,Grace Mishkin,NCI DAC,Yes,Ana Best,Completed by GPA,Processing Status
Nanobioreactor Detection of Space-Associated Hematopoietic Stem and Progenitor Cell Aging,phs004195.v1.p1,Justin Benavidez,NCI DAC,,Catriona Jamieson,Released,Processing Status
Polish Breast Cancer Study,phs004196.v1.p1,Geoffrey Tobias,NCI DAC,,Mustapha Abubakar,Completed by GPA,Processing Status
Machine Learning Analysis of Facial Images and Voice Recordings for Classification of Chronic Cancer Pain,phs004197.v1.p1,Kathleen Calzone,NCI DAC,,James Gulley,Completed by GPA,Processing Status
The REducing Disparities in Acute Leukemia (REDIAL) Consortium,phs004198.v1.p1,Eileen Resnick,NCI DAC,,Maria Gramatges,Completed by GPA,Processing Status
Metabolic reporogramming in Small Cell Lung Cancer during liver metastases,phs004199.v1.p1,Abid Al Reza,NCI DAC,,Anish Thomas,Completed by GPA,Processing Status
Blockade of TGF beta drive hyper progression on Small Cell Lung Cancer,phs004200.v1.p1,Abid Al Reza,NCI DAC,,Anish Thomas,Released,Processing Status
NCTN: CHAARTED: ChemoHormonal Therapy Versus Androgen Ablation Randomized Trial for Extensive Disease in Prostate Cancer (E3805),phs004201.v1.p1,Grace Mishkin,NCI DAC,,Ana Best,Released,Processing Status
Women's Environmental Cancer and Radiation Epidemiology (WECARE) Study: Molecular Patho-Epidemiology,phs004204.v1.p1,Emilie Charlisse Caga-Anan,NCI DAC,,Jonine Bernstein,Completed by GPA,Processing Status
Lymphoma Outcomes SPORE,phs004206.v1.p1,Eileen Resnick,NCI DAC,,Christopher Flowers,Completed by GPA,Processing Status
HINTS Geo-Coded Data 2012 (HINTS 4 Cycle 2),phs004207.v1.p1,Freddie Pruitt,NCI DAC,Yes,Richard Moser,Released,Processing Status
HINTS Geo-Coded Data 2013 (HINTS 4 Cycle 3),phs004208.v1.p1,Freddie Pruitt,NCI DAC,Yes,Richard Moser,Released,Processing Status
HINTS Geo-Coded Data 2014 (HINTS 4 Cycle 4),phs004209.v1.p1,Freddie Pruitt,NCI DAC,Yes,Richard Moser,Released,Processing Status
HINTS Geo-Coded Data 2017 (HINTS 5 Cycle 1),phs004210.v1.p1,Freddie Pruitt,NCI DAC,Yes,Richard Moser,Released,Processing Status
HINTS Geo-Coded Data 2011 (HINTS 4 Cycle 1),phs004212.v1.p1,Freddie Pruitt,NCI DAC,Yes,Richard Moser,Released,Processing Status
HINTS Data Linkage Project 2024,phs004213.v1.p1,Freddie Pruitt,NCI DAC,Yes,Richard Moser,Released,Processing Status
HINTS Data Linkage Project 2022,phs004214.v1.p1,Freddie Pruitt,NCI DAC,Yes,Richard Moser,Released,Processing Status
HINTS Data Linkage Project 2020,phs004215.v1.p1,Freddie Pruitt,NCI DAC,Yes,Richard Moser,Released,Processing Status
HINTS Geo-Coded Data 2019 (HINTS 5 Cycle 3),phs004216.v1.p1,Freddie Pruitt,NCI DAC,Yes,Richard Moser,Released,Processing Status
HINTS Geo-Coded Data 2018 (HINTS 5 Cycle 2),phs004217.v1.p1,Freddie Pruitt,NCI DAC,Yes,Richard Moser,Released,Processing Status
Childhood Cancer Data Initiative (CCDI): Admixture Analysis of Acute Lymphoblastic Leukemia in African American Children – The ADMIRAL Study,phs004222.v1.p1,Catherine Bullen,NCI DAC,Yes,Logan Spector,Released,Processing Status
Radiology imaging data containing faces from The Cancer Imaging Archive,phs004225.v1.p1,Freddie Pruitt,NCI DAC,Yes,Lalitha Shankar,Released,Processing Status
Overcoming ovarian cancer resistance and evasion to CAR-T cell therapy by harnessing allogeneic CAR-NKT cells,phs004228.v1.p1,Freddie Pruitt,NCI DAC,,Sanaz Memarzadeh,Completed by GPA,Processing Status
REDIAL RNASeq Study,phs004230.v1.p1,Emilie Charlisse Caga-Anan,NCI DAC,,Jun Yang,Released,Processing Status
"NCTN: A Randomized, Phase III Study Comparing Carboplatin/Paclitaxel or Carboplatin/Paclitaxel/Bevacizumab with or without Concurrent Cetuximab in Patients with Advanced Non-small Cell Lung Cancer (NSCLC) (S0819)",phs004231.v1.p1,Grace Mishkin,NCI DAC,Yes,Ana Best,Released,Processing Status
Childhood Cancer Data Initiative (CCDI): Whole genome Landscapes of Patient Derived Osteosarcoma Xenograft Models,phs004232.v1.p1,Catherine Bullen,NCI DAC,Yes,Richard Gorlick,Completed by GPA,Processing Status
"NCTN: A Randomized Phase III Study of Ibrutinib (PCI-32765)-Based Therapy vs Standard Fludarabine, Cyclophosphamide, and Rituximab (FCR) Chemoimmunotherapy in Untreated Younger Patients With Chronic Lymphocytic Leukemia (CLL) (E1912)",phs004233.v1.p1,Grace Mishkin,NCI DAC,,Ana Best,Released,Processing Status
NCTN: A Randomized Trial of Axillary Node Dissection in Women With Clinical T1-2 N0-1 M0 Breast Cancer Who Have a Positive Sentinel Node (ACOSOG-Z0011),phs004234.v1.p1,Grace Mishkin,NCI DAC,,Ana Best,Released,Processing Status
NCTN: ASSURE: Adjuvant Sorafenib or Sunitinib for Unfavorable Renal Carcinoma (E2805),phs004235.v1.p1,Grace Mishkin,NCI DAC,,Ana Best,Released,Processing Status
NCTN: A Randomized Phase III Post-operative Trial of Platinum Based Chemotherapy vs. Capecitabine in Patients With Residual Triple-Negative Basal-Like Breast Cancer Following Neoadjuvant Chemotherapy (EA1131),phs004236.v1.p1,Grace Mishkin,NCI DAC,,Ana Best,Released,Processing Status
NCTN: A Phase III Trial Evaluating the Addition of Trastuzumab to Trimodality Treatment of HER2-Overexpressing Esophageal Adenocarcinoma (RTOG-1010),phs004237.v1.p1,Grace Mishkin,NCI DAC,,Ana Best,Released,Processing Status
NCTN_NCORP: The Men's Eating and Living (MEAL) Study: A Randomized Trial of Diet to Alter Disease Progression in Prostate Cancer Patients on Active Surveillance (CALGB-70807),phs004238.v1.p1,Grace Mishkin,NCI DAC,,Ana Best,Released,Processing Status
NCTN: Phase III Randomized Study of Sorafenib Plus Doxorubicin Versus Sorafenib in Patients With Advanced Hepatocellular Carcinoma (HCC) (CALGB-80802),phs004239.v1.p1,Grace Mishkin,NCI DAC,,Ana Best,Released,Processing Status
"NCTN: Randomized Phase III Study of Maintenance Therapy With Bevacizumab, Pemetrexed, or a Combination of Bevacizumab and Pemetrexed Following Carboplatin, Paclitaxel and Bevacizumab for Advanced Non-Squamous NSCLC (E5508)",phs004240.v1.p1,Grace Mishkin,NCI DAC,,Ana Best,Released,Processing Status
NCTN: A Randomized Phase III Trial of Oxaliplatin (OXAL) Plus 5-Fluorouracil (5-FU)/Leucovorin (CF) With or Without Cetuximab (C225) After Curative Resection for Patients With Stage III Colon Cancer (N0147),phs004241.v1.p1,Grace Mishkin,NCI DAC,,Ana Best,Released,Processing Status
NCTN: A Phase III Randomized Study of Nivolumab Plus Ipilimumab Versus Nivolumab for Previously Treated Patients With Stage IV Squamous Cell Lung Cancer and No Matching Biomarker (Lung-Map Sub-Study) (S1400I),phs004242.v1.p1,Grace Mishkin,NCI DAC,,Ana Best,Released,Processing Status
"NCTN: A Randomized Double-Blinded Phase III Study Comparing Gemcitabine, Cisplatin, and Bevacizumab to Gemcitabine, Cisplatin, and Placebo in Patients With Advanced Transitional Cell Carcinoma (CALGB-90601)",phs004243.v1.p1,Grace Mishkin,NCI DAC,,Ana Best,Released,Processing Status
NCTN: A Double-Blind Phase III Trial of Doxorubicin and Cyclophosphamide Followed by Paclitaxel With Bevacizumab or Placebo in Patients With Lymph Node Positive and High Risk Lymph Node Negative Breast Cancer (E5103),phs004244.v1.p1,Grace Mishkin,NCI DAC,,Ana Best,Released,Processing Status
NCTN: Cetuximab and/or Bevacizumab Combined With Combination Chemotherapy in Treating Patients With Metastatic Colorectal Cancer (C80405),phs004245.v1.p1,Grace Mishkin,NCI DAC,,Ana Best,Completed by GPA,Processing Status
NCTN: A Phase III Randomized Trial of Adjuvant Chemotherapy With or Without Bevacizumab for Patients With Completely Resected Stage IB (>= 4 cm) - IIIA Non-small Cell Lung Cancer (NSCLC) (E1505),phs004246.v1.p1,Grace Mishkin,NCI DAC,,Ana Best,Released,Processing Status
NCTN: Lenalidomide and Dexamethasone With or Without Bortezomib in Treating Patients With Previously Untreated Multiple Myeloma (S0777),phs004247.v1.p1,Grace Mishkin,NCI DAC,,Ana Best,Released,Processing Status
NCTN: Letrozole in Breast Cancer Who Have Received 5 Years of Aromatase Inhibitor Therapy (NCIC-MA.17R),phs004248.v1.p1,Grace Mishkin,NCI DAC,,Ana Best,Released,Processing Status
"NCTN: EVEREST: EVErolimus for Renal Cancer Ensuing Surgical Therapy, A Phase III Study (S0931)",phs004249.v1.p1,Grace Mishkin,NCI DAC,,Ana Best,Released,Processing Status
NCORP: Vitamin D and Breast Cancer Biomarkers (CALGB-70806),phs004250.v1.p1,Grace Mishkin,NCI DAC,,Ana Best,Released,Processing Status
NCTN: Randomized Phase III Trial of Paclitaxel +Trastuzumab + Lapatinib versus Paclitaxel + Trastuzumab as Neoadjuvant Treatment of HER2-Positive Primary Breast Cancer (CALGB-40601),phs004251.v1.p1,Grace Mishkin,NCI DAC,,Ana Best,Completed by GPA,Processing Status
NCTN: A Randomized Phase III Trial of Endocrine Therapy Plus Entinostat/Placebo in Patients With Hormone Receptor-Positive Advanced Breast Cancer (E2112),phs004252.v1.p1,Grace Mishkin,NCI DAC,,Ana Best,Released,Processing Status
"NCTN: A Phase III Protocol of Androgen Suppression (AS) and 3DCRT/IMRT Vs AS and 3DCTR/IMRT Followed by Chemotherapy With Docetaxel and Prednisone for Localized, High-Risk, Prostate Cancer (RTOG-0521)",phs004255.v1.p1,Grace Mishkin,NCI DAC,,Ana Best,Released,Processing Status
"NCTN: Phase III Trial of Enzalutamide (NSC# 766085) Versus Enzalutamide, Abiraterone and Prednisone for Castration Resistant Metastatic Prostate Cancer (A031201)",phs004256.v1.p1,Grace Mishkin,NCI DAC,,Ana Best,Completed by GPA,Processing Status
Sequencing of rare pancreatic tumors that respond to PD-1 blockade,phs004257.v1.p1,Justin Benavidez,NCI DAC,,Andrew Aguirre,Released,Processing Status
NCTN: A Randomized Phase III Trial of Three Different Regimens of CPT-11 Plus 5-Fluorouracil and Leucovorin Compared to 5-Fluorouracil and Leucovorin in Patients With Advanced Adenocarcinoma of the Colon and Rectum (N9741),phs004259.v1.p1,Grace Mishkin,NCI DAC,,Ana Best,Released,Processing Status
NCTN: TAILORx: Program for the Assessment of Clinical Cancer Tests: Trial Assigning Individualized Options for Treatment (PACCT-1),phs004260.v1.p1,Grace Mishkin,NCI DAC,,Ana Best,Released,Processing Status
"NCTN_NCORP: Phase III Trial of LHRH Analog Administration During Chemotherapy to Reduce Ovarian Failure Following Chemotherapy in Early Stage, Hormone-Receptor Negative Breast Cancer (S0230)",phs004261.v1.p1,Grace Mishkin,NCI DAC,,Ana Best,Released,Processing Status
"Correlative studies in Protocol LuTK02, which studied CAN-2409 plus prodrug with immune checkpoint inhibitor in NSCLC, including studies in collaboration with CIMAC-CIDC",phs004262.v1.p1,Freddie Pruitt,NCI DAC,Yes,Daniel Sterman,Completed by GPA,Processing Status
NCTN: Combination Chemotherapy in Treating Patients With Breast Cancer (C9741),phs004263.v1.p1,Grace Mishkin,NCI DAC,,Ana Best,Completed by GPA,Processing Status
NCTN: Phase III Trial of Tamoxifen Alone vs. Tamoxifen Plus Radiation Therapy for Good Risk Duct Carcinoma In-Situ (DCIS) of the Female Breast (RTOG-98-04),phs004264.v1.p1,Grace Mishkin,NCI DAC,,Ana Best,Released,Processing Status
Space Associated Stem Cell Hallmarks of Aging in Astronauts,phs004267.v2,Justin Benavidez,NCI DAC,,Catriona Jamieson,Completed by GPA,Processing Status
Cetuximab and nivolumab in recurrent/metastatic head and neck cancer,phs004268.v1.p1,Freddie Pruitt,NCI DAC,,Christine Chung,Released,Processing Status
Single-cell multiomics of the immune microenvironment in T-cell acute lymphoblastic leukemia,phs004269.v1.p1,Justin Benavidez,NCI DAC,,Birgit Knoechel,Released,Processing Status
RC-DLBCL (Diffuse Large-B Cell Lymphomas),phs004272.v1.p1,Freddie Pruitt,NCI DAC,,Liming Yang,Completed by GPA,Processing Status
Clonal Hematopoiesis Dynamics and Evolutionary Fitness During Breast Cancer Treatment Impact Clinical Outcomes,phs004283.v1.p1,Freddie Pruitt,NCI DAC,,Nancy Gillis,Released,Processing Status
Clinicogenomic analysis of EGFR-mutant lung tumors identifies Rb inactivation as a hallmark of squamous transformation,phs004284.v1.p1,Freddie Pruitt,NCI DAC,,Helena Yu,Completed by GPA,Processing Status
Exome and multi-site bulk and scRNA-seq profiling of pleural mesothelioma,phs004285.v1.p1,Freddie Pruitt,NCI DAC,,Raphael Bueno,Released,Processing Status
Detecting Malignant Pleural Effusions by Cell-Free DNA Methylation Profiling,phs004287.v1.p1,Freddie Pruitt,NCI DAC,,Andrew Young,Completed by GPA,Processing Status
Systematic identification of minor histocompatibility antigens and germline variants to predict clinical outcomes of alloreactivity in a multi-ancestry setting - CIDR,phs004292.v1.p1,Emilie Charlisse Caga-Anan,NCI DAC,,Catherine Wu,Completed by GPA,Processing Status
Comparison of oral collection methods for 16S rRNA gene and shotgun metagenomic sequencing,phs004294.v1.p1,Geoffrey Tobias,NCI DAC,,Emily Vogtmann,Released,Processing Status
"NCTN: A Phase III, Double Blind, Randomized, Placebo-Controlled Trial of Sorafenib in Desmoid Tumors or Aggressive Fibromatosis (DT/DF) (A091105)",phs004295.v1.p1,Grace Mishkin,NCI DAC,Yes,Ana Best,Completed by GPA,Processing Status
NCTN: Treatment of Childhood Nasopharyngeal Carcinoma With Neoadjuvant Chemotherapy and Concomitant Chemoradiotherapy: A Groupwide Phase III Study (ARAR0331),phs004296.v1.p1,Grace Mishkin,NCI DAC,Yes,Ana Best,Completed by GPA,Processing Status
"NCTN: S0800, Nab-Paclitaxel, Doxorubicin, Cyclophosphamide, and Pegfilgrastim With or Without Bevacizumab in Treating Women With Inflammatory or Locally Advanced Breast Cancer (S0800)",phs004297.v1.p1,Grace Mishkin,NCI DAC,Yes,Ana Best,Completed by GPA,Processing Status
NCTN: Trial of Systemic Neoadjuvant Chemotherapy for Group B Intraocular Retinoblastoma (ARET0331),phs004301.v1.p1,Grace Mishkin,NCI DAC,,Ana Best,Completed by GPA,Processing Status
NCORP: A Randomized Double Blinded Trial of Topical Caphosol to Prevent Oral Mucositis in Children Undergoing Hematopoietic Stem Cell Transplantation (ACCL1031),phs004302.v1.p1,Grace Mishkin,NCI DAC,,Ana Best,Completed by GPA,Processing Status
NCTN: A Phase III Study Of Reduced Therapy In The Treatment Of Children With Low And Intermediate Risk Extracranial Germ Cell Tumors (AGCT0132),phs004303.v1.p1,Grace Mishkin,NCI DAC,,Ana Best,Completed by GPA,Processing Status
NCTN: A Pilot Study Randomized Trial of Intravenous Gammaglobulin Therapy for Patients With Neuroblastoma Associated Opsoclonus-Myoclonus-Ataxia Syndrome Treated With Chemotherapy and Prednisone (ANBL00P3),phs004304.v1.p1,Grace Mishkin,NCI DAC,,Ana Best,Completed by GPA,Processing Status
Kids First: Genomic Analysis of Pediatric Rhabdomyosarcoma,phs004306.v1.p1,Joseph Flores-Toro,NCI DAC,Yes,Philip Lupo,Released,Processing Status
Immune-parenchymal multicellular niches are shared across distinct thyroid autoimmune diseases,phs004308.v1.p1,Freddie Pruitt,NCI DAC,,Alexandra-Chloe Villani,Completed by GPA,Processing Status
PIGR+RORC+ Dendritic Cells (PRDCs) Are an Immunomodulatory Subset Enriched in Malignant Ascites,phs004309.v1.p1,Freddie Pruitt,NCI DAC,,Alexandra-Chloe Villani,Released,Processing Status
Involvement of the Myc family proteins in the maintenance and progression of fusion-positive rhabdomyosarcoma,phs004312.v1.p1,Abid Al Reza,NCI DAC,,Frederic Barr,Completed by GPA,Processing Status
ROBIN Immunorad,phs004315.v1.p1,Freddie Pruitt,NCI DAC,,Joseph Deasy,Completed by GPA,Processing Status
NCTN: A Phase III Study for the Treatment of Children and Adolescents With Newly Diagnosed Low Risk Hodgkin Disease (AHOD0431),phs004324.v1.p1,Grace Mishkin,NCI DAC,,Ana Best,Completed by GPA,Processing Status
NCTN: National Wilms' Tumor Study 5 (NWTS-5): Combination Chemotherapy Alone or With Radiation Therapy in Treating Children With Kidney Cancer (Q9401),phs004325.v1.p1,Grace Mishkin,NCI DAC,,Ana Best,Completed by GPA,Processing Status
NCTN: A Single Arm Trial of Systemic And Subtenon Chemotherapy For Groups C And D Intraocular Retinoblastoma (ARET0231),phs004326.v1.p1,Grace Mishkin,NCI DAC,,Ana Best,Completed by GPA,Processing Status
NCTN: Intensive Treatment For T-CELL Acute Lymphoblastic Leukemia and Advanced Stage Lymphoblastic Non-Hodgkin's Lymphoma: A Pediatric Oncology Group Phase III Study (POG-9404),phs004327.v1.p1,Grace Mishkin,NCI DAC,,Ana Best,Completed by GPA,Processing Status
NCORP: A Randomized Open-Label Trial of Caspofungin Versus Fluconazole to Prevent Invasive Fungal Infections in Children Undergoing Chemotherapy for Acute Myeloid Leukemia (AML) (ACCL0933),phs004328.v1.p1,Grace Mishkin,NCI DAC,,Ana Best,Completed by GPA,Processing Status
NCORP: A Phase III Open-Label Trial of Caspofungin vs. Azole Prophylaxis for Patients at High-Risk for Invasive Fungal Infections (IFI) Following Allogeneic Hematopoietic Cell Transplantation (HCT) (ACCL1131),phs004329.v1.p1,Grace Mishkin,NCI DAC,,Ana Best,Completed by GPA,Processing Status
NCTN: Treatment of Adrenocortical Tumors With Surgery Plus Lymph Node Dissection and Multiagent Chemotherapy: A Groupwide Phase III Study (ARAR0332),phs004330.v1.p1,Grace Mishkin,NCI DAC,,Ana Best,Completed by GPA,Processing Status
"NCTN: Combination Chemotherapy, Autologous Stem Cell Transplant, and/?or Radiation Therapy in Treating Young Patients with Extraocular Retinoblastoma (ARET0321)",phs004331.v1.p1,Grace Mishkin,NCI DAC,,Ana Best,Completed by GPA,Processing Status
NCORP: A Randomized Trial of Levofloxacin to Prevent Bacteremia in Children Being Treated for Acute Leukemia (AL) or Undergoing Hematopoietic Stem Cell Transplantation (HSCT) (ACCL0934),phs004332.v1.p1,Grace Mishkin,NCI DAC,,Ana Best,Completed by GPA,Processing Status
"NCORP: Olanzapine for the Prevention of Chemotherapy Induced Nausea and Vomiting (CINV) in Patients Receiving Highly Emetogenic Chemotherapy (HEC): A Randomized, Double-Blind, Placebo-Controlled Trial (A221301)",phs004333.v1.p1,Grace Mishkin,NCI DAC,,Ana Best,Completed by GPA,Processing Status
NCORP: Double Blind Phase III Trial of Effects of Low Dose 13-Cisretinoic Acid on Prevention of Second Primaries in Stages I-II Head and Neck Cancer (C0590),phs004334.v1.p1,Grace Mishkin,NCI DAC,,Ana Best,Completed by GPA,Processing Status
"NCTN: A Phase III Randomized, Double-Blind Study of Induction (Daunorubicin/Cytarabine) and Consolidation (High-Dose Cytarabine) Chemotherapy + Midostaurin (PKC412) or Placebo in Patients with FLT3 Mutated Acute Myeloid Leukemia (AML) (CALGB-10603)",phs004335.v1.p1,Grace Mishkin,NCI DAC,,Ana Best,Completed by GPA,Processing Status
NCTN: Combination Chemotherapy With or Without Maintenance Sunitinib Malate (NSC 736511) For Untreated Extensive Stage Small Cell Lung Cancer: A Phase IB/Randomized Phase II Study (CALGB-30504),phs004336.v1.p1,Grace Mishkin,NCI DAC,,Ana Best,Completed by GPA,Processing Status
"Unlocking 30 year old archival FFPE breast cancer specimens (SWOG S8897), demonstration of analytical validit",phs004344.v1.p1,Freddie Pruitt,NCI DAC,,Donald Johann,Completed by GPA,Processing Status
NCTN: Sunitinib Malate as Maintenance Therapy in Treating Patients With Stage III or Stage IV Non-Small Cell Lung Cancer Previously Treated With Combination Chemotherapy (CALGB-30607),phs004347.v1.p1,Grace Mishkin,NCI DAC,,Ana Best,Completed by GPA,Processing Status
Mapping Immuno-Genomic Drivers of the Head and Neck Precancer Invasive-Disease Transition,phs004348.v1.p1,Claire Zhu,NCI DAC,,Ludmil Alexandrov,Completed by GPA,Processing Status
Effect of chemotherapy on passenger mutations in metastatic colorectal cancer,phs004349.v1.p1,Freddie Pruitt,NCI DAC,,Kamran Idrees,Completed by GPA,Processing Status
BRCAness Revisited: A Novel Whole Genome Sequencing Approach Validated in a Pan-Cancer,phs004351.v1.p1,Freddie Pruitt,NCI DAC,,Juan Mosquera,Completed by GPA,Processing Status
Phase 2 Study of Rogaratinib (BAY 1163877) in the Treatment of Patients with Sarcoma Harboring Alterations in Fibroblast Growth Factor Receptor (FGFR) 1-4 and SDH-deficient Gastrointestinal Stromal Tumor (GIST),phs004352.v1.p1,Freddie Pruitt,NCI DAC,,Suzanne George,Completed by GPA,Processing Status
NCTN: A Phase III Prospective Randomized Trial Comparing Laparoscopic-Assisted Resection Versus Open Resection for Rectal Cancer (ACOSOG-Z6051),phs004353.v1.p1,Grace Mishkin,NCI DAC,,Ana Best,Completed by GPA,Processing Status
NCTN: A Randomized Phase III Double Blind Trial Evaluating Selective COX-2 Inhibition in COX-2 Expressing Advanced Non-Small Cell Lung Cancer (CALGB-30801),phs004375.v1.p1,Grace Mishkin,NCI DAC,,Ana Best,Completed by GPA,Processing Status
NCTN: Cyclophosphamide And Doxorubicin (CA) (4 VS 6 Cycles) Versus Paclitaxel (4 VS 6 Cycles) As Adjuvant Therapy For Breast Cancer in Women With 0-3 Positive Axillary Lymph Nodes:A 2X2 Factorial Phase III Randomized Study (CALGB-40101),phs004376.v1.p1,Grace Mishkin,NCI DAC,,Ana Best,Completed by GPA,Processing Status
"Correlative studies in Protocol EA6194, which studied neoadjuvant Pembrolizumab alone or in combination with CMP-001 in patients with operable Melanoma, including studies in collaboration with CIMAC-CIDC",phs004379.v1.p1,Freddie Pruitt,NCI DAC,Yes,Ahmad Tarhini,Completed by GPA,Processing Status
"Open-label, Phase I study of NeoVax with Nivolumab in Patients with Ovarian Cancer",phs004380.v1.p1,Freddie Pruitt,NCI DAC,,Panagiotis Konstantinopoulos,Released,Processing Status
Fusion transcription factor dosage controls cell state in rhabdomyosarcoma,phs004381.v1.p1,Abid Al Reza,NCI DAC,,Frederic Barr,Released,Processing Status
Longitudinal Analysis of Multiple Myeloma: Bone Marrow Recovery and Immune Microenvironment Dynamics in the Context of Tumor Heterogeneity.,phs004383.v1.p1,Freddie Pruitt,NCI DAC,,Melinda Angus-Hill,Released,Processing Status
Pancreatic Tumor Scraping Enhance Organoid Development and Precision Medicine Approaches,phs004385.v1.p1,Freddie Pruitt,NCI DAC,,David Tuveson,Released,Processing Status
Genome-scale spatial mapping of the Hodgkin lymphoma microenvironment,phs004387.v1.p1,Justin Benavidez,NCI DAC,,Todd Golub,Completed by GPA,Processing Status
SARC031: A Phase 2 Trial of Selumetinib and Sirolimus for Patients with Unresectable or Metastatic Malignant Peripheral Nerve Sheath Tumors (MPNST),phs004388.v1.p1,Kathleen Calzone,NCI DAC,,Brigitte Widemann,Released,Processing Status
NCTN: A Randomized Phase III Trial of Weekly Paclitaxel Compared to Weekly Nanoparticle Albumin Bound Nab-paclitaxel or Ixabepilone With or Without Bevacizumab as First-Line Therapy for Locally Recurrent or Metastatic Breast Cancer (CALGB-40502),phs004389.v1.p1,Grace Mishkin,NCI DAC,,Ana Best,Completed by GPA,Processing Status
"NCTN: Endocrine Therapy With or Without Anti-VEGF Therapy: A Randomized, Phase III Trial of Endocrine Therapy Alone or Endocrine Therapy Plus Bevacizumab (NSC 704865) for Women With Hormone Receptor-Positive Advanced Breast Cancer (CALGB-40503)",phs004390.v1.p1,Grace Mishkin,NCI DAC,,Ana Best,Completed by GPA,Processing Status
NCTN: Phase III Intergroup Trial of Adjuvant Chemoradiation After Resection of Gastric or Gastroesophageal Adenocarcinoma (CALGB-80101),phs004391.v1.p1,Grace Mishkin,NCI DAC,,Ana Best,Completed by GPA,Processing Status
"NCTN: A Randomized Double-Blind, Placebo-Controlled Phase III Study of Early Versus Standard Zoledronic Acid to Prevent Skeletal Related Events in Men With Prostate Cancer Metastatic to Bone (CALGB-90202)",phs004392.v1.p1,Grace Mishkin,NCI DAC,,Ana Best,Released,Processing Status
NCTN: A Phase III Trial in Adult Acute Myeloid Leukemia: Daunorubicin Dose-Intensification Prior to Risk-Allocated Autologous Stem Cell Transplantation (E1900),phs004393.v1.p1,Grace Mishkin,NCI DAC,,Ana Best,Completed by GPA,Processing Status
"NCTN: An Intergroup Phase III Randomized Controlled Trial Comparing Melphalan, Prednisone and Thalidomide (MPT) vs Melphalan, Prednisone and Lenalidomide (Revlimid) (MPR) in Multiple Myeloma Patients Who Are Not Candidates for High-Dose Therapy (E1A06)",phs004394.v1.p1,Grace Mishkin,NCI DAC,,Ana Best,Completed by GPA,Processing Status
NCTN: Phase III Study of Adriamycin/Taxotere Versus Adriamycin/Cytoxan for the Adjuvant Treatment of Node Positive or High Risk Node Negative Breast Cancer (E2197),phs004395.v1.p1,Grace Mishkin,NCI DAC,,Ana Best,Completed by GPA,Processing Status
"NCTN: Sargramostim, Vaccine Therapy, or Sargramostim and Vaccine Therapy in Preventing Disease Recurrence in Patients With Melanoma That Has Been Removed By Surgery (E4697)",phs004396.v1.p1,Grace Mishkin,NCI DAC,,Ana Best,Completed by GPA,Processing Status
NCTN: Gemcitabine Hydrochloride and Docetaxel With or Without Bevacizumab in Treating Patients With Advanced or Recurrent Uterine Leiomyosarcoma (GOG-0250),phs004397.v1.p1,Grace Mishkin,NCI DAC,,Ana Best,Completed by GPA,Processing Status
"NCTN: Paclitaxel and Carboplatin With or Without Bevacizumab in Treating Patients With Stage II, Stage III, or Stage IV Ovarian Epithelial Cancer, Primary Peritoneal Cancer, or Fallopian Tube Cancer (GOG-0262)",phs004398.v1.p1,Grace Mishkin,NCI DAC,,Ana Best,Completed by GPA,Processing Status
Genomics of therapy Related MDS and AML,phs004400.v1.p1,Nathaniel Boyd,NCI DAC,,Gad Getz,Completed by GPA,Processing Status
Multi-omic Analysis of Acute Myeloid Leukemia Clonal Evolution,phs004401.v1.p1,Justin Benavidez,NCI DAC,,Linde Miles,Completed by GPA,Processing Status
Analysis of longitudinally and non-longitudinally collected high grade serous ovarian carcinoma (HGSOC) tumors and model tumors.,phs004404.v1.p1,Freddie Pruitt,NCI DAC,,Sanaz Memarzadeh,Completed by GPA,Processing Status
Niraparib in Pancreatic Cancer,phs004405.v1.p1,Joseph Flores-Toro,NCI DAC,,James Cleary,Released,Processing Status
"NCORP: Phase III Double Blind, Placebo Controlled Study of Donepezil in the Irradiated Brain (WFU-91105)",phs004407.v1.p1,Grace Mishkin,NCI DAC,,Ana Best,Completed by GPA,Processing Status
Multiregion biopsies and corresponding neurosphere cultures reveal spatial divergence in glioblastoma,phs004410.v1.p1,Freddie Pruitt,NCI DAC,,Michalina Janiszewska,Released,Processing Status
Germline EGFR T790M and Lung Cancer Risk,phs004412.v1.p1,Freddie Pruitt,NCI DAC,,Jaclyn Lopiccolo,Released,Processing Status
Identifying senescence and immune biomarkers predictive of benefit to combined CDK4 and checkpoint blockade inhibition in patients with dedifferentiated liposarcoma,phs004414.v1.p1,Eileen Resnick,NCI DAC,,Sandra D'Angelo,Completed by GPA,Processing Status
"Protocol EA4231, “A Phase II Study of Venetoclax, Ibrutinib, Prednisone, Obinutuzumab, and Revlimid (ViPOR) in Relapsed or Refractory CD10-Negative Diffuse-Large B-Cell Lymphoma (DLBCL) and High-Grade B-Cell Lymphoma with MYC and BCL2 rearrangements (HGBC",phs004418.v1.p1,Freddie Pruitt,NCI DAC,Yes,Christopher Melani,Completed by GPA,Processing Status
Single-cell eQTL and multiome profiling of normal lung tissues for functional characterization of lung cancer risk-associated genomic loci,phs004420.v1.p1,Geoffrey Tobias,NCI DAC,,Jiyeon Choi,Released,Processing Status
SMARCA4 Loss in STK11/KEAP1 Co-Mutant Lung Adenocarcinoma,phs004424.v1.p1,Freddie Pruitt,NCI DAC,,Charles Rudin,Released,Processing Status
Harnessing DNA Methylation in Peripheral Blood for Improved Colorectal Cancer Prevention - CIDR,phs004426.v1.p1,Emilie Charlisse Caga-Anan,NCI DAC,,Mingyang Song,Completed by GPA,Processing Status
scRNAseq Analysis of Osteosarcoma Reveals Conserved and Distinct Ecosystems Across Sites and Species,phs004431.v1.p1,Justin Benavidez,NCI DAC,,Ryan Roberts,Released,Processing Status
"Correlative studies in Protocol #A151804, which studies immune-related adverse events in patients treated with immuno-oncology therapeutics, including studies in collaboration with CIMAC-CIDC",phs004434.v1.p1,Freddie Pruitt,NCI DAC,Yes,David Kozono,Completed by GPA,Processing Status
Define the role of chromosome 17q gain in neuroblastoma malignancy,phs004436.v1.p1,Justin Benavidez,NCI DAC,,Miller Huang,Released,Processing Status
Molecular markers of risk of subsequent invasive breast cancer in women with ductal carcinoma in situ,phs004440.v1.p1,Claire Zhu,NCI DAC,,Thomas Rohan,Released,Processing Status
Translational Genomics in Cervical Cancer,phs004441.v1.p1,Eileen Resnick,NCI DAC,,Jin Zhang,Completed by GPA,Processing Status
Single cell immune profiling of longitudinal bone marrow aspirates,phs004445.v1.p1,Freddie Pruitt,NCI DAC,,Omar Abdel-Wahab,Completed by GPA,Processing Status
International Cancer Proteogenome Consortium (ICPC): Proteogenomics of East-Asian Gastric Cancer,phs004447.v1.p1,Sean Hanlon,NCI DAC,,Hsuan-Yu Chen,Completed by GPA,Processing Status
GECCO GxE Interaction Substudy,phs004448.v1.p1,Emilie Charlisse Caga-Anan,NCI DAC,,Ulrike Peters,Completed by GPA,Processing Status
Biopsy analysis of trial S1607: Combination of talimogene laherparepvec (T-VEC) with pembrolizumab in advanced melanoma patients following progression on a prior PD-1 inhibitor,phs004451.v1.p1,Nathaniel Boyd,NCI DAC,,Michael Wu,Completed by GPA,Processing Status
HRDetect in Tubo-ovarian Carcinoma: Stratification and Therapeutic Implications,phs004452.v1.p1,Nathaniel Boyd,NCI DAC,,Elizabeth Swisher,Released,Processing Status
"Correlative studies in Protocol EA6174, which studies pembrolizumab in patients with Merkel cell carcinoma, including studies in collaboration with CIMAC-CIDC",phs004456.v1.p1,Freddie Pruitt,NCI DAC,Yes,Janice Mehnert,Completed by GPA,Processing Status
Lineage heterogeneity and plasticity in lung cancer,phs004458.v1.p1,Justin Benavidez,NCI DAC,,Hideo Watanabe,Released,Processing Status
Germ Cell Tumor Epidemiology Study (GaMETES),phs004461.v1.p1,Emilie Charlisse Caga-Anan,NCI DAC,,Jenny Poynter,Completed by GPA,Processing Status
Personalized DNA and peptide vaccines elicit neoantigen-driven T-cell responses in pancreatic cancer,phs004463.v1.p1,Eileen Resnick,NCI DAC,,David Denardo,Released,Processing Status
CDK2 inhibition demonstrates RB-independent efficacy in CDK4/6 inhibitor-resistant HR-positive/HER2-negative breast cancer,phs004466.v1.p1,Freddie Pruitt,NCI DAC,,Ioannis Sanidas,Released,Processing Status
Mutational profile analysis in patient-derived neuroendocrine tumor models,phs004469.v1.p1,Abid Al Reza,NCI DAC,,Samira Sadowski,Released,Processing Status
Evaluation of the effects of endocrine therapy and abemaciclib on host and tumor immune cell repertoire/function in advanced ER+/HER2- breast cancer,phs004470.v1.p1,Freddie Pruitt,NCI DAC,,Rani Bansal,Released,Processing Status
Efficacy of the ATR inhibitor ceralasertib in patients with ARID1A-deficient gynecologic and other solid tumor malignancies,phs004471.v1.p1,Freddie Pruitt,NCI DAC,,Rahul Aggarwal,Completed by GPA,Processing Status
Patient-derived xenografts in multiple myeloma,phs004479.v1.p1,Freddie Pruitt,NCI DAC,,Brian Walker,Released,Processing Status
"Correlative studies in Protocol #CA027-005, which studies nivolumab and either BMS-813160 or BMS-986253 in haptocellular carcinoma and non-small cell lung cancer, including studies in collaboration with CIMAC-CIDC",phs004481.v1.p1,Freddie Pruitt,NCI DAC,Yes,Thomas Marron,Completed by GPA,Processing Status
Somatic evolution in Li-Fraumeni Syndrome,phs004484.v1.p1,Freddie Pruitt,NCI DAC,,Rosa Ana Risques,Completed by GPA,Processing Status
"Molecular Characterization of NRG-HN003: Cisplatin, Intensity-Modulated Radiation Therapy, and Pembrolizumab in Treating Patients With Stage III-IV Head and Neck Squamous Cell Carcinoma",phs004486.v1.p1,Grace Mishkin,NCI DAC,,Robert Ferris,Released,Processing Status
Reduction of Lethal Prostate Cancer Disparities in Underserved Hispanic/Latino Populations,phs004487.v1.p1,Freddie Pruitt,NCI DAC,,Jaime Matta,Released,Processing Status
Plasma cfChIP-seq profiling in metastatic pancreatic cancer patients for subtype classification,phs004489.v1.p1,Mariam Eljanne,NCI DAC,,Harshabad Singh,Completed by GPA,Processing Status
Childhood Cancer Data Initiative (CCDI): Metastatic Osteosarcoma snMultiome Profiling,phs004490.v1.p1,Freddie Pruitt,NCI DAC,Yes,Troy McEachron,Completed by GPA,Processing Status
Hodgkin lymphoma ctDNA analyses of SWOG S1826 ctDNA clinical trial samples,phs004491.v1.p1,Freddie Pruitt,NCI DAC,,Margaret Shipp,Completed by GPA,Processing Status
Insights into Early-Onset Colorectal Cancer from a Single-Nucleus RNA-Seq Atlas of Colorectal Cancer Across the Age Continuum,phs004493.v1.p1,Eileen Resnick,NCI DAC,,Kimmie Ng,Completed by GPA,Processing Status
"Spatial analysis of IPMNs defines a paradoxical KRT17-positive, low-grade epithelial population harboring malignant features",phs004497.v1.p1,Freddie Pruitt,NCI DAC,,Eileen Carpenter,Released,Processing Status
Cancer associated fibroblasts drive epithelial to mesenchymal transition and classical to basal change in pancreatic cancer cells with loss of IL-8 expression,phs004499.v1.p1,Joseph Flores-Toro,NCI DAC,,Michael Goggins,Released,Processing Status
Out-of-Frame CBX3::ALK Fusion Drives ALK Activation and Therapy Response,phs004503.v1.p1,Freddie Pruitt,NCI DAC,,Freddie Pruitt,Released,Processing Status
Multi-omics profiling of genetic and transcriptomic alterations in bladder cancer,phs004506.v1.p1,Abid Al Reza,NCI DAC,,Abdul Banday,Completed by GPA,Processing Status
Dendritic cell redundancy enables priming of anti-tumor CD4 T cells in pancreatic cancer,phs004508.v1.p1,Justin Benavidez,NCI DAC,,Andrew Aguirre,Released,Processing Status
Effector CD4 T cells convert transient responses to KRAS-targeted therapy into long-term durable remissions in pancreatic cancer,phs004509.v1.p1,Justin Benavidez,NCI DAC,,Andrew Aguirre,Released,Processing Status
Proteogenomic studies to understand mechanisms and drivers of resistance to immunotherapies,phs004511.v1.p1,Freddie Pruitt,NCI DAC,,Amanda Paulovich,Released,Processing Status
A phase 1-2 study of the combination of olaparib and tremelimumab in BRCA1 and BRCA2 mutation carriers with recurrent ovarian cancer (NCT02571725),phs004512.v1.p1,Freddie Pruitt,NCI DAC,,Sarah Adams,Released,Processing Status
Whole Exome Sequencing of 407 Patients from the Phase III POLARIX Clinical Trial in Diffuse Large B-Cell Lymphoma (DLBCL),phs004516.v1.p1,Freddie Pruitt,NCI DAC,,Margaret Shipp,Completed by GPA,Processing Status
Durvalumab and cediranib with and without olaparib in recurrent ovarian cancer: A phase II proof-of-concept study,phs004519.v1.p1,Kathleen Calzone,NCI DAC,,Takeo Fujii,Completed by GPA,Processing Status
Spatial Phenotyping of PDAC Tumor Specimens,phs004521.v1.p1,Justin Benavidez,NCI DAC,,Andrew Gunderson,Completed by GPA,Processing Status
Impact of HLA aberrations on tumor neoepitope presentation,phs004529.v1.p1,Freddie Pruitt,NCI DAC,,Ellis Reinherz,Released,Processing Status
Genomic modifiers of malignant and neurodevelopmental phenotypes in individuals with PTEN hamartoma tumor syndrome (PHTS),phs004537.v1.p1,Freddie Pruitt,NCI DAC,,Ying Ni,Completed by GPA,Processing Status
Synchronous dual hematologic neoplasms of myeloid and lymphoid lineage are of common clonal origin,phs004539.v1.p1,Freddie Pruitt,NCI DAC,,Eric Padron,Released,Processing Status
IMPACT study: single-cell RNA-seq before and after vaccination for SARS-CoV-2 in patients with Multiple Myeloma and its precursor conditions.,phs004542.v1.p1,Justin Benavidez,NCI DAC,,Irene Ghobrial,Released,Processing Status
Inherited Genetic Susceptibility in Langerhans Cell Histiocytosis,phs004547.v1.p1,Emilie Charlisse Caga-Anan,NCI DAC,,Michael Scheurer,Released,Processing Status
Genetic Susceptibility to Ewing Sarcoma,phs004551.v1.p1,Geoffrey Tobias,NCI DAC,,Mitchell Machiela,Completed by GPA,Processing Status
Decoding the Tumor Ecosystem in Peripheral T-cell Lymphoma,phs004552.v1.p1,Justin Benavidez,NCI DAC,,Teresa Palomero,Completed by GPA,Processing Status
Profiling of gynecologic carcinosarcomas reveals vulnerabilities to natural killer cell-coupled antibody therapy,phs004563.v1.p1,Freddie Pruitt,NCI DAC,,Sanaz Memarzadeh,Completed by GPA,Processing Status
APOLLO3: Proteogenomic analysis of localized prostate adenocarcinoma,phs004569.v1.p1,Sean Hanlon,NCI DAC,Yes,Shyh-Han Tan,Completed by GPA,Processing Status
The critical role of the host endogenous immune compartment after intracerebroventricular CAR T cell therapy in recurrent GBM,phs004571.v1.p1,Nathaniel Boyd,NCI DAC,,Stephen Bagley,Released,Processing Status
Plasma cfChIP-seq profiling for inference of tumor gene expression,phs004572.v1.p1,Freddie Pruitt,NCI DAC,,Gunsagar Gulati,Completed by GPA,Processing Status
United for Health Equity-Living PDX Program (U4HELPP),phs004573.v1.p1,Freddie Pruitt,NCI DAC,,Jose Trevino,Completed by GPA,Processing Status
ROBIN-METEOR Comprehensive Radiobiology Assessment Trial,phs004578.v1.p1,Eileen Resnick,NCI DAC,,Julie Schwarz,Completed by GPA,Processing Status
Genomic Landscape of Waldenström Macroglobulinemia using WGS,phs004580.v1.p1,Freddie Pruitt,NCI DAC,,Gareth Morgan,Completed by GPA,Processing Status
"Correlative studies in Protocol #10061, which studied pembrolizumab and IL-12 in patients with solid tumors, including studies in collaboration with CIMAC-CIDC",phs004592.v1.p1,Freddie Pruitt,NCI DAC,Yes,Diwakar Davar,Completed by GPA,Processing Status
NCI Surgery Branch Single Cell Data,phs004593.v1.p1,Kathleen Calzone,NCI DAC,,Sri Krishna,Completed by GPA,Processing Status
Multi-modal profiling reveals epithelial hierarchy disorganization underlying field cancerization in head and neck cancer,phs004595.v1.p1,Freddie Pruitt,NCI DAC,,Slobodan Beronja,Completed by GPA,Processing Status
"Integrated transcriptomic, proteomic, phosphoproteomic, and immunopeptidomic profiling of SF3B1-mutant and wild-type CLL",phs004598.v1.p1,Freddie Pruitt,NCI DAC,,Gad Getz,Completed by GPA,Processing Status
Lung PreCancer Atlas,phs004605.v1.p1,Claire Zhu,NCI DAC,,Avrum Spira,Completed by GPA,Processing Status
MGB/Broad Genomic Heterogeneity Initiative for Lung Cancer,phs004611.v1.p1,Freddie Pruitt,NCI DAC,,Gad Getz,Completed by GPA,Processing Status
Ultrasensitive circulating tumor DNA analysis in locally advanced esophageal cancer,phs004613.v1.p1,Freddie Pruitt,NCI DAC,,Viktor Adalsteinsson,Released,Processing Status
NCTN: A Phase II/III Randomized Trial of Veliparib or Placebo in combination with Adjuvant Temozolomide in Newly Diagnosed Glioblastoma with MGMT Promoter Hypermethylation (A071102),phs004615.v1.p1,Grace Mishkin,NCI DAC,Yes,Ana Best,Released,Processing Status
Tumor immune microenvironment reconstitution in patient-derived organoids enables therapy modeling for NSCLC,phs004616.v1.p1,Freddie Pruitt,NCI DAC,,Olivier Elemento,Completed by GPA,Processing Status
"NCTN: Randomized Phase III Study of Postoperative Oxaliplatin, 5-Fluorouracil and Leucovorin vs Oxaliplatin, 5-Fluorouracil, Leucovorin and Bevacizumab for Patients with Stage II or III Rectal Cancer Receiving Pre-operative Chemoradiation (E5204)",phs004621.v1.p1,Grace Mishkin,NCI DAC,,Ana Best,Released,Processing Status
Disentangling the effect of Black/African ancestry from confounding variables on colorectal cancer biology,phs004622.v1.p1,Justin Benavidez,NCI DAC,,Alexandra Guillaume,Completed by GPA,Processing Status
Deep Whole Exome Sequencing of Cell-Free DNA in Advanced Urothelial Cancers,phs004624.v1.p1,Freddie Pruitt,NCI DAC,,Arvind Ravi,Completed by GPA,Processing Status
Project DANCES (Discovery in Aya caNCEr Survivors),phs004625.v1.p1,Emilie Charlisse Caga-Anan,NCI DAC,,Michelle Hildebrandt,Completed by GPA,Processing Status
Dissecting melanoma-specific clonal T cell populations in patients treated with neoadjuvant immune checkpoint inhibition and personal neoantigen peptide vaccines.,phs004627.v1.p1,Eileen Resnick,NCI DAC,,Patrick Ott,Completed by GPA,Processing Status
Mutant KRAS-Targeted Long Peptide Vaccine for Patients at High Risk of Developing Pancreatic Cancer,phs004632.v1.p1,Freddie Pruitt,NCI DAC,,Nilofer Azad,Completed by GPA,Processing Status
Spatial Transcriptomics Reveals Primary-Site Endothelial EMT Reprogramming That Drives Immunosuppression in Metastatic Uveal Melanoma & poor survival,phs004640.v1.p1,Freddie Pruitt,NCI DAC,,Gurdeep Singh,Completed by GPA,Processing Status
EXaCT-2: An augmented and customizable oncology-focused whole exome sequencing platform,phs004644.v1.p1,Freddie Pruitt,NCI DAC,,Andrea Sboner,Completed by GPA,Processing Status
Family studies of Melanoma within the MelaNostrum Consortium,phs004649.v1.p1,Geoffrey Tobias,NCI DAC,,Maria Landi,Completed by GPA,Processing Status
Ovarian Cancer Precision Medicine Initiative (OCPMI),phs004655.v1.p1,Nathaniel Boyd,NCI DAC,,Timothy Starr,Completed by GPA,Processing Status
TET2 loss triggers ssDNA gap accumulation and heightened PARP inhibitor sensitivity,phs004658.v1.p1,Justin Benavidez,NCI DAC,,Alessandro Vindigni,Released,Processing Status
Role of MALAT1 in PDO-X breast cancer models,phs004666.v1.p1,Justin Benavidez,NCI DAC,,David Spector,Completed by GPA,Processing Status
Comprehensive multi-omic profiling of desmoplastic small round cell tumors identifies targetable pathways with therapeutic opportunities,phs004669.v1.p1,Freddie Pruitt,NCI DAC,,Gordon Mills,Completed by GPA,Processing Status
Intraoperative surgical wash cell-free tumor DNA predicts soft tissue sarcoma local recurrence,phs004670.v1.p1,Freddie Pruitt,NCI DAC,,Everett Moding,Completed by GPA,Processing Status
Pilot Prospective Study for PET-CT Imaging in Participants with Relapsed/Refractory Acute Leukemia,phs004671.v1.p1,Abid Al Reza,NCI DAC,,Nirali Shah,Awaiting GPA's Approval,Processing Status
Comparison of Whole Genome Sequencing with Clinical Targeted Panel Sequencing of Metastatic Prostate Cancer: Insights from Real-World Data,phs004673.v1.p1,Freddie Pruitt,NCI DAC,,Juan Mosquera,Completed by GPA,Processing Status
Cellular and molecular profiling of epithelial ovarian cancers and associated normal tissues,phs004702.v1.p1,Justin Benavidez,NCI DAC,,Hui Shen,Completed by GPA,Processing Status
Southern Community Cohort Study- the Gut Microbiome Project,phs004716.v1.p1,Emilie Charlisse Caga-Anan,NCI DAC,,Wei Zheng,Released,Processing Status
Sequencing data from patient-derived models of pediatric cancer,phs004719.v1.p1,Justin Benavidez,NCI DAC,,Ryan Roberts,Released,Processing Status
Chronic Pancreatitis Patient-Derived Organoid Profiling,phs004725.v1.p1,Freddie Pruitt,NCI DAC,,Dannielle Engle,Completed by GPA,Processing Status
Longitudinal single cell RNA-sequencing reveals evolution of micro- and macro-states in chronic myeloid leukemia,phs004729.v1.p1,Freddie Pruitt,NCI DAC,,Kathleen Sakamoto,Completed by GPA,Processing Status
PHF2 Maintains Classical Subtype Identity of Pancreatic Ductal Adenocarcinoma Through Structural Regulation of the 3D Genome,phs004737.v1.p1,Justin Benavidez,NCI DAC,,Andrew Liss,Completed by GPA,Processing Status
"TMEM, Menacalc, and MenaINV as prognostic and predictive markers for breast cancer metastasis",phs004739.v1.p1,Emilie Charlisse Caga-Anan,NCI DAC,,Thomas Rohan,Completed by GPA,Processing Status
Derivation of a doxorubicin mutational signature in cancer,phs004740.v1.p1,Justin Benavidez,NCI DAC,,Andrew Hong,Completed by GPA,Processing Status
The Discovery and Validation of AML Prognostic Biomarkers in NPM1-mutated AML,phs004743.v1.p1,Freddie Pruitt,NCI DAC,,Derek Stirewalt,Completed by GPA,Processing Status
RAS pathway activation and microenvironmental adaptation as hallmarks of myeloid sarcoma,phs004744.v1.p1,Freddie Pruitt,NCI DAC,,Ann-Kathrin Eisfeld,Completed by GPA,Processing Status
Differences in Tumor Biology of Multiple Myeloma in Association with African Ancestry,phs004746.v1.p1,Emilie Charlisse Caga-Anan,NCI DAC,,Linda Baughn,Completed by GPA,Processing Status
Multi-omic Analysis of Pediatric Acute Leukemia Clonal Evolution,phs004748.v1.p1,Catherine Bullen,NCI DAC,,Linde Miles,Completed by GPA,Processing Status
Immune mechanisms underlying spontaneous regression of chronic lymphocytic leukemia,phs004752.v1.p1,Freddie Pruitt,NCI DAC,,Catherine Wu,Completed by GPA,Processing Status
Clonal dynamics underlying response and resistance to chronic lymphocytic leukemia therapy,phs004753.v1.p1,Freddie Pruitt,NCI DAC,,Catherine Wu,Completed by GPA,Processing Status
MEDUSA: Maintaining Entire DNA Duplexes for Utmost Sequencing Accuracy,phs004754.v1.p1,Freddie Pruitt,NCI DAC,,Viktor Adalsteinsson,Completed by GPA,Processing Status
Interrogating the surfaceome of aggressive platinum resistant HGSOC paves the way for personalized immunotherapies,phs004755.v1.p1,Freddie Pruitt,NCI DAC,,Sanaz Memarzadeh,Completed by GPA,Processing Status
"NCTN: RxPONDER: A Phase III, Randomized Clinical Trial of Standard Adjuvant Endocrine Therapy +/- Chemotherapy in Patients with 1-3 Positive Nodes, Hormone Receptor-Positive, HER2-Negative Breast Cancer with Recurrence Score of 25 or Less (S1007)",phs004763.v1.p1,Grace Mishkin,NCI DAC,,Ana Best,Completed by GPA,Processing Status
NCTN_NCORP: Randomized Double-Blind Placebo Controlled Study of Testosterone in the Adjuvant Treatment of Postmenopausal Women with Aromatase Inhibitor Induced Arthralgias (A221102),phs004764.v1.p1,Grace Mishkin,NCI DAC,,Ana Best,Completed by GPA,Processing Status
Multi-center Phase 1 study of Triapine in Combination with [177Lu] Lutetium-Dotatate in Patients with Well-Differentiated Neuroendocrine Tumors (ETCTN 10388),phs004766.v1.p1,Freddie Pruitt,NCI DAC,,Susanne Arnold,Completed by GPA,Processing Status
Gene expression for laser capture microdissected epithelium and stroma during pancreatic tumorigenesis,phs004767.v1.p1,Freddie Pruitt,NCI DAC,,Kenneth Olive,Completed by GPA,Processing Status
Molecular Characterization of LCCC 9819: Tissue Repository for Correlation of Molecular Markers with Response to Neoadjuvant and Metastatic Chemotherapy Samples,phs004770.v1.p1,Eileen Resnick,NCI DAC,,Lisa Carey,Completed by GPA,Processing Status
Targeting SS18-SSX biology in Synovial Sarcomagenesis,phs004771.v1.p1,Justin Benavidez,NCI DAC,,Kevin Jones,Awaiting GPA's Approval,Processing Status
Genomic Analyses of Carcinosarcoma,phs004772.v1.p1,Nathaniel Boyd,NCI DAC,,Semir Beyaz,Completed by GPA,Processing Status
Multi-platform analysis of matched well- and dedifferentiated tumors identify novel drivers of liposarcomagenesis,phs004774.v1.p1,Freddie Pruitt,NCI DAC,,Aimee Crago,Completed by GPA,Processing Status
A Phase I Clinical Trial of Dendritic Cell/AML fusion vaccine following allogeneic transplantation in AML.,phs004781.v1.p1,Eileen Resnick,NCI DAC,,Jacalyn Rosenblatt,Completed by GPA,Processing Status
Genome sequencing of individuals with PTEN hamartoma tumor syndrome,phs004787.v1.p1,Freddie Pruitt,NCI DAC,,Ying Ni,Released,Processing Status
"Impact Childhood Chemotherapy on Adult Reproductive Hormones, Sperm and Epigenetics in Pediatric Osteosarcoma Survivors",phs004788.v1.p1,Claire Zhu,NCI DAC,,Michael Skinner,Completed by GPA,Processing Status
Transcriptome of human DRG and SC,phs004789.v1.p1,Ping Jin,NCI DAC,,Matthew Sapio,Completed by GPA,Processing Status
"Correlative studies in Protocol A091902, which studied paclitaxel, nivolumab, and cabozantinib in patients with Angiosarcoma, including studies in collaboration with CIMAC-CDIC",phs004792.v1.p1,Freddie Pruitt,NCI DAC,Yes,Juneko Grilley Olson,Completed by GPA,Processing Status
Exportin 1 inhibition prevents selpercatinib resistance in RET fusion-positive lung adenocarcinoma through DNA damage response suppression,phs004794.v1.p1,Freddie Pruitt,NCI DAC,,Alexander Drilon,Completed by GPA,Processing Status
Long-read sequencing of ovarian cancer organoid,phs004795.v1.p1,Freddie Pruitt,NCI DAC,,Jessica Lang,Released,Processing Status
Age association of genomic alterations detected by NCI-MATCH targeted panel,phs004796.v1.p1,Freddie Pruitt,NCI DAC,,Hari Sankaran,Completed by GPA,Processing Status
Comprehensive Profiling of Tumor and Tumor Immunity for Developing Personalized Interventions for T-cell Lymphomas,phs004799.v1.p1,Freddie Pruitt,NCI DAC,,Ash Alizadeh,Completed by GPA,Processing Status
Tumor and host markers of clinical outcomes after MIBG therapy in Neuroblastoma,phs004800.v1.p1,Freddie Pruitt,NCI DAC,,Steven Dubois,Completed by GPA,Processing Status
Personalized neoantigen cancer vaccine plus pembrolizumab for newly diagnosed glioblastoma patients treated with standard radio-chemotherapy,phs004801.v1.p1,Freddie Pruitt,NCI DAC,,Catherine Wu,Completed by GPA,Processing Status
Transcriptional profiling of Dana-Farber Cancer Institute early-onset colorectal cancer cohort,phs004807.v1.p1,Freddie Pruitt,NCI DAC,,Marios Giannakis,Released,Processing Status
Research Into Visual Endpoints and RB Health Outcomes After Treatment (RIVERBOAT),phs004821.v1.p1,Emilie Charlisse Caga-Anan,NCI DAC,,Debra Friedman,Completed by GPA,Processing Status
Germline Whole-Genome Sequencing of Young-Onset Lung Cancer (from the DFCI PROACTIVE study),phs004823.v1.p1,Freddie Pruitt,NCI DAC,,Jaclyn Lopiccolo,Completed by GPA,Processing Status
Absence of somatic copy number alterations in non-neoplastic prostate epithelium,phs004829.v1.p1,Freddie Pruitt,NCI DAC,,Srinivasan Yegnasubramanian,Completed by GPA,Processing Status
MAIT cell:microbiome crosstalk in antitumor immunity,phs004830.v1.p1,Freddie Pruitt,NCI DAC,,Richard Tobin,Completed by GPA,Processing Status
Genomic characterization of therapy-associated polyposis reveals an alkylating mutational signature from prior treatment,phs004831.v1.p1,Freddie Pruitt,NCI DAC,,Nilay Sethi,Completed by GPA,Processing Status
Genomic analysis of bilateral prostate cancer,phs004832.v1.p1,Freddie Pruitt,NCI DAC,,Robert Reiter,Completed by GPA,Processing Status
ROBIN PNOC022: A Combination Therapy Trial using an Adaptive Platform Design for Children and Young Adults,phs004833.v1.p1,Catherine Bullen,NCI DAC,,Bahar Sayoldin,Completed by GPA,Processing Status
Functional precision medicine for newly diagnosed and recurrent pediatric central nervous system tumors,phs004834.v1.p1,Freddie Pruitt,NCI DAC,,Lukas Chavez,Completed by GPA,Processing Status
Whole genome sequencing of lung cancer in never smokers,phs004835.v1.p1,Freddie Pruitt,NCI DAC,,Laura Stabile,Completed by GPA,Processing Status
Clonal Hematopoiesis and Cytopenias Following CAR19 Therapy,phs004836.v1.p1,Freddie Pruitt,NCI DAC,,Ash Alizadeh,Completed by GPA,Processing Status
NR0B1 alters the retinoid response in fusion-driven pediatric sarcomas,phs004838.v1.p1,Freddie Pruitt,NCI DAC,Yes,Benjamin Sunkel,Completed by GPA,Processing Status
A Phase Ib study of NeoVax in combination with CDX-301 and nivolumab or pembrolizumab in patients with melanoma,phs004839.v1.p1,Freddie Pruitt,NCI DAC,Yes,Patrick Ott,Completed by GPA,Processing Status
Blood-based assessment of patients with mismatch repair-deficient tumors enrolled in the National Cancer Institute Molecular Analysis for Therapy Choice (NCI-MATCH) Arm Z1D,phs004846.v1.p1,Grace Mishkin,NCI DAC,,Chris Karlovich,Completed by GPA,Processing Status
A whole-exome case-control association study to characterize the contribution of rare coding variation to pancreatic cancer risk,phs004848.v1.p1,Emilie Charlisse Caga-Anan,NCI DAC,,Paul Scheet,Completed by GPA,Processing Status
Integrating Genomic & Epigenomic Features for Noninvasive Characterization of T-Cell Lymphomas,phs004849.v1.p1,Freddie Pruitt,NCI DAC,,Ash Alizadeh,Completed by GPA,Processing Status
Predicting and Preventing Immune Deaminase Driven Cancer Stemness in Low Earth Orbit,phs004850.v1.p1,Justin Benavidez,NCI DAC,,Catriona Jamieson,Completed by GPA,Processing Status
Molecular Characterization of the Immunological Landscape in Human Brain Tumors,phs004853.v1.p1,Joseph Flores-Toro,NCI DAC,,Benjamin Lu,Completed by GPA,Processing Status
Cellular and Molecular Characterization of T cells in Malignant Pleural Effusions,phs004859.v1.p1,Joseph Flores-Toro,NCI DAC,,Benjamin Lu,Completed by GPA,Processing Status
Integrating Genomics and Metabolomics to Develop Predictive Models of Prostate Cancer in Multiethnic Men,phs004864.v1.p1,Emilie Charlisse Caga-Anan,NCI DAC,,Burcu Darst,Completed by GPA,Processing Status
Genome-Wide Variations of End Motif in Cell-Free DNA Fragments Distinguish Immunotherapy Responders from Non-Responders in Head and Neck Cancer: A Multi-Institute Prospective Study,phs004865.v1.p1,Freddie Pruitt,NCI DAC,,Trisha Wise-Draper,Completed by GPA,Processing Status
"A Phase 2, Open-Label, Multicenter Study of the Safety and Efficacy of TAK-007 in Adult Patients with Relapsed/Refractory B-cell Non-Hodgkin Lymphoma",phs004866.v1.p1,Freddie Pruitt,NCI DAC,,Leopold Sellner,Completed by GPA,Processing Status
Transcriptomics of DICER1-related cancers,phs004867.v1.p1,Justin Benavidez,NCI DAC,,Kenneth Chen,Completed by GPA,Processing Status
Spindle Assembly Checkpoint Competency Determines Sensitivity to KIF18A Inhibition in Small-Cell Lung Cancer,phs004869.v1.p1,Abid Al Reza,NCI DAC,,Anish Thomas,Completed by GPA,Processing Status
scRNA-seq of Multiple Myeloma and Tumor Microenvironment Cells from Bone Marrow During CAR T-Cell Therapy,phs004878.v1.p1,Nathaniel Boyd,NCI DAC,,Kenneth Shain,Completed by GPA,Processing Status
Spatial transcriptomics on a diverse pancreatic cancer cohort reveals Black African Americans display reduced classical and increased intermediate tumor subtype,phs004881.v1.p1,Justin Benavidez,NCI DAC,,Howard Crawford,Completed by GPA,Processing Status
NCTN: Randomized Phase II 2 x 2 Factorial Trial of the Addition of Carboplatin +/- Bevacizumab to Neoadjuvant Weekly Paclitaxel followed by Dose-Dense AC in Hormone Receptor-Poor/HER2-Negative Resectable Breast Cancer (CALGB-40603),phs004883.v1.p1,Grace Mishkin,NCI DAC,,Ana Best,Completed by GPA,Processing Status
Spatial single cell profiling of premalignancy of the fallopian tube,phs004885.v1.p1,Freddie Pruitt,NCI DAC,,Charles Ishak,Completed by GPA,Processing Status
A phase II study of triple combination of atezolizumab+ cobimetinib + eribulin (ACE) or atezolizumab + eribulin (AE) in patients with recurrent/metastatic inflammatory breast cancer,phs004886.v1.p1,Freddie Pruitt,NCI DAC,,Bora Lim,Completed by GPA,Processing Status
Transcriptomic profiling of CD8+ T cells during mosunetuzumab therapy,phs004893.v1.p1,Freddie Pruitt,NCI DAC,,Adam Olszewski,Released,Processing Status
5-hydroxymethylcytosine profiling of cell-free DNA disease detection in high-risk relapsed or refractory neuroblastoma,phs004894.v1.p1,Freddie Pruitt,NCI DAC,,Mark Applebaum,Completed by GPA,Processing Status
Genomic analysis of relapsed Diffuse Large B-cell Lymphoma,phs004895.v1.p1,Freddie Pruitt,NCI DAC,,Margaret Shipp,Completed by GPA,Processing Status
Molecular Landscape of Bladder Cancer in Individuals with Occupational Metal Exposure,phs004896.v1.p1,Freddie Pruitt,NCI DAC,,Timothy Chan,Completed by GPA,Processing Status
Longitudinal multi-omic profiling identifies radiation-induced immune remodeling associated with disease control in oligometastatic prostate cancer,phs004897.v1.p1,Freddie Pruitt,NCI DAC,,Sophia Kamran,Completed by GPA,Processing Status
Transcriptional signatures indicating RB function correlate with response to CDK4/6 inhibition in endometrial cancer,phs004904.v1.p1,Freddie Pruitt,NCI DAC,,Sarah Hill,Completed by GPA,Processing Status
Epigenetic heterogeneity of human chordoma,phs004905.v1.p1,Joseph Flores-Toro,NCI DAC,,Andrew Venteicher,Completed by GPA,Processing Status
A Phase II Trial of Nivolumab in Combination with Lenalidomide and Low-Dose Dexamethasone in Patients with High-Risk Smoldering Multiple Myeloma,phs004906.v1.p1,Justin Benavidez,NCI DAC,,Irene Ghobrial,Completed by GPA,Processing Status
Longitudinal Analysis of Matched Patient Biospecimens Reveals Neural Reprogramming of Cancer-Associated Fibroblasts Following Chemotherapy in Pancreatic Cancer,phs004909.v1.p1,Freddie Pruitt,NCI DAC,,Eileen Carpenter,Completed by GPA,Processing Status
The IL-18-IFNγ axis predicts response to immunotherapy,phs004918.v1.p1,Eileen Resnick,NCI DAC,,Heather Gustafson,Completed by GPA,Processing Status
"Genes, Environment, and Melanoma Study",phs004921.v1.p1,Emilie Charlisse Caga-Anan,NCI DAC,,Nancy Thomas,Completed by GPA,Processing Status
BenchDrop-seq,phs004944.v1.p1,Justin Benavidez,NCI DAC,,Avi Srivastava,Completed by GPA,Processing Status
T-cell receptor sequencing in high-risk neuroblastoma,phs004947.v1.p1,Catherine Bullen,NCI DAC,,Catherine Bullen,Completed by GPA,Processing Status
Germline Variant rs116446171 Drives Malignant B cell Fate and Immune Exhaustion In Waldenström Macroglobulinemia.,phs004948.v1.p1,Freddie Pruitt,NCI DAC,,Patrizia Mondello,Completed by GPA,Processing Status
"NCTN: Randomized Phase III Trial of Bortezomib, Lenalidomide, and Dexamethasone (VRd) versus Carfilzomib, Lenalidomide, and Dexamethasone (CRd) followed by Limited or Indefinite Duration Lenalidomide Maintenance in Multiple Myeloma (ENDURANCE) (E1A11)",phs004951.v1.p1,Grace Mishkin,NCI DAC,,Ana Best,Completed by GPA,Processing Status
NCTN: A Randomized Phase II Study of Cisplatin and Etoposide in combination with either Hedgehog Inhibitor GDC-0449 or IGF-1R MOAB IMC-A12 for Patients with Extensive Stage Small Cell Lung Cancer (E1508),phs004952.v1.p1,Grace Mishkin,NCI DAC,,Ana Best,Completed by GPA,Processing Status
NCTN: A Randomized Phase III Double-Blind Placebo-Controlled Trial of First-Line Chemotherapy and Trastuzumab with or without Bevacizumab for Patients with HER-2/NEU Over-Expressing Metastatic Breast Cancer (E1105),phs004953.v1.p1,Grace Mishkin,NCI DAC,,Ana Best,Completed by GPA,Processing Status
NCTN_NCORP: Improving Communication for Cancer Treatment: Addressing Concerns of Older Cancer Patients and Caregivers (URCC-13070),phs004954.v1.p1,Grace Mishkin,NCI DAC,,Ana Best,Completed by GPA,Processing Status
Potency-guided tumor-infiltrating lymphocyte therapy in metastatic uveal melanoma: a phase 2 trial,phs004955.v1.p1,Nathaniel Boyd,NCI DAC,,Udai Kammula,Completed by GPA,Processing Status
Parallel Evolution of Leukemic Clones in Myeloproliferative Neoplasms,phs004956.v1.p1,Freddie Pruitt,NCI DAC,,Andrew Young,Completed by GPA,Processing Status
"A Phase III, randomized, double-blinded study comparing the combination of the BRAF inhibitor, dabrafenib and the MEK inhibitor, trametinib to dabrafenib and placebo as first-line therapy in subjects with unresectable (Stage IIIC) or metastatic (Stage IV)",phs004958.v1.p1,Freddie Pruitt,NCI DAC,,David Liu,Completed by GPA,Processing Status
Genomic Analysis of Newly Diagnosed Follicular Lymphoma,phs004960.v1.p1,Freddie Pruitt,NCI DAC,,Anne Novak,Completed by GPA,Processing Status
(DFCI 19-040) Phase 1 study of the Bromodomain (BRD) and Extra-Terminal (BET) Inhibitors BMS-986158 and BMS-986378 (CC-90010) in Pediatric Cancer,phs004965.v1.p1,Catherine Bullen,NCI DAC,,Catherine Bullen,Completed by GPA,Processing Status
Genomic Predictors of Progression and Single-Cell Phylogenetic Dynamics after Early Intervention in Smoldering Myeloma,phs004967.v1.p1,Justin Benavidez,NCI DAC,,Irene Ghobrial,Completed by GPA,Processing Status
PBTC Glioma Imaging and Clinical Metadata Dataset,phs004970.v1.p1,Catherine Bullen,NCI DAC,,Catherine Bullen,Completed by GPA,Processing Status
Longitudinal Whole-Exome Sequencing of Chronic Lymphocytic Leukemia Under Graft-Versus-Leukemia Immune Pressure,phs004971.v1.p1,Freddie Pruitt,NCI DAC,,Jeffrey Molldrem,Completed by GPA,Processing Status
Smoking drives an epigenetic memory of aberrant hematopoiesis,phs004975.v1.p1,Geoffrey Tobias,NCI DAC,,Jonathan Hofmann,Completed by GPA,Processing Status
Single-cell joint methylome and 3D genome profiling of adult diffuse glioma,phs004978.v1.p1,Ian Fingerman,NCI DAC,,Jesse Dixon,Completed by GPA,Processing Status
Adaptive Myeloid Resistance Through LILRB2 Limits the Efficacy of Immune Checkpoint Blockade in Leiomyosarcoma,phs004979.v1.p1,Freddie Pruitt,NCI DAC,,Sujana Movva,Completed by GPA,Processing Status
Genomic and Microenvironment Analysis of HIV-Associated Diffuse Large B-cell Lymphoma (Immuno/Microenvironment),phs004984.v1.p1,Freddie Pruitt,NCI DAC,,Joo Song,Completed by GPA,Processing Status
"Prospective Study to Evaluate the Role of Tumor Sequencing in Women Receiving Palbociclib for Advanced Hormone Receptor (HR)-Positive, Breast Cancer (PROMISE)",phs004988.v1.p1,Freddie Pruitt,NCI DAC,,Matthew Goetz,Completed by GPA,Processing Status
Multidimensional Single-Cell Transcriptomic Profiling of Uterine Leiomyosarcomas Identifies Molecular Subtypes with Distinct Therapeutic Vulnerabilities,phs004989.v1.p1,Freddie Pruitt,NCI DAC,,Daniel Delitto,Completed by GPA,Processing Status
"Childhood Cancer Data Initiative (CCDI): Pediatric, Adolescent, and Young Adult Rare Cancer Registry for Very Rare Solid Tumors",phs004990.v1.p1,Catherine Bullen,NCI DAC,Yes,Subhashini Jagu,Completed by GPA,Processing Status
"NCTN EAY131: Phase 2 Study of Sapanisertib in Tumors with MTOR, NFE2L2, KEAP1, TSC1 or TSC2 Mutations: Results from NCI-MATCH Subprotocols L and M",phs004992.v1.p1,Grace Mishkin,NCI DAC,,Paul Paik,Awaiting GPA's Approval,Processing Status
Single-cell 3D-multiomic atlas of prostate cancer,phs004995.v1.p1,Freddie Pruitt,NCI DAC,,Chongyuan Luo,Completed by GPA,Processing Status
Cancer Target Discovery and Development Network: Validation of Biomarkers in Prostate Cancer,,Freddie Pruitt,NCI DAC,,Carlos Moreno,Awaiting GPA's Approval,Processing Status
Clinical and Genetic Studies of Li-Fraumeni Syndrome,,Geoffrey Tobias,NCI DAC,,Sharon Savage,Awaiting GPA's Approval,Processing Status
Role of the Cohesin complex in normal and malignant hematopoiesis,,Mariam Eljanne,NCI DAC,,Aaron Viny,Awaiting GPA's Approval,Processing Status
Mechanisms of Ethnic/Racial Differences in Lung Cancer Due to Cigarette Smoking; Project 1 - Ethnic Differences in Smoking-Related Biomarkers and Risk of Lung Cancer,,Emilie Charlisse Caga-Anan,NCI DAC,,Stephen Hecht,Awaiting GPA's Approval,Processing Status
The Role of the Microbiome in HPV-Associated Cervical Cancer in Women with HIV,,Emilie Charlisse Caga-Anan,NCI DAC,,Anne-Catrin Uhlemann,Awaiting GPA's Approval,Processing Status
Inherited genetic variation and penetrance of Hereditary Paraganglioma-Pheochromocytoma Syndrome,,Emilie Charlisse Caga-Anan,NCI DAC,,Lauren Fishbein,Awaiting GPA's Approval,Processing Status
St. Jude Lifetime Cohort Study – Trajectory of Epigenetic Aging,,Emilie Charlisse Caga-Anan,NCI DAC,,Kirsten Ness,Awaiting GPA's Approval,Processing Status
Personalized Oncology Through Integrative High-Throughput Sequencing: A Pilot Study,,Emilie Charlisse Caga-Anan,NCI DAC,,Arul Chinnaiyan,Completed by GPA,Processing Status
Genomic analysis of adolescent and young adult acute lymphoblastic leukemia,,Emilie Charlisse Caga-Anan,NCI DAC,,Charles Mullighan,Completed by GPA,Processing Status
ESRRA-C11orf20 is a Recurrent Gene Fusion in Serous Ovarian Carcinoma,,Emilie Charlisse Caga-Anan,NCI DAC,,Patrick Brown,Completed by GPA,Processing Status
Therapeutic Resistance to PI3K-alpha Inhibitors,,Emilie Charlisse Caga-Anan,NCI DAC,,Dejan Juric,Completed by GPA,Processing Status
Genome-Wide Association Study of Colorectal Cancer in Japanese and African Americans,,Emilie Charlisse Caga-Anan,NCI DAC,,Loic Le Marchand,Completed by GPA,Processing Status
Molecular Profiling-based Assignment of Cancer Therapy for Patients with Advanced Solid Tumors (MPACT),,Kathleen Calzone,NCI DAC,,Alice Chen,Completed by GPA,Processing Status
"Dietary Sulfur, the Gut Microbiome and Colorectal Cancer",,Ian Fingerman,NCI DAC,,Andrew Chan,Completed by GPA,Processing Status
Patient-derived models of pancreatic cancer,,Emilie Charlisse Caga-Anan,NCI DAC,,Agnieszka Witkiewicz,Completed by GPA,Processing Status
Colon Cancer Family Registry Illumina GWAS,,Emilie Charlisse Caga-Anan,NCI DAC,,Graham Casey,Completed by GPA,Processing Status
BRE0776 - Genomic Profiling of ER+ Breast Cancers after Short Term Letrozole,,Freddie Pruitt,NCI DAC,,Ingrid Mayer,Completed by GPA,Processing Status
POB MEN2 Natural History Study,,Kathleen Calzone,NCI DAC,,John Glod,Completed by GPA,Processing Status
The Microbiome and Anal Cancer Pathogenesis in HIV-infected Men who have Sex with Men,,Emilie Charlisse Caga-Anan,NCI DAC,,Joel Palefsky,Completed by GPA,Processing Status
Discovery and validation of early molecular breast cancer risk markers in benign breast disease,,Natalie Abrams,NCI DAC,,Christopher Umbricht,Completed by GPA,Processing Status
Genomics and Mechanisms of Esophageal Carcinogenesis,,Claire Zhu,NCI DAC,,Antonia Sepulveda,Completed by GPA,Processing Status
"Progenitor cell malfunction, mutations and changes in microenvironment: A dynamic risk spectrum for cancer evolution",,Claire Zhu,NCI DAC,,Moumita Ghosh,Completed by GPA,Processing Status
Evaluating the protective effect of a tissue selective estrogen complex (TSEC) in women with newly diagnosed ductal carcinoma in situ,,Claire Zhu,NCI DAC,,"Swati Kulkarni,",Completed by GPA,Processing Status
Development of 5hmC and 5mC biomarkers in cell-free circulating DNA for sensitive colon cancer detection and prognosis,,Claire Zhu,NCI DAC,,Bruce Bissonnette,Completed by GPA,Processing Status
Gene-Gene Interactions and Their Functional Roles in Prostate Cancer Aggressiveness,,Emilie Charlisse Caga-Anan,NCI DAC,,Hui-Yi Lin,Completed by GPA,Processing Status
Genetics of Mammographic Density in Latinas,,Mariam Eljanne,NCI DAC,,Elad Ziv,Completed by GPA,Processing Status
Infiltrative and drug-resistant slow-cycling cells support metabolic heterogeneity in glioblastoma,,Ian Fingerman,NCI DAC,,Loic Deleyrolle,Completed by GPA,Processing Status
Germline variant in SLCO2B1 and response to abiraterone acetate plus prednisone (AA) in new onset metastatic castration-resistant prostate cancer (mCRPC),,Freddie Pruitt,NCI DAC,,Lisa Albright,Completed by GPA,Processing Status
Rigorous and reproducible mutational analysis of the urinary exosomal DNA,,Natalie Abrams,NCI DAC,,Raghu Kalluri,Completed by GPA,Processing Status
Targeted Therapy in Ex Vivo Medulloblastoma/PNET,,Freddie Pruitt,NCI DAC,,James Olson,Completed by GPA,Processing Status
Exosomal Biomarkers for the Noninvasive Detection of Colorectal Cancer,,Natalie Abrams,NCI DAC,,Ajay Goel,Completed by GPA,Processing Status
"Colorectal cancer risk factors, risk predication and blood-based biomarker by tumor consensus molecular subtype",,Claire Zhu,NCI DAC,,Jennifer Davis,Completed by GPA,Processing Status
"Extending the Diversity, Reach and Generalizability of the WISDOM Study",,Claire Zhu,NCI DAC,,Laura Esserman,Completed by GPA,Processing Status
Novel temporal and spatial patterns of metastatic colonization from breast cancer rapid-autopsy tumor biopsies,,Ian Fingerman,NCI DAC,,Gabor Marth,Completed by GPA,Processing Status
"Understanding Racial Disparity in Endometrial Cancer through Tumor Genomics"", ""Tumor Methylomics Analysis Link with Racial Disparities in Ovarian Cancer"" and ""The Northwestern University Cancer Health Equity Research SPORE Biobank & Database (NU-CHERS)""",,Anil Wali,NCI DAC,,Melissa Simon,Completed by GPA,Processing Status
Single cell genome variation induced by mutational processes in cancer - HGSOC Trios Study,,Ying Huang,NCI DAC,,Sohrab Shah,Completed by GPA,Processing Status
Single Cell Transcriptomics of Adult Recurrent Respiratory Papillomatosis,,Kathleen Calzone,NCI DAC,,Clint Allen,Completed by GPA,Processing Status
Liquid Biopsy for Rapid Detection and Real Time Monitoring of FGFR-Altered Cancer,,Freddie Pruitt,NCI DAC,,Sameek Roychowdhury,Completed by GPA,Processing Status
Germline profiles of non-caucasian early onset colorectal cancer,,Freddie Pruitt,NCI DAC,,Jason Willis,Completed by GPA,Processing Status
Total RNA-seq of Human Tumor Cell Lines and Associated Extracellular Vesicles,,Abid Al Reza,NCI DAC,,Jennifer Jones,Completed by GPA,Processing Status
Single-cell RNA sequencing in silent corticotroph tumors confirms impaired POMC processing and provides new insights into their invasive behavior,,Justin Benavidez,NCI DAC,,Anthony Heaney,Completed by GPA,Processing Status
Single-cell and spatial transcriptomic study of newly diagnosed HPV-related oropharyngeal cancer,,Kathleen Calzone,NCI DAC,,Clint Allen,Completed by GPA,Processing Status
CALGB 40903 (Alliance): Analysis of Genomic Alterations Associated with Response to Aromatase Inhibitor Therapy for ER-positive Postmenopausal Ductal Carcinoma in Situ (DCIS),,Grace Mishkin,NCI DAC,,Eun-Sil Shelley Hwang,Completed by GPA,Processing Status
Novel Cell Line Models of AITL,,Kathleen Calzone,NCI DAC,,Samuel Ng,Completed by GPA,Processing Status
"NCTN: Intensive Multi-Agent Therapy, Including Dose-Compressed Cycles of Ifosfamide/Etoposide (IE) and Vincristine/Doxorubicin/Cyclophosphamide (VDC) for Patients With High-Risk Rhabdomyosarcoma (ARST0431)",,Grace Mishkin,NCI DAC,,Ana Best,Completed by GPA,Processing Status
BRCAness Revisited: A Novel Whole Genome Sequencing Approach Validated in a Pan-Cancer,,Freddie Pruitt,NCI DAC,,Juan Mosquera,Completed by GPA,Processing Status
Comparative analysis of plasma DNA fragmentation in dogs and humans,,Eileen Resnick,NCI DAC,,Muhammed Murtaza,Completed by GPA,Processing Status
NCTN: A Clinical Trial Comparing Anastrozole with Tamoxifen in Postmenopausal Patients with Ductal Carcinoma In Situ (DCIS) Undergoing Lumpectomy with Radiation Therapy (NSABP-B-35),,Grace Mishkin,NCI DAC,,Ana Best,Completed by GPA,Processing Status
NCTN: A Randomized Phase III Study of Bendamustine plus Rituximab versus Ibrutinib plus Rituximab versus Ibrutinib Alone in Untreated Older Patients (>=65 Years of Age) with Chronic Lymphocytic Leukemia (CLL) (A041202),,Grace Mishkin,NCI DAC,,Ana Best,Completed by GPA,Processing Status
NCTN: Randomized Phase III Trial of Lenalidomide versus Observation Alone in Patients with Asymptomatic High-Risk Smoldering Multiple Myeloma (E3A06),,Grace Mishkin,NCI DAC,,Ana Best,Completed by GPA,Processing Status
"NCTN: A Phase III Randomized Trial of Gemcitabine (NSC# 613327) plus Docetaxel (NSC# 628503) followed by Doxorubicin (NSC# 123127) versus Observation for Uterus-Limited, High-Grade Uterine Leiomyosarcoma (GOG-0277)",,Grace Mishkin,NCI DAC,,Ana Best,Completed by GPA,Processing Status
NCTN: A Clinical Trial to Determine the Efficacy of Five Years of Letrozole compared to Placebo in Patients Completing Five Years of Hormonal Therapy in Prolonging DFS in Postmenopausal Women with Hormone Receptor Positive Breast Cancer (NSABP-B-42),,Grace Mishkin,NCI DAC,,Ana Best,Completed by GPA,Processing Status
NCTN: A Phase III Randomized Study of Hypofractionated 3D-CRT/MRT versus Conventionally Fractionated 3D-CRT/MRT in Patients with Favorable-Risk Prostate Cancer (RTOG-0415),,Grace Mishkin,NCI DAC,,Ana Best,Completed by GPA,Processing Status
"DNA methylation profiling reveals novel rhabdomyosarcoma subsets with distinct histologic, genetic and clinical properties",,Abid Al Reza,NCI DAC,,Frederic Barr,Completed by GPA,Processing Status
Colon cancer and the intratumor microbial and immune microenvironment,,Grace Mishkin,NCI DAC,,Anton Bilchik,Completed by GPA,Processing Status
COLON MAP: Colon Molecular Atlas Project,,Natalie Abrams,NCI DAC,,Robert Coffey,Completed by GPA,Processing Status
PCA Breast Pre-Cancer Atlas Center,,Natalie Abrams,NCI DAC,,Eun-Sil Shelley Hwang,Completed by GPA,Processing Status
Precancer Atlas of Familial Adenomatous Polyposis,,Natalie Abrams,NCI DAC,,Michael Snyder,Completed by GPA,Processing Status
The Lung PCA: A Multi-Dimensional Atlas of Pulmonary Premalignancy,,Natalie Abrams,NCI DAC,,Avrum Spira,Completed by GPA,Processing Status
Genome-Wide Association Study of Hematotoxicity Among Chinese Workers Exposed to Benzene,,Geoffrey Tobias,NCI DAC,,Nathaniel Rothman,Incomplete,Processing Status
Genetic Susceptibility to Obesity after Treatment for Childhood Leukemia,,Geoffrey Tobias,NCI DAC,,Lindsay Morton,Incomplete,Processing Status
Immune epigenetic biomarkers of survival in glioma epidemiology,,Emilie Charlisse Caga-Anan,NCI DAC,,John Wiencke,Incomplete,Processing Status
Next Generation of HPV and Cervical Cancer Research in HIV+ Women,,Emilie Charlisse Caga-Anan,NCI DAC,,Howard Strickler,Incomplete,Processing Status
18F-DCFPyL/18F NaF-PET-MetPCa,,Kathleen Calzone,NCI DAC,,Peter Choyke,Incomplete,Processing Status
T Cells Expressing a Fully-human Anti- CD19 Chimeric Antigen Receptor for Treating B-cell Malignancies ,,Kathleen Calzone,NCI DAC,,James Kochenderfer,Incomplete,Processing Status
Clonal reconstruction and targeting of the correa sequence,,Natalie Abrams,NCI DAC,,Frank McKeon,Incomplete,Processing Status
A Phase I Clinical Trial of T cells expressing a novel fully-human anti-BCMA CAR for treating multiple myeloma,,Kathleen Calzone,NCI DAC,,James Kochenderfer,Incomplete,Processing Status
Natural History of Maternal Neoplasia,,Kathleen Calzone,NCI DAC,,Christina Annunziata,Incomplete,Processing Status
AI-Powered Uncovering of Mechanisms in Cancer Through Causal Discovery Analysis and Generative Modeling of Heterogeneous Data,,Mariam Eljanne,NCI DAC,,Petar Stojanov,Incomplete,Processing Status
"Clonal hierarchy and immunophenotype of PTPN11 mutations in acute myeloid leukemia (CALGB-8461, CALGB-9665, and CALGB-20202)",,Grace Mishkin,NCI DAC,,John Byrd,Incomplete,Processing Status
Single cell RNA sequencing analysis of bone marrow cells from patients affected by a plasma cell disorder called AL amyloidosis and healthy controls,,Freddie Pruitt,NCI DAC,,Giada Bianchi,Incomplete,Processing Status
Dynamic tumor and immune response to neoadjuvant chemotherapy plus nivolumab in patients with diffuse pleural mesothelioma: the NeoMeso-1 study,,Freddie Pruitt,NCI DAC,,Michael Offin,Incomplete,Processing Status
"Dynamic Phenotyping Reveals Highly Personalized, Integratd Host-Tumor Crosstalk During Exercise in Cancer Patients",,Freddie Pruitt,NCI DAC,,Lee Jones,Incomplete,Processing Status
Non-invasive assessment of early embryonic somatic mosaicism and hypermutation phenomenon in patients with Fanconi anemia,,Freddie Pruitt,NCI DAC,,Pawel Stankiewicz,Incomplete,Processing Status
Single-Cell Analysis of Non-Functioning Gonadotroph Tumors Identifies Lineage Infidelity and Tumor Growth Programs,,Freddie Pruitt,NCI DAC,,Allegra Petti,Incomplete,Processing Status
Pre-cancer atlases of cutaneous and hematologic origin (PATCH Center),,Natalie Abrams,NCI DAC,,Peter Karl Sorger,Incomplete,Processing Status
The Cancer Dependency Map (DepMap),phs003444.v4,Sharna Tingle,"NCI DAC, NHGRI",Yes,Francisca Vazquez,Completed by GPA,Processing Status
Mayo-Perlegen LEAPS (Linked Efforts to Accelerate Parkinson's Solutions) Collaboration,phs000048.v1.p1,Sharna Tingle,NHGRI,,Demetrius Maraganore,Released,Processing Status
GENEVA Nurses' Health Study and Health Professionals' Follow-up Study Genes and Environment Initiatives in Type 2 Diabetes,phs000091.v2.p1,Sharna Tingle,NHGRI,,Frank Hu,Released,Processing Status
GENEVA Study of Addiction: Genetics and Environment (SAGE),phs000092.v1.p1,Sharna Tingle,NHGRI,,Laura Bierut,Released,Processing Status
GENEVA GWA mapping: Maternal Metabolism-Birth Weight Interactions,phs000096.v5,Sharna Tingle,NHGRI,,William Lowe,Completed by GPA,Processing Status
GENEVA GWAS of Prematurity and its Complications - European Ancestry,phs000103.v1.p1,Sharna Tingle,NHGRI,,Jeffrey Murray,Released,Processing Status
Tumor Sequencing Project (TSP),phs000144.v1.p1,Sharna Tingle,NHGRI,,Eric Lander,Released,Processing Status
POPRES: Population Reference Sample,phs000145.v4.p2,Sharna Tingle,NHGRI,,Gsk Gsk,Released,Processing Status
AML Sequencing Project,phs000159.v17.p5,Sharna Tingle,NHGRI,,Timothy Ley,Released,Processing Status
eMERGE Genome Wide Association Study of Cataract and Low HDL cholesterol,phs000170.v2.p1,Sharna Tingle,NHGRI,,Catherine McCarty,Released,Processing Status
eMERGE Genome Wide Association Study of Electrocardiographic QRS Duration,phs000188.v1.p1,Sharna Tingle,NHGRI,,Dan Roden,Released,Processing Status
eMERGE Whole Genome Association Study of Peripheral Arterial Disease,phs000203.v1.p1,Sharna Tingle,NHGRI,,Christopher Chute,Released,Processing Status
PAGE Multi-Ethnic Cohort Study,phs000220.v2.p2,Sharna Tingle,NHGRI,Yes,Loic Le Marchand,Released,Processing Status
Resource Dataset for the Human Microbiome Project (HMP),phs000228.v4.p1,Sharna Tingle,NHGRI,,Mark Wolff,Released,Processing Status
eMERGE Genome Wide Association Study of Dementia,phs000234.v2.p2,Sharna Tingle,NHGRI,,Eric Larson,Released,Processing Status
eMERGE Genome Wide Association Study of Type 2 Diabetes Mellitus,phs000237.v1.p1,Sharna Tingle,NHGRI,,Rex Chisholm,Released,Processing Status
Whole Genome Sequencing of Triple Negative Breast Cancer,phs000245.v1.p1,Sharna Tingle,NHGRI,,Richard Wilson,Released,Processing Status
Ciliopathies Exome Sequencing,phs000288.v2.p2,Sharna Tingle,NHGRI,,Eric Lander,Released,Processing Status
GENEVA GWAS of Venous Thrombosis,phs000289.v2.p1,Sharna Tingle,NHGRI,,John Heit,Released,Processing Status
GENEVA Genetic Risk to Stroke in Smokers and Non-Smokers in Multiple Ethnic Groups,phs000292.v2,Sharna Tingle,NHGRI,,Braxton Mitchell,Completed by GPA,Processing Status
Next Generation Mendelian Genetics: Kabuki Syndrome,phs000295.v2.p1,Sharna Tingle,NHGRI,,Michael Bamshad,Released,Processing Status
eMERGE Resistant Hypertension,phs000297.v1.p1,Sharna Tingle,NHGRI,,Dan Roden,Released,Processing Status
GENEVA Glaucoma Genes Environment Initiative Study (GLAUGEN),phs000308.v1.p1,Shaojian Gao,NHGRI,,Louis Pasquale,Released,Processing Status
Discovery of Non-ETS Gene Fusions in Human Prostate Cancer using Next Generation RNA Sequencing,phs000310.v1.p1,Sharna Tingle,NHGRI,,Mark Rubin,Released,Processing Status
FusionSeq: a Modular Framework for Finding Gene Fusions by Analyzing Paired-End RNA Sequencing Data,phs000311.v1.p1,Sharna Tingle,NHGRI,,Mark Rubin,Released,Processing Status
Characterization of complex chromosomal aberrations in primary prostate cancer genomes,phs000330.v1.p1,Sharna Tingle,NHGRI,,Mark Rubin,Released,Processing Status
Defining the genetic basis of human respiratory chain disease,phs000339.v2.p1,Sharna Tingle,NHGRI,,Vamsi Mootha,Released,Processing Status
GARNET Pharmacogenomic Studies in the Vitamin Intervention for Stroke Prevention (VISP) trial,phs000343.v4.p1,Sharna Tingle,NHGRI,,Bradford Worrall,Released,Processing Status
GENEVA GWAS of Prematurity and its Complications - African Ancestry,phs000353.v1.p1,Sharna Tingle,NHGRI,,Jeffrey Murray,Released,Processing Status
"Population Architecture using Genomics and Epidemiology, summary data (PAGE-summary)",phs000356.v2.p1,Sharna Tingle,NHGRI,,Tara Matise,Released,Processing Status
eMERGE-I Genome Wide Association Studies of Network Phenotypes,phs000360.v3.p1,Sharna Tingle,NHGRI,,Rex Chisholm,Released,Processing Status
Genomic Sequencing of Colorectal Adenocarcinomas,phs000374.v1.p1,Sharna Tingle,NHGRI,,Adam Bass,Released,Processing Status
eMERGE Genome Wide Association Studies of obesity (metabochip),phs000380.v1.p1,Sharna Tingle,NHGRI,,David Ledbetter,Released,Processing Status
eMERGE Genome Wide Association Studies - Controls for AAA and Obesity,phs000381.v1.p1,Sharna Tingle,NHGRI,,David Ledbetter,Released,Processing Status
eMERGE Genome Wide Association Studies of Abdominal aortic aneurysm (AAA),phs000387.v1.p1,Sharna Tingle,NHGRI,,David Ledbetter,Released,Processing Status
eMERGE Genome Wide Association Studies of Cardiovascular Diseases and T2DM,phs000388.v1.p1,Sharna Tingle,NHGRI,,Erwin Bottinger,Released,Processing Status
Exome Sequencing in Autosomal Recessive Progressive External Ophthalmoplegia,phs000392.v1.p1,Sharna Tingle,NHGRI,,Tadafumi Kato,Released,Processing Status
Next Generation Mendelian Genetics: Malignant Hyperthermia,phs000405.v1.p1,Sharna Tingle,NHGRI,,Jerry Kim,Released,Processing Status
eMERGE Genome Wide Association Studies of obesity,phs000408.v1.p1,Sharna Tingle,NHGRI,,David Ledbetter,Released,Processing Status
Genotype-Tissue Expression (GTEx) Common Fund Project,phs000424.v11.p2,Sharna Tingle,NHGRI,Yes,Kristin Ardlie,Released,Processing Status
Next Generation Mendelian Genetics: Atypical Werner syndrome,phs000434.v2.p1,Sharna Tingle,NHGRI,,Junko Oshima,Completed by GPA,Processing Status
Large-Scale CLL Genome Analysis,phs000435.v4.p1,Sharna Tingle,NHGRI,,Catherine Wu,Released,Processing Status
Next Generation Mendelian Genetics: Auriculochondylar syndrome (ACS),phs000437.v1.p1,Sharna Tingle,NHGRI,,Michael Cunningham,Released,Processing Status
Prostate Cancer Genome Sequencing Project,phs000447.v2.p2,Sharna Tingle,NHGRI,,Eric Lander,Completed by GPA,Processing Status
Melanoma Genome Sequencing Project,phs000452.v5.p2,Sharna Tingle,NHGRI,,Levi Garraway,Released,Processing Status
GENEVA Genetic Risk to Stroke in Smokers and Non-Smokers in Multiple Ethnic Groups - Pakistani,phs000456.v1.p1,Sharna Tingle,NHGRI,,Danish Saleheen,Released,Processing Status
Estrogen Receptor Positive Breast Cancer Aromatase Inhibitor Response Study,phs000472.v2.p1,Sharna Tingle,NHGRI,,Richard Wilson,Released,Processing Status
Biology and Molecular Analysis of Human Hematopoiesis Genetics,phs000474.v3.p2,Sharna Tingle,NHGRI,,Hanna Gazda,Released,Processing Status
The Molecular Basis of Inherited Reproductive Disorders,phs000475.v1.p1,Sharna Tingle,NHGRI,,William Crowley,Released,Processing Status
Molecular defects in pseudohypoparathyroidism or related disorders,phs000476.v1.p1,Sharna Tingle,NHGRI,,Harald Jueppner,Released,Processing Status
Genetic Defects in familial renal disorders,phs000477.v1.p1,Sharna Tingle,NHGRI,,Harald Jueppner,Released,Processing Status
"Strabismus, CCDD and other anomalies",phs000478.v1.p1,Sharna Tingle,NHGRI,,Elizabeth Engle,Released,Processing Status
Molecular Genetic Analysis of Inherited Kidney Dysfunction,phs000484.v1.p1,Sharna Tingle,NHGRI,,Eric Lander,Released,Processing Status
Gene Mutation and Rescue in Congenital Diaphragmatic Hernia,phs000485.v1.p1,Sharna Tingle,NHGRI,,Patricia Donahoe,Released,Processing Status
Genomic Sequencing of Lung Adenocarcinoma,phs000488.v2.p1,Sharna Tingle,NHGRI,,Eric Lander,Released,Processing Status
eMERGE Pediatric Studies at CHOP,phs000490.v1.p1,Sharna Tingle,NHGRI,,Hakon Hakonarson,Released,Processing Status
Genetics of Human Developmental Brain Disorders,phs000492.v4.p3,Sharna Tingle,NHGRI,,Christopher Walsh,Released,Processing Status
Genetic Association Studies in Solomon Islanders,phs000493.v1.p1,Sharna Tingle,NHGRI,,Carlos Bustamante,Released,Processing Status
eMERGE Pediatric Study at CCHMC,phs000494.v1.p1,Sharna Tingle,NHGRI,,John Harley,Released,Processing Status
eMERGE Pediatric Study at CHB,phs000495.v1.p1,Sharna Tingle,NHGRI,,John Harley,Released,Processing Status
Genetic Analysis of Hirschsprung Disease,phs000497.v3.p2,Sharna Tingle,NHGRI,,Eric Lander,Released,Processing Status
Non-invasive whole genome sequencing of a human fetus,phs000500.v1.p1,Sharna Tingle,NHGRI,,Jay Shendure,Released,Processing Status
Genomic Sequencing of Medulloblastoma,phs000504.v2.p2,Sharna Tingle,NHGRI,,Eric Lander,Released,Processing Status
Genome Sequencing in Hepatocellular Carcinoma,phs000509.v1.p1,Sharna Tingle,NHGRI,,Richard Gibbs,Released,Processing Status
"Treatment of genetic screening of hypertriglyceridemia type I, III, and V",phs000511.v1.p1,Sharna Tingle,NHGRI,,Eric Lander,Released,Processing Status
The Etiology of HDL Cholesterol,phs000512.v1.p1,Sharna Tingle,NHGRI,,Daniel Rader,Released,Processing Status
Familial Coronary Heart Disease,phs000514.v1.p1,Sharna Tingle,NHGRI,,Hagit Baris,Released,Processing Status
Genome Sequencing in Pancreatic Ductal Adenocarcinoma,phs000516.v2.p1,Sharna Tingle,NHGRI,,Richard Gibbs,Released,Processing Status
Next Generation Mendelian Genetics: Familial Hemophagocytic Lymphohistiocytosis,phs000537.v1.p1,Sharna Tingle,NHGRI,,Helen Su,Released,Processing Status
Next Generation Mendelian Genetics: Familial Combined Hyperlipidemia,phs000538.v1.p1,Sharna Tingle,NHGRI,,Gail Jarvik,Released,Processing Status
Next Generation Mendelian Genetics: Congenital Hyperinsulinism,phs000539.v1.p1,Sharna Tingle,NHGRI,,Lydia Aguilar-Bryan,Released,Processing Status
Next Generation Mendelian Genetics: Ehlers-Danlos syndrome Type VIII,phs000540.v1.p1,Sharna Tingle,NHGRI,,Peter Byers,Released,Processing Status
Next Generation Mendelian Genetics: Muscle Hypertrophy,phs000541.v1.p1,Sharna Tingle,NHGRI,,Fuki Hisama,Released,Processing Status
Next Generation Mendelian Genetics: Neonatal Diabetes,phs000542.v1.p1,Sharna Tingle,NHGRI,,Lydia Aguilar-Bryan,Released,Processing Status
GARNET GWAS in Breast Cancer Patients from the SUCCESS trial,phs000547.v1.p1,Sharna Tingle,NHGRI,,Richard Weinshilboum,Released,Processing Status
PAGE: EAGLE: BioVU,phs000559.v2.p2,Sharna Tingle,NHGRI,,Dana Crawford,Completed by GPA,Processing Status
Metabolism and Genetics of Hypobetalipoproteinemia: Population Screen,phs000561.v1.p1,Sharna Tingle,NHGRI,,Nada Abumrad,Released,Processing Status
Esophageal Adenocarcinoma,phs000598.v2.p2,Sharna Tingle,NHGRI,,Adam Bass,Released,Processing Status
Whole Genome Comparisons of Breast Cancers and Their Xenotransplants,phs000611.v1.p1,Sharna Tingle,NHGRI,,Richard Wilson,Released,Processing Status
Genetic Mapping and Exome Sequencing in Old Order Amish Mennonite Populations,phs000623.v1.p1,Sharna Tingle,NHGRI,,Eric Lander,Released,Processing Status
Targeted Sequencing of GWAS Loci in Cleft Lip and Palate,phs000625.v1.p1,Sharna Tingle,NHGRI,,Richard Wilson,Released,Processing Status
Genetics of Inherited Muscle Disease,phs000655.v3.p1,Sharna Tingle,NHGRI,,Daniel Macarthur,Released,Processing Status
Germline Sequencing For Aggressive Prostate Carcinoma,phs000661.v2.p1,Sharna Tingle,NHGRI,,Richard Wilson,Completed by GPA,Processing Status
Genomic Variations in a Multi-Ethnic Population in Malaysia,phs000664.v1.p1,Sharna Tingle,NHGRI,,Boon Peng Hoh,Released,Processing Status
Differential Response to Hydroxyurea and Incidence of Stroke in Sickle Cell Disease,phs000691.v2.p1,Sharna Tingle,NHGRI,,Richard Gibbs,Released,Processing Status
Center for Mendelian Genomics [CMG] - University of Washington Center for Mendelian Genomics,phs000693.v7.p3,Sharna Tingle,NHGRI,Yes,Chia-Lin Wei,Released,Processing Status
Clinical Sequencing: Clinical Cancer Sequencing,phs000694.v4.p2,Sharna Tingle,NHGRI,,Levi Garraway,Completed by GPA,Processing Status
Next Generation Mendelian Genetics: Hereditary Neurological Disorders,phs000707.v2.p1,Sharna Tingle,NHGRI,,Wendy Raskind,Released,Processing Status
Center for Mendelian Genomics [CMG] - Baylor Hopkins Center for Mendelian Genomics,phs000711.v7.p2,Sharna Tingle,NHGRI,Yes,David Valle,Released,Processing Status
The Undiagnosed Disease Program,phs000721.v1.p1,Sharna Tingle,NHGRI,,William Gahl,Released,Processing Status
Whole Exome Sequencing of Colorectal Cancer Epidemiologic Cohorts,phs000722.v3.p2,Sharna Tingle,NHGRI,,Marios Giannakis,Released,Processing Status
Rare Cancer Tumors Project,phs000725.v2.p1,Sharna Tingle,NHGRI,,David Wheeler,Released,Processing Status
The Genetics of Lung Cancer Susceptibility in Smokers,phs000728.v1.p1,Sharna Tingle,NHGRI,,Richard Wilson,Released,Processing Status
Clinical Sequencing: Genome Sequencing of Brain Metastasis,phs000730.v1.p1,Sharna Tingle,NHGRI,,Eric Lander,Released,Processing Status
Linkage Disequilibrium and Signatures of Positive Selection Around LINE-1 Retrotransposons in the Human Genome,phs000732.v1.p1,Sharna Tingle,NHGRI,,William Burkholder,Released,Processing Status
Center for Mendelian Genomics [CMG] - Yale University Center for Mendelian Genomics,phs000744.v5.p2,Sharna Tingle,NHGRI,Yes,Richard Lifton,Released,Processing Status
Baylor College of Medicine (BCM) Exome Sequencing of Intracranial Germ Cell Tumors,phs000754.v2.p1,Sharna Tingle,NHGRI,,David Wheeler,Released,Processing Status
Exome Sequencing to Identify Medically Relevant Associations in Finnish Sub-Isolate Samples from the FINRISK Cohort,phs000756.v1.p1,Sharna Tingle,NHGRI,,Nelson Freimer,Released,Processing Status
GEI Study - Psoriasis,phs000766.v1.p1,Sharna Tingle,NHGRI,,Richard Gibbs,Released,Processing Status
Somatic Mutation Profile by Next Generation Sequencing in HER2+ Breast Cancer,phs000770.v1.p1,Sharna Tingle,NHGRI,,David Wheeler,Released,Processing Status
Whole Exome Sequencing of Bladder Cancer Clinical Cohorts,phs000771.v2.p1,Sharna Tingle,NHGRI,,Levi Garraway,Released,Processing Status
Ontario Familial Colon Cancer Registry Single Nucleotide Polymorphisms and CpG methylation (OFCCR SNP-CpG),phs000779.v1.p1,Sharna Tingle,NHGRI,,Thomas Hudson,Released,Processing Status
Investigation into the Genetic Control of Micronutrient Metabolism,phs000789.v1.p1,Sharna Tingle,NHGRI,,Lawrence Brody,Released,Processing Status
Profiling of Colon Cancer Clinical Cohorts,phs000803.v3.p1,Sharna Tingle,NHGRI,,Levi Garraway,Completed by GPA,Processing Status
Comparison of Custom Capture for Targeted Next Generation DNA Sequencing,phs000811.v1.p1,Sharna Tingle,NHGRI,,Sameek Roychowdhury,Released,Processing Status
Dorrance Rare Childhood Center Transcriptomic and Genomic Studies For Known and Unknown Genetic Etiology,phs000816.v2.p1,Sharna Tingle,NHGRI,,David Craig,Released,Processing Status
Normal Human Tissue Sequencing Project,phs000819.v1.p1,Sharna Tingle,NHGRI,,Richard Wilson,Released,Processing Status
Genome-Wide Discovery of Novel Breast Cancer Predisposing Mutations,phs000822.v1.p1,Sharna Tingle,NHGRI,,David Altshuler,Released,Processing Status
Genome-wide Discovery of Novel Cancer Predisposing Mutations in Melanoma,phs000823.v1.p1,Sharna Tingle,NHGRI,,David Altshuler,Released,Processing Status
Genome-wide Discovery of Novel Colon Cancer Predisposing Mutations,phs000824.v1.p1,Sharna Tingle,NHGRI,,David Altshuler,Released,Processing Status
CSER: NCGENES (North Carolina Clinical Genomics Evaluation by NextGen Exome Sequencing,phs000827.v3.p1,Sharna Tingle,NHGRI,,James Evans,Released,Processing Status
Sporadic Amyotrophic Lateral Sclerosis,phs000831.v1.p1,Sharna Tingle,NHGRI,,Richard Wilson,Released,Processing Status
Whole Genome Sequencing of Two Family Trios with 22q.11.2 Deletion Syndrome,phs000837.v1.p1,Sharna Tingle,NHGRI,,Bernice Morrow,Released,Processing Status
Sanger Sequencing of Catalytic-domain Encoding Exons of Tyrosine Kinase Genes from Human Endometrial Tumor DNAs,phs000841.v1.p1,Sharna Tingle,NHGRI,,Daphne Bell,Withdrawn,Processing Status
Whole Genome Bisulfite Sequencing of ccd DNA and its Cellular Contributions,phs000846.v1.p1,Sharna Tingle,NHGRI,,Taylor Jensen,Released,Processing Status
Resistance Studies in Lung Cancer,phs000855.v2.p1,Sharna Tingle,NHGRI,,Levi Garraway,Completed by GPA,Processing Status
Primary ER-positive Breast Cancer Treated with Neoadjuvant Letrozole,phs000857.v2.p1,Sharna Tingle,NHGRI,,Levi Garraway,Completed by GPA,Processing Status
Whole Genome Sequencing and Haplotyping of Blastocyst Biopsies,phs000858.v1.p1,Sharna Tingle,NHGRI,,Brock Peters,Released,Processing Status
Integrated Genomic Analysis of Sezary Syndrome,phs000859.v2.p1,Sharna Tingle,NHGRI,,David Wheeler,Released,Processing Status
Whole Exome Sequencing of Craniopharyngioma Tumors,phs000861.v2.p1,Sharna Tingle,NHGRI,,David Wheeler,Released,Processing Status
Large-scale Identification and Characterization of Alternative Splicing in the Human Transcriptome Through Computational and Experimental Approaches,phs000870.v1.p1,Sharna Tingle,NHGRI,,Graziano Pesole,Released,Processing Status
whole Exome Sequencing of Pancreatic Neuroendocrine Tumors,phs000871.v1.p1,Sharna Tingle,NHGRI,,David Wheeler,Released,Processing Status
NHGRI CLL WES Relapse Study,phs000879.v2.p1,Sharna Tingle,NHGRI,,Jennifer Brown,Released,Processing Status
eMERGE Network Imputed GWAS for 41 Phenotypes,phs000888.v1.p1,Sharna Tingle,NHGRI,,Rex Chisholm,Released,Processing Status
Integrated Genomic Analysis of Periampullary Tumors,phs000895.v1.p1,Sharna Tingle,NHGRI,,David Wheeler,Released,Processing Status
Megabase-scale Haplotyped Genomic Analysis of Normal and Cancer Genomes,phs000898.v2.p1,Sharna Tingle,NHGRI,,Hanlee Ji,Released,Processing Status
Personal Genome Project,phs000905.v1.p1,Sharna Tingle,NHGRI,,George Church,Completed by GPA,Processing Status
eMERGE: A Multi-Center Pilot of Pharmacogenetic Sequencing in Clinical Practice,phs000906.v1.p1,Sharna Tingle,NHGRI,Yes,Dan Roden,Released,Processing Status
Molecular Basis of Neuroendocrine Prostate Cancer,phs000909.v1.p1,Sharna Tingle,NHGRI,,Levi Garraway,Released,Processing Status
Clinical Sequencing: Whole Exome Sequencing of CLL8 Cohort,phs000922.v3,Sharna Tingle,NHGRI,,Catherine Wu,Awaiting GPA's Approval,Processing Status
Molecular Characterization of Germ Cell Tumors,phs000923.v1.p1,Sharna Tingle,NHGRI,,Levi Garraway,Released,Processing Status
PAGE: The Charles Bronfman Institute for Personalized Medicine (IPM) BioMe Biobank,phs000925.v2,Sharna Tingle,NHGRI,Yes,Ruth Loos,Awaiting GPA's Approval,Processing Status
CSER: Clinical Implementation of Carrier Testing Using Next Generation Sequencing (NGS),phs000927.v1.p1,Sharna Tingle,NHGRI,,Katrina Goddard,Released,Processing Status
CSER: The CHOP/UPenn Pediatric Genetic Sequencing Project,phs000935.v1.p1,Sharna Tingle,NHGRI,,Ian Krantz,Released,Processing Status
Evaluation of Hybridization Capture Versus Amplicon-based Methods for Whole Exome Sequencing,phs000938.v1.p1,Sharna Tingle,NHGRI,,Sameek Roychowdhury,Released,Processing Status
Profiling Chromatin State and Regulation in Lymphoma,phs000939.v2.p1,Sharna Tingle,NHGRI,,Bradley Bertstein,Released,Processing Status
TBCRC003: Phase II Study of Trastuzumab & Lapatinib in Metastatic HER + Breast Cancer,phs000943.v1.p1,Sharna Tingle,NHGRI,,Nikhil Wagle,Completed by GPA,Processing Status
eMERGE Phase III: Clinical Center at Partners HealthCare,phs000944.v1.p1,Sharna Tingle,NHGRI,,Scott Weiss,Released,Processing Status
Genomic Characterization of African-American Prostate Cancer,phs000945.v1.p1,Sharna Tingle,NHGRI,,Levi Garraway,Released,Processing Status
eMERGE: Genetic Discovery and Application in a Clinical Setting: Continuing a Partnership (eMERGE Phase 2),phs000948.v1.p1,Sharna Tingle,NHGRI,,Eric Larson,Released,Processing Status
"Geisinger Health System - MyCode, eMERGE III Exome Chip",phs000957.v1.p1,Sharna Tingle,NHGRI,,Marc Williams,Released,Processing Status
CSER: The MedSeq Project,phs000958.v1.p1,Sharna Tingle,NHGRI,,Robert Green,Released,Processing Status
eMERGE III: Columbia GENIE (Genomic Integration with EHR),phs000961.v1.p1,Sharna Tingle,NHGRI,,Chunhua Waeng,Released,Processing Status
NHGRI/CIDR Exploration of genetic variants associated with brain growth in children,phs000962.v1.p1,Sharna Tingle,NHGRI,,Philip Shaw,Released,Processing Status
Exome Sequencing of Clear Cell Endometrial Tumors and Paired Non-tumor Samples,phs000967.v1.p1,Sharna Tingle,NHGRI,,Daphne Bell,Released,Processing Status
ClinSeq,phs000971.v3.p1,Sharna Tingle,NHGRI,Yes,Leslie Biesecker,Released,Processing Status
"CSER: Clinical Sequencing in Cancer: Clinical, Ethical, and Technological Studies",phs000999.v3.p1,Sharna Tingle,NHGRI,,Gail Jarvik,Released,Processing Status
Analysis of Genetic Factors in Melanoma-Antigen Discovery,phs001005.v2.p1,Sharna Tingle,NHGRI,,Richard Wilson,Released,Processing Status
eMERGE III: CCHMC - eMERGE Cohorts - Phase IIIA,phs001011.v2.p1,Sharna Tingle,NHGRI,Yes,John Harley,Released,Processing Status
Breast Cancer Susceptibility,phs001017.v1.p1,Sharna Tingle,NHGRI,,Richard Wilson,Released,Processing Status
Molecular Characterization of Clinical Renal Tumors,phs001018.v1.p1,Sharna Tingle,NHGRI,,Levi Garraway,Released,Processing Status
Whole Exome Sequencing of Breast Cancer Epidemiological Cohort,phs001019.v1.p1,Sharna Tingle,NHGRI,,Levi Garraway,Completed by GPA,Processing Status
Male Infertility: Genetics of Spermatogenic Failure,phs001023.v1.p1,Sharna Tingle,NHGRI,,Richard Wilson,Released,Processing Status
Baylor College of Medicine Advancing Sequencing in Childhood Cancer Care (BASIC3) Clinical Exome Sequencing Study,phs001026.v4.p1,Sharna Tingle,NHGRI,,Sharon Plon,Completed by GPA,Processing Status
Comprehensive Deep Genome Analysis of Circulating Tumor Cells from a Patient with Metastatic Breast Cancer,phs001028.v1.p1,Sharna Tingle,NHGRI,,Brock Peters,Released,Processing Status
PAGE: Global Reference Panel,phs001033.v1.p1,Sharna Tingle,NHGRI,Yes,Carlos Bustamante,Released,Processing Status
The FUSION Study: Mapping Genes for Non-Insulin Dependent Diabetes Mellitus - Tissue Biopsy Study,phs001048.v5.p1,Sharna Tingle,NHGRI,,Narisu Narisu,Released,Processing Status
Genomics of Relapsed Small Cell Lung Cancer Progression,phs001049.v1.p1,Sharna Tingle,NHGRI,,Richard Wilson,Released,Processing Status
Whole Genome Study for de novo Mutation Rates,phs001055.v1.p1,Sharna Tingle,NHGRI,,George Maxwell,Released,Processing Status
Resistance to MAP-kinase Pathway Inhibitors in Metastatic Melanoma,phs001070.v1.p1,Sharna Tingle,NHGRI,,Levi Garraway,Completed by GPA,Processing Status
CSER: The Use of Sequencing to Guide the Care of Cancer Patients,phs001075.v1.p1,Sharna Tingle,NHGRI,,Levi Garraway,Released,Processing Status
Inflammatory Bowel Disease Exome Sequencing Study,phs001076.v1.p1,Sharna Tingle,NHGRI,,Mark Daly,Released,Processing Status
Next Generation Sequencing Approaches to Childhood Neurological Diseases,phs001086.v1.p1,Sharna Tingle,NHGRI,,Joseph Gleeson,Completed by GPA,Processing Status
CSER: Genomic Diagnosis in Children with Developmental Delay,phs001089.v4.p1,Sharna Tingle,NHGRI,,Gregory Cooper,Released,Processing Status
Clonal Evolution in Patients with Chronic Lymphocytic Leukemia,phs001091.v1.p1,Sharna Tingle,NHGRI,,Catherine Wu,Released,Processing Status
NHGRI-Mayo Clinic Whole Genome Sequencing of Aggressive Prostate Tumors,phs001105.v1.p1,Sharna Tingle,NHGRI,,Elaine Ostrander,Released,Processing Status
Genomics of Hepatocellular Carcinoma,phs001106.v1.p1,Sharna Tingle,NHGRI,,Richard Wilson,Released,Processing Status
Genomic Analysis of Paired Endometrial Cancer Primaries and Metastases,phs001127.v1.p1,Sharna Tingle,NHGRI,,Rameen Beroukhim,Released,Processing Status
Somatic Mutational Analysis by Exome Sequencing Endometrial Carcinosarcomas,phs001152.v1.p1,Sharna Tingle,NHGRI,,Daphne Bell,Withdrawn,Processing Status
Somatic Mutational Analysis by Exome Sequencing Late-Stage Endometrioid Endometrial Carcinoma,phs001153.v1.p1,Sharna Tingle,NHGRI,,Daphne Bell,Withdrawn,Processing Status
"eMERGE: Genetics of Complex Pediatric Disorders (GCPD), CAG-CHOP Biobank",phs001165.v1.p1,Sharna Tingle,NHGRI,,Hakon Hakonarson,Released,Processing Status
Female Infertility: Primary Ovarian Insufficiency,phs001174.v1.p1,Sharna Tingle,NHGRI,,Richard Wilson,Released,Processing Status
The Finland-United States Investigation of NIDDM Genetics (FUSION) Study – Islet Expression and Regulation by RNAseq and ATACseq,phs001188.v3.p1,Sharna Tingle,NHGRI,,Lan Cho Bonnycastle,Released,Processing Status
eMERGE: Northwestern (NUgene) WGS,phs001191.v1.p1,Sharna Tingle,NHGRI,,Rex Chisholm,Released,Processing Status
Comprehensive Genome and Transcriptome Profiling Using Simultaneous DNA and RNA Sequencing (Simul-seq),phs001214.v1.p1,Sharna Tingle,NHGRI,,Michael Snyder,Released,Processing Status
Center for Common Disease Genomics [CCDG] - Autoimmune: Whole Genome Sequencing in Type 1 Diabetes (T1DGC),phs001222.v1.p1,Sharna Tingle,NHGRI,Yes,Stephen Rich,Released,Processing Status
Platinum Genomes,phs001224.v1.p1,Sharna Tingle,NHGRI,,David Bentley,Released,Processing Status
Center for Common Disease Genomics [CCDG] - Cardiovascular: Washington University Coronary Artery Disease Study,phs001227.v1.p1,Sharna Tingle,NHGRI,Yes,Ira Hall,Released,Processing Status
Sequencing Follicular Lymphoma,phs001229.v3,Sharna Tingle,NHGRI,,Todd Fehniger,Awaiting GPA's Approval,Processing Status
"Estonian Biobank, Estonian Genome Center, University of Tartu",phs001230.v1.p1,Sharna Tingle,NHGRI,,Tonu Esko,Released,Processing Status
Small Genomic Insertions Form Enhancers that Misregulate Oncogenes,phs001242.v1.p1,Sharna Tingle,NHGRI,,Richard Young,Released,Processing Status
Nasopharynx Cancer Whole Exome Sequencing,phs001244.v1.p1,Sharna Tingle,NHGRI,,Peter Hammerman,Released,Processing Status
Sequencing of Coding and Non-coding Regions in Primary Breast Cancers and Patient-Matched Controls,phs001250.v2.p1,Sharna Tingle,NHGRI,,Todd Golub,Completed by GPA,Processing Status
Family-based Study on Ulcerative Colitis with Whole Exome Sequencing,phs001251.v1.p1,Sharna Tingle,NHGRI,,Michael Snyder,Released,Processing Status
Center for Common Disease Genomics [CCDG] – Cardiovascular: VIRGO: Variation in Recovery - Role of Gender on Outcomes of Young Acute Myocardial Infarction (AMI) Patients,phs001259.v2,Sharna Tingle,NHGRI,Yes,Sekar Kathiresan,Awaiting GPA's Approval,Processing Status
Center for Mendelian Genomics [CMG] - The Broad Institute Joint Center for Mendelian Genomics,phs001272.v3.p2,Sharna Tingle,NHGRI,Yes,Anne O'Donnell-Luria,Released,Processing Status
Study of Genome Integrity of iPSCs,phs001277.v1.p1,Sharna Tingle,NHGRI,,Pu Liu,Released,Processing Status
Advanced Whole Genome Sequencing and Analysis of Fetal Genomes from Amniotic Samples,phs001283.v1.p1,Sharna Tingle,NHGRI,,Brock Peters,Withdrawn,Processing Status
Response and Resistance to ER-directed Therapy in ER+ Metastatic Breast Cancer,phs001285.v2.p1,Sharna Tingle,NHGRI,,Nikhil Wagle,Released,Processing Status
Neoadjuvant Trastuzumab Response in Breast Cancer,phs001291.v1.p1,Sharna Tingle,NHGRI,,Richard Wilson,Released,Processing Status
Health Cell Atlas Of Human Blood Dendritic Cells and Monocytes,phs001294.v1.p1,Sharna Tingle,NHGRI,,Nir Hacohen,Completed by GPA,Processing Status
Whole Genome Medical Sequencing for Gene Discovery,phs001348.v3.p1,Sharna Tingle,NHGRI,,Leslie Biesecker,Completed by GPA,Processing Status
The Genomic Landscape of Tuberous Sclerosis Complex,phs001357.v1.p1,Sharna Tingle,NHGRI,,Jeffrey Mackeigan,Released,Processing Status
Advanced Genome Sequencing Approaches in Gastric Cancer,phs001362.v1.p1,Sharna Tingle,NHGRI,,Hanlee Ji,Released,Processing Status
Next-generation Sequencing of Small Cell Lung Cancer to Identify Actionable Targets for Treatment,phs001366.v1.p1,Sharna Tingle,NHGRI,,Glen Weiss,Released,Processing Status
Whole Exome Sequencing of Uveal Melanoma,phs001370.v1.p1,Sharna Tingle,NHGRI,,Levi Garraway,Released,Processing Status
Intratumoral Transcriptional States of Lymphoma,phs001378.v1.p1,Sharna Tingle,NHGRI,,Hanlee Ji,Released,Processing Status
Birth Defects: Moebius Syndrome and Related Facial Weakness Disorders,phs001383.v1.p1,Sharna Tingle,NHGRI,,Ethylin Jabs,Released,Processing Status
Center for Common Disease Genomics [CCDG] – Cardiovascular: The Bangladesh Risk of Acute Vascular Events (BRAVE) Study,phs001398.v1.p1,Sharna Tingle,NHGRI,Yes,Sekar Kathiresan,Released,Processing Status
Advanced Genomic Techniques in Sequencing of Colorectal Cancer,phs001400.v1.p1,Sharna Tingle,NHGRI,,Hanlee Ji,Released,Processing Status
Resistance to Checkpoint Blockade Therapy Through Inactivation of Antigen Presentation,phs001427.v2.p1,Sharna Tingle,NHGRI,,Nir Hacohen,Released,Processing Status
Epigenomic Profiling of Human B Cell Subsets,phs001445.v1.p1,Sharna Tingle,NHGRI,,Bradley Bernstein,Completed by GPA,Processing Status
Genomic-Enabled Medicine for Recurrent Glioblastoma,phs001460.v2.p1,Sharna Tingle,NHGRI,,Sara Byron,Released,Processing Status
Center for Common Disease Genomics [CCDG] - Cardiovascular: TAICHI,phs001487.v1.p1,Sharna Tingle,NHGRI,Yes,Amit Khera,Released,Processing Status
Center for Common Disease Genomics [CCDG] - Neuropsychiatric: Epilepsy: Epi25 Consortium,phs001489.v4.p2,Sharna Tingle,NHGRI,Yes,Benjamin Neale,Released,Processing Status
"eMERGE Network Phase III: HRC Imputed Array Data of 85,000+ Participants",phs001584.v2.p2,Sharna Tingle,NHGRI,Yes,Rex Chisholm,Released,Processing Status
Genome Sequencing of Familial Cholangiocarcinoma,phs001593.v1.p1,Sharna Tingle,NHGRI,,Hanlee Ji,Released,Processing Status
eMERGE Netword Phase III Clinical Sequencing : eMERGEseq Panel,phs001616.v2.p2,Sharna Tingle,NHGRI,Yes,Rex Chisholm,Released,Processing Status
Genetic Testing to Understand and Address Renal Disease Disparities (GUARDD),phs001620.v1.p1,Sharna Tingle,NHGRI,,Carol Horowitz,Released,Processing Status
High Throughput Single-cell DNA Sequencing of Acute Myeloid Leukemia Tumors with Droplet Microfluidics,phs001627.v1.p1,Sharna Tingle,NHGRI,,Dennis Eastburn,Released,Processing Status
"Implementation, Adoption, and Utility of Family History in Diverse Care Settings",phs001641.v1.p1,Sharna Tingle,NHGRI,,Lori Orlando,Released,Processing Status
Center for Common Disease Genomics [CCDG] - Inflammatory Bowel Disease (IBD) Genomes,phs001642.v2.p1,Sharna Tingle,NHGRI,Yes,Mark Daly,Released,Processing Status
Regulatory Changes in Glioblastoma Brain Tumors and Xenografts,phs001646.v1.p1,Sharna Tingle,NHGRI,,Charles Danko,Released,Processing Status
Systematic Analysis of Coding and Non-coding Elements in Developmental Pathways Implicated in Holoprosencephaly Pathogenesis,phs001653.v1.p1,Sharna Tingle,NHGRI,,Maximilian Muenke,Released,Processing Status
Center for Common Disease Genomics [CCDG] - Neuropsychiatric: Autism - Simons Simplex Collection (SSC),phs001676.v1.p1,Sharna Tingle,NHGRI,Yes,Thomas Maniatis,Released,Processing Status
CSER: Incorporation of Genomic Sequencing into Pediatric Cancer Care,phs001683.v3.p1,Sharna Tingle,NHGRI,Yes,Sharon Plon,Completed by GPA,Processing Status
Genetic Characterization of Endometrial Cancers,phs001690.v1.p1,Sharna Tingle,NHGRI,,Daphne Bell,Withdrawn,Processing Status
Germline DNA Methylation Associated with Breast Cancer Predisposition,phs001699.v1.p1,Sharna Tingle,NHGRI,,Michael Snyder,Released,Processing Status
IGNITE: Embedding Pharmacogenotyping in an Integrated Health System for the Underserved - The INGENIOUS Study,phs001701.v1.p1,Sharna Tingle,NHGRI,,Todd Skaar,Released,Processing Status
Single-Cell Genome Sequencing of Gastrointestinal Carcinomas,phs001711.v1.p1,Sharna Tingle,NHGRI,,Hanlee Ji,Released,Processing Status
Kidney Metabolism Modeling System (Kidney on a Chip),phs001720.v1.p1,Sharna Tingle,NHGRI,,Jonathan Himmelfarb,Released,Processing Status
Center for Common Disease Genomics (CCDG) Neuropsychiatric: Study of Autism Genetics Exploration (SAGE),phs001740.v1.p1,Sharna Tingle,NHGRI,Yes,Thomas Maniatis,Released,Processing Status
Center for Common Disease Genetics (CCDG) Neuropsychiatric: The Autism Simplex Collection (TASC),phs001741.v1.p1,Sharna Tingle,NHGRI,Yes,Thomas Maniatis,Released,Processing Status
A genomic atlas of systemic interindividual epigenetic variation in humans (GTEx),phs001746.v3,Sharna Tingle,NHGRI,Yes,Robert Waterland,Completed by GPA,Processing Status
Center for Common Disease Genomics (CCDG) Neuropsychiatric: Autism Genetic Resource Exchange (AGRE),phs001766.v1.p1,Sharna Tingle,NHGRI,Yes,Thomas Maniatis,Released,Processing Status
IGNITE: Genomic Diagnosis and Individualized Therapy of Highly Penetrant Genetic Diabetes,phs001771.v1.p1,Sharna Tingle,NHGRI,,Toni Pollin,Released,Processing Status
Linked-Read Sequencing to Resolve Complex Structural Variants,phs001773.v1.p1,Sharna Tingle,NHGRI,,Patrick Marks,Completed by GPA,Processing Status
African American Sequencing Study,phs001798.v3.p2,Sharna Tingle,NHGRI,,Adam Auton,Released,Processing Status
Genetics of Lymphatic Anomalies from the Center for Applied Genetics (CAG) at CHOP,phs001802.v2.p1,Sharna Tingle,NHGRI,,Hakon Hakonarson,Released,Processing Status
MH-GRID Consortium,phs001815.v1.p1,Sharna Tingle,NHGRI,,Rakale Quarells,Released,Processing Status
GeneScreen,phs001817.v1.p1,Sharna Tingle,NHGRI,,Gail Henderson,Released,Processing Status
The African American Diabetes Mellitus (AADM) Study,phs001844.v2.p1,Sharna Tingle,NHGRI,,Charles Rotimi,Released,Processing Status
Genetics and Pathophysiology of Autoinflammatory Disorders,phs001860.v2,Sharna Tingle,NHGRI,,Daniel Kastner,Awaiting GPA's Approval,Processing Status
Detection of Somatic Mutations in vitro Aging Cells,phs001867.v1.p1,Sharna Tingle,NHGRI,,Michael Erdos,Released,Processing Status
Center for Common Disease Genomics (CCDG) - Cardiovascular: Cleveland Clinic Cohort,phs001871.v1.p1,Sharna Tingle,NHGRI,Yes,Ira Hall,Released,Processing Status
"Genome Sequencing of Large, Multigenerational CEPH/Utah Families",phs001872.v2.p2,Barbara Thomas,NHGRI,,Deborah Neklason,Released,Processing Status
Gabriella Miller Kids First - Novel Cancer Susceptibility in Families (from BASIC3),phs001878.v3.p1,Sharna Tingle,NHGRI,,Sharon Plon,Completed by GPA,Processing Status
Center for Common Disease Genomics (CCDG) - Cardiovascular: Emory Cohort,phs001880.v1.p1,Sharna Tingle,NHGRI,Yes,Ira Hall,Released,Processing Status
Single-sperm Sequence Data from Twenty Sperm Donors,phs001887.v1.p1,Sharna Tingle,NHGRI,,Steven McCarroll,Released,Processing Status
Center for Common Disease Genomics (CCDG) Neuropsychiatric: Homozygosity Mapping Consortium for Autism (HMCA),phs001894.v1.p1,Sharna Tingle,NHGRI,Yes,Thomas Maniatis,Released,Processing Status
Center for Common Disease Genomics [CCDG] - Cardiovascular: Genetics of Coronary Heart Disease - Characterizaton of Coronary Prone Pedigrees,phs001901.v1.p1,Sharna Tingle,NHGRI,Yes,Sekar Kathiresan,Released,Processing Status
Center for Common Disease Genomics (CCDG) - Cardiovascular: eMERGE - Northwestern Cohort,phs001913.v1.p1,Sharna Tingle,NHGRI,Yes,Ira Hall,Released,Processing Status
Improved Detection and Identification of Microsatellite Instability Features in Colorectal Cancer,phs001914.v1.p1,Sharna Tingle,NHGRI,,Hanlee Ji,Released,Processing Status
African Collaborative Center for Microbiome and Genomics Research (ACCME) - CIDR,phs001945.v1.p1,Barbara Thomas,NHGRI,,Clement Adebamowo,Released,Processing Status
A Unified Nanopore Platform for Direct Sequencing of Individual Full Length RNA Strands,phs001959.v1.p1,Sharna Tingle,NHGRI,,Mark Akeson,Released,Processing Status
IGNITE: Genomic Medicine Implementation - The Personalized Medicine Program,phs001978.v1.p1,Sharna Tingle,NHGRI,,Julie Johnson,Released,Processing Status
Center for Common Disease Genomics (CCDG) - Neuropsychiatric: A Study of the Genetic Causes of Complex Pediatric Disorders (CAG),phs002004.v1.p1,Sharna Tingle,NHGRI,Yes,Thomas Maniatis,Released,Processing Status
Segmental overgrowth/vascular anomalies/dermatologic disorders,phs002006.v2.p1,Sharna Tingle,NHGRI,,Leslie Biesecker,Released,Processing Status
Center for Common Disease Genomics [CCDG] - Cardiovascular: Partners Biobank,phs002018.v2,Sharna Tingle,NHGRI,Yes,Amit Khera,Incomplete,Processing Status
Impact of Mobile Element Insertions on Human Transcriptome Variation,phs002030.v1.p1,Sharna Tingle,NHGRI,,Jinchuan Xing,Released,Processing Status
Center for Common Disease Genomics (CCDG) Neuropsychiatric: Autism Center of Excellence (ACE II),phs002042.v1.p1,Sharna Tingle,NHGRI,Yes,Thomas Maniatis,Released,Processing Status
Center for Common Disease Genomics (CCDG) Neuropsychiatric: Multimodal Developmental Neurogenetics of Females,phs002043.v1.p1,Sharna Tingle,NHGRI,Yes,Thomas Maniatis,Released,Processing Status
Center for Common Disease Genomics [CCDG] - Neuropsychiatric: Victorian Collaborative AuTism Study (CATS): Family and Community Study of the Genetics of Autism Spectrum Disorder,phs002044.v1.p1,Sharna Tingle,NHGRI,Yes,Thomas Maniatis,Released,Processing Status
Genome Characterization of 9p- Syndrome,phs002054.v1.p1,Sharna Tingle,NHGRI,,Sessions Cole,Released,Processing Status
Genetic Effect of Chemotherapy Exposure in Children of Testicular Cancer Survivors,phs002104.v1.p1,Sharna Tingle,NHGRI,,Eliezer Van Allen,Completed by GPA,Processing Status
"GENE-FORECAST: GENomics, Environmental FactORs and the Social DEterminants of Cardiovascular Disease in African Americans STudy",phs002108.v1.p1,Sharna Tingle,NHGRI,,Gary Gibbons,Completed by GPA,Processing Status
MH-GRID 2.0,phs002109.v1.p1,Sharna Tingle,NHGRI,,Gary Gibbons,Completed by GPA,Processing Status
CSER: North Carolina Clinical Genomic Evaluation by Next-gen Exome Sequencing 2,phs002110.v1.p1,Sharna Tingle,NHGRI,Yes,Jonathan Berg,Released,Processing Status
CSER: Exome Sequencing in Diverse Populations in Colorado and Oregon,phs002111.v1.p1,Sharna Tingle,NHGRI,Yes,Katrina Goddard,Released,Processing Status
Improving Detection and Interpretation of Clinically Relevant Structural Variation,phs002112.v1.p1,Sharna Tingle,NHGRI,,Laura Conlin,Completed by GPA,Processing Status
Structural Annotation of the Human Genome,phs002119.v1.p1,Sharna Tingle,NHGRI,,Job Dekker,Completed by GPA,Processing Status
Center for Sub-Cellular Genomics,phs002120.v1.p1,Sharna Tingle,NHGRI,,Junhyong Kim,Released,Processing Status
Integrated Clinical and Transcriptomic Profiling to Characterize Disease Phenotype,phs002121.v1.p1,Sharna Tingle,NHGRI,,Anandi Krishnan,Released,Processing Status
Drop-BS: high-throughput single-cell bisulfite seqeuncing on a microfluidic droplet platform,phs002123.v2.p1,Sharna Tingle,NHGRI,,Chang Lu,Released,Processing Status
CIDR Genome-Wide Association Study of Neural Tube Defects,phs002129.v1.p1,Barbara Thomas,NHGRI,,Lawrence Brody,Completed by GPA,Processing Status
Evolution of Chromatin Architecture and Transcriptional Regulation in Mammals,phs002146.v2,Sharna Tingle,NHGRI,,Charles Danko,Completed by GPA,Processing Status
Scalable Engineered Membranes for the Production of Low-Cost Filter Devices for Single Cell Genomics,phs002167.v1.p1,Sharna Tingle,NHGRI,,Todd Gierahn,Completed by GPA,Processing Status
Center for Common Disease Genomics [CCDG] - Inflammatory Bowel Disease (IBD): Global Microbiome Conservancy Host Exomes,phs002205.v1.p1,Sharna Tingle,NHGRI,Yes,Mark Daly,Released,Processing Status
Genomic Answers for Kids,phs002206.v6,Sharna Tingle,NHGRI,Yes,Tomi Pastinen,Completed by GPA,Processing Status
Global Microbiome Conservancy Sequence Data,phs002235.v2,Sharna Tingle,NHGRI,Yes,Eric Alm,Completed by GPA,Processing Status
Center for Common Disease Genomics [CCDG] - Cardiovascular: Genetic and Phenotypic Determinants of Blood Pressure and other Cardiovascular Risk Factors,phs002236.v1.p1,Sharna Tingle,NHGRI,Yes,Patrick Ellinor,Released,Processing Status
Center for Common Disease Genomics [CCDG] - Cardiovascular: SWISS-AF/SWISS-AF-PVI/BEAT-AF,phs002242.v1.p1,Sharna Tingle,NHGRI,Yes,Patrick Ellinor,Released,Processing Status
Center for Common Disease Genomics [CCDG] - Cardiovascular: PEGASUS-TIMI 54,phs002243.v1.p1,Sharna Tingle,NHGRI,Yes,Patrick Ellinor,Released,Processing Status
"HubMAP: KULMAP - Human Kidney, Urinary Tract, and Lung Mapping Center",phs002249.v3,Sharna Tingle,NHGRI,,Sanjay Jain,Completed by GPA,Processing Status
HubMAP: A Spatially Resolved Molecular Atlas of Human Endothelium,phs002267.v3.p1,Sharna Tingle,NHGRI,,Jay Shendure,Released,Processing Status
HuBMAP: A 3-D Tissue Map of the Human Lymphatic System,phs002268.v1.p1,Sharna Tingle,NHGRI,,Mark Atkinson,Released,Processing Status
HuBMAP Single-Cell Data from Human Tissues,phs002272.v2,Sharna Tingle,NHGRI,,Michael Snyder,Awaiting GPA's Approval,Processing Status
Center for Common Disease Genomics (CCDG) - Cardiovascular: Harvard Gene-Diet Interaction in a Costa Rican Cohort,phs002282.v1.p1,Sharna Tingle,NHGRI,Yes,Ira Hall,Released,Processing Status
Genome-wide association study of skin pigmentation in African Americans,phs002298.v1.p1,Sharna Tingle,NHGRI,,Rick Kittles,Released,Processing Status
CSER: South-Seq: DNA sequencing for newborn nurseries in the South,phs002307.v1.p1,Sharna Tingle,NHGRI,Yes,Gregory Cooper,Released,Processing Status
Center for Integrated Cellular Analysis,phs002315.v1.p1,Sharna Tingle,NHGRI,,Rahul Satija,Released,Processing Status
"CSER: Genomic Sequencing to Aid Diagnosis in Pediatric and Prenatal Practice: Examining Clinical Utility, Ethical Implications, Payer Coverage, and Data Integration in a Diverse Population",phs002324.v3.p1,Sharna Tingle,NHGRI,Yes,Pui-Yan Kwok,Released,Processing Status
Center for Common Disease Genomics (CCDG) - Cardiovascular: BioImage Cohort,phs002325.v1.p1,Sharna Tingle,NHGRI,Yes,Nathan Stitziel,Released,Processing Status
CSER: Incorporating Genomics into the Clinical Care of Diverse NYC Children (NYCKidSeq),phs002337.v2.p1,Sharna Tingle,NHGRI,Yes,Eimear Kenny,Released,Processing Status
"CaBagE: a Cas9-based Background Elimation Strategy for Targeted, Long-read DNA Sequencing",phs002368.v1.p1,Sharna Tingle,NHGRI,,Aaron Quinlan,Released,Processing Status
CSER: Evaluating utility and improving implementation of genomic sequencing for pediatric cancer patients in the diverse population and healthcare settings of Texas: The KidsCanSeq Study,phs002378.v1.p1,Sharna Tingle,NHGRI,Yes,Sharon Plon,Released,Processing Status
Center for Common Disease Genomics [CCDG] - Cardiovascular: InStem (The Institute for Stem Cell Science and Regenerative Medicine) Study,phs002384.v1.p1,Sharna Tingle,NHGRI,Yes,Amit Khera,Completed by GPA,Processing Status
"De novo Origination Patterns of the Malaria-resistant, Sickle-cell-anemia-causing Hemoglobin S Mutation",phs002391.v2.p1,Sharna Tingle,NHGRI,,Adi Livnat,Released,Processing Status
Natural Genetic Variation in the Human Genome,phs002463.v1.p1,Sharna Tingle,NHGRI,,Scott Devine,Released,Processing Status
CEP128 Mutations Impair Spermatogenesis in Humans and Mice,phs002477.v1.p1,Sharna Tingle,NHGRI,,Ying Shen,Completed by GPA,Processing Status
Gene Expression Study of Individuals with Sex Chromosome Aneuploidies,phs002481.v6.p1,Sharna Tingle,NHGRI,,David Page,Released,Processing Status
Center for Common Disease Genomics [CCDG] Neuropsychiatric: Genomics of Autism Spectrum Disorder (GASD),phs002509.v2.p1,Sharna Tingle,NHGRI,Yes,Thomas Maniatis,Released,Processing Status
Center for Common Disease Genomics [CCDG] - Neuropsychiatric: SPARK Simons Foundation Powering Autism Research for Knowledge,phs002511.v1.p1,Sharna Tingle,NHGRI,Yes,Thomas Maniatis,Released,Processing Status
Center for Common Disease Genomics [CCDG] - Neuropsychiatric: Simons Searchlight,phs002512.v1.p1,Sharna Tingle,NHGRI,Yes,Thomas Maniatis,Released,Processing Status
Precision Genomic Medicine in The Plain Communities and its Impact on The Plain and General Populations,phs002586.v1.p1,Sharna Tingle,NHGRI,,Lina Ghaloul-Gonzalez,Completed by GPA,Processing Status
Multiplexing Methods to Reduce Sequencing Costs,phs002605.v1.p1,Sharna Tingle,NHGRI,,Atray Dixit,Completed by GPA,Processing Status
Characterizing Disease-causing Variants Using Personal Genomes with Large Recurrent Deletions,phs002613.v1.p1,Sharna Tingle,NHGRI,,Pengfei Liu,Released,Processing Status
A Depression and Opioid Pragmatic Trial in Pharmacogenetics (ADOPT-PGx),phs002675.v1.p1,Sharna Tingle,NHGRI,Yes,Hrishikesh Chakraborty,Completed by GPA,Processing Status
Center for Common Disease Genomics [CCDG] - Cardiovascular: Cardiology Biobanking for Biomarker Discovery,phs002726.v1.p1,Sharna Tingle,NHGRI,Yes,Patrick Ellinor,Released,Processing Status
Epidemiologic Architecture for Genes Linked to Environment (EAGLE) MetaboChip Study,phs002767.v1.p1,Sharna Tingle,NHGRI,,Dana Crawford,Released,Processing Status
The QChip1 Knowledgebase and Microarray for Precision Medicine in Qatar,phs002772.v1.p1,Sharna Tingle,NHGRI,,Juan Rodriquez-Flores,Completed by GPA,Processing Status
Center for Common Disease Genomics [CCDG] - Cardiovascular: ENGAGE Atrial Fibrillation-TIMI 48,phs002774.v1.p1,Sharna Tingle,NHGRI,Yes,Patrick Ellinor,Released,Processing Status
Center for Common Disease Genomics [CCDG] - Cardiovascular: The Genetics of Atrial Fibrillation,phs002811.v1.p1,Sharna Tingle,NHGRI,Yes,Patrick Ellinor,Released,Processing Status
Genomic Medicine and Gene Function Implementation for an Underserved Population,phs002912.v1.p1,Sharna Tingle,NHGRI,,Hugo Bellen,Completed by GPA,Processing Status
Black Representation in Genomic Research Whole Blood eQTL Study,phs002969.v1.p1,Sharna Tingle,NHGRI,,Vladimir Vacic,Released,Processing Status
Evaluation of Nuclear DNA from Rootless Hairs for Forensic Purposes,phs002979.v2.p1,Sharna Tingle,NHGRI,,Richard Green,Released,Processing Status
Center for Common Disease Genomics [CCDG] - Cardiovascular: Pharmacokinetic Polymorphisms in Japanese General Population,phs002985.v1.p1,Sharna Tingle,NHGRI,Yes,Patrick Ellinor,Released,Processing Status
Assessment of RNA-seq Sample Preparation Methodology,phs003001.v1.p1,Sharna Tingle,NHGRI,,Susan Munster,Released,Processing Status
Center for Common Disease Genomics [CCDG] - Cardiovascular: TexGen,phs003010.v1.p1,Sharna Tingle,NHGRI,Yes,Eric Boerwinkle,Released,Processing Status
NHGRI GREGoR Consortium: Genomics Research to Elucidate the Genetics of Rare Disease,phs003047.v5.p4,Sharna Tingle,NHGRI,Yes,Susanne May,Released,Processing Status
De novo Characterization of Cell-free DNA Fragmentation Hotspots in Plasma Whole-genome Sequencing.,phs003062.v1.p1,Sharna Tingle,NHGRI,,Yaping Liu,Released,Processing Status
Using NGS to Sequence Whole Genomes to Identify Genes Underlying ALS,phs003067.v3.p3,Sharna Tingle,NHGRI,Yes,Hemali Phatnani,Released,Processing Status
Nanobody-tethered Transposition Allows for Multifactorial Chromatin Profiling at Single-cell Resolution,phs003068.v1.p1,Sharna Tingle,NHGRI,,Tim Stuart,Released,Processing Status
Center for Common Disease Genomics [CCDG] - Cardiovascular: Indiana Biobank Cohort,phs003073.v1.p1,Sharna Tingle,NHGRI,Yes,Nathan Stitziel,Completed by GPA,Processing Status
Longitudinal Studies of Patients with Familial Platelet Disorder with Associated Myeloid Malignancy (FPDMM),phs003075.v1.p1,Sharna Tingle,NHGRI,,Pu Liu,Released,Processing Status
Integrative Analysis for Multi-Omics Data in Non-small-cell Lung Cancer,phs003113.v1.p1,Sharna Tingle,NHGRI,,Wei Wang,Released,Processing Status
Center for Common Disease Genomics [CCDG] - Cardiovascular: Early Treatment of Atrial Fibrillation for Stroke Prevention Trial,phs003120.v1.p1,Sharna Tingle,NHGRI,Yes,Patrick Ellinor,Completed by GPA,Processing Status
Enhancing Open Data Sharing for Functional Genomics Experiments: Measures to Quantify Genomic Information Leakage and File Formats for Privacy Preservation,phs003166.v1.p1,Sharna Tingle,NHGRI,,Mark Gerstein,Released,Processing Status
High-throughput RNA Isoform Sequencing using Programmable cDNA Concatenation,phs003200.v1.p1,Sharna Tingle,NHGRI,Yes,Nir Hacohen,Released,Processing Status
Center for Common Disease Genomics [CCDG] - Cardiovascular: Medical College of Wisconsin Cohort,phs003241.v1.p1,Sharna Tingle,NHGRI,Yes,Nathan Stitziel,Completed by GPA,Processing Status
Center for Common Disease Genomics [CCDG] - Washington University Multi-Ethnic Linked-Read WGS Study,phs003247.v1.p1,Sharna Tingle,NHGRI,Yes,Nathan Stitziel,Completed by GPA,Processing Status
Center for Common Disease Genomics [CCDG] - Cardiovascular: Women's Health Initiative (WHI) Cohort,phs003264.v1.p1,Sharna Tingle,NHGRI,Yes,Nathan Stitziel,Released,Processing Status
Center for Common Disease Genomics [CCDG] - Cardiovascular: Sao Paulo Brazil Cohort,phs003265.v1.p1,Sharna Tingle,NHGRI,Yes,Nathan Stitziel,Released,Processing Status
Center for Common Disease Genomics [CCDG] - Cardiovascular: Kanazawa University Cohort,phs003266.v1.p1,Sharna Tingle,NHGRI,Yes,Nathan Stitziel,Released,Processing Status
Center for Common Disease Genomics [CCDG] - Cardiovascular: Corogene Cohort,phs003267.v1.p1,Sharna Tingle,NHGRI,Yes,Nathan Stitziel,Completed by GPA,Processing Status
FinaleMe: Predicting DNA Methylation by the Fragmentation Patterns of Plasma Cell-free DNA,phs003287.v1.p1,Sharna Tingle,NHGRI,,Viktor Adalsteinsson,Released,Processing Status
Population Genetic Testing and SERPINA1 Sequencing Identifies Unidentified Alpha-1 Antitrypsin Deficiency Alleles and Gene-Environment Interaction with Hepatitis C Infection,phs003297.v1.p1,Sharna Tingle,NHGRI,,Lisa Bastarache,Released,Processing Status
"The NIH MINI Study: Metabolism, Infection, and Immunity in Inborn Errors of Mitochondrial Metabolism",phs003299.v1.p1,Sharna Tingle,NHGRI,Yes,Peter McGuire,Completed by GPA,Processing Status
Labeling and sequencing of 5hmC and 5mC in DNA,phs003311.v1.p1,Sharna Tingle,NHGRI,,Chuan He,Completed by GPA,Processing Status
Integrated Analysis of Multimodal Single-Cell Datasets for SARS-CoV-2 Vaccination,phs003322.v1.p1,Sharna Tingle,NHGRI,,Rahul Satija,Released,Processing Status
Genetic Predictors of Ibrutinib-Related Cardiovascular Side Effects in Patients with Chronic Lymphocytic Leukemia,phs003370.v1.p1,Sharna Tingle,NHGRI,,Nilanjan Ghosh,Released,Processing Status
SUDC Registry and Research Collaborative,phs003383.v1.p1,Sharna Tingle,NHGRI,,Orrin Devinsky,Released,Processing Status
Epigenetic Changes in Immune Response and Oncogenesis Related Genes Caused by Heavy Metal Long-term Exposure,phs003392.v1.p1,Sharna Tingle,NHGRI,,Ani Stepanyan,Released,Processing Status
Reference Standards for Mosaic Variant Detection,phs003399.v1.p1,Sharna Tingle,NHGRI,,Sangwoo Kim,Released,Processing Status
The Chromatin Landscape of Pathogenic Transcriptional Cell States in Rheumatoid Arthritis,phs003417.v2.p1,Sharna Tingle,NHGRI,,Soumya Raychaudhuri,Released,Processing Status
Heterogeneity in Lysosomal Storage Disorders,phs003459.v1.p1,Sharna Tingle,NHGRI,,Ellen Sidransky,Released,Processing Status
Impact of Genomic Variation on Function (IGVF) Consortium,phs003472.v1.p1,Sharna Tingle,NHGRI,Yes,J. Cherry,Released,Processing Status
Center for Common Disease Genomics (CCDG) - Cardiovascular: Southern Community Cohort,phs003487.v1.p1,Sharna Tingle,NHGRI,Yes,Nathan Stitziel,Completed by GPA,Processing Status
Utility of Capillary Blood in Gene Expression Studies,phs003496.v1.p1,Sharna Tingle,NHGRI,,Scott Nicholson,Released,Processing Status
Center for Common Disease Genomics (CCDG) - Cardiovascular: Multiethnic Cohort,phs003499.v1.p1,Sharna Tingle,NHGRI,Yes,Nathan Stitziel,Released,Processing Status
Human Single-Cell Data,phs003508.v1.p1,Sharna Tingle,NHGRI,,Anupriya Agarwal,Released,Processing Status
Direct Transposition of Native DNA for Sensitive Multimodal Single-molecule Sequencing,phs003511.v1.p1,Sharna Tingle,NHGRI,,Vijay Ramani,Released,Processing Status
Identification of host genetic factors that are determinant for the development of severe forms of COVID-19 in adults and children,phs003512.v1.p1,Sharna Tingle,NHGRI,,Luydson Vasconcelos,Released,Processing Status
HudsonAlpha Long Read Sequencing Data of Individuals with Rare Suspected Genetic Conditions,phs003537.v1.p1,Sharna Tingle,NHGRI,Yes,Gregory Cooper,Released,Processing Status
Gene Expression and Biomarker Utility in Post-Mortem Samples,phs003546.v1.p1,Sharna Tingle,NHGRI,,Scott Nicholson,Released,Processing Status
The Genomics of Cyclin E Localization in Breast Cancer Cells,phs003626.v1.p1,Sharna Tingle,NHGRI,,Richard Wilson,Completed by GPA,Processing Status
Establishment of an iPSC repository derived from healthy volunteers,phs003649.v1.p1,Sharna Tingle,NHGRI,,Ting Wang,Released,Processing Status
The effects of long-term heavy metal exposure on transcriptome landscape in human peripheral blood cells,phs003657.v1.p1,Sharna Tingle,NHGRI,,Ani Stepanyan,Released,Processing Status
"Pilot study for low cost, non-invasive RNA-sequencing",phs003732.v1.p1,Sharna Tingle,NHGRI,,Molly Martorella,Completed by GPA,Processing Status
"Neurobehavioral, environmental and genetic factors impacting ADHD",phs003752.v1.p1,Sharna Tingle,NHGRI,,Philip Shaw,Completed by GPA,Processing Status
Center for scalable knockout and multimodal phenotyping in genetically diverse human genomes,phs003763.v1.p1,Sharna Tingle,NHGRI,,Danwei Huangfu,Completed by GPA,Processing Status
Multi-omics for Health and Disease,phs003765.v1.p1,Sharna Tingle,NHGRI,Yes,Zhiping Weng,Completed by GPA,Processing Status
Platinum pedigree consortium long-read sequencing,phs003793.v2.p1,Sharna Tingle,NHGRI,,Evan Eichler,Completed by GPA,Processing Status
OurHealth - Cardiovascular Disease in South Asians,phs003821.v2.p1,Sharna Tingle,NHGRI,Yes,Pradeep Natarajan,Released,Processing Status
Droplet Hi-C for Fast and Scalable Profiling of Chromatin Architecture in Single Cells,phs003828.v1.p1,Sharna Tingle,NHGRI,,Bing Ren,Completed by GPA,Processing Status
"A non-invasive, multi-dimensional study of early detection of prostate cancer with urine",phs003836.v1.p1,Sharna Tingle,NHGRI,,Nianzeng Xing,Completed by GPA,Processing Status
Developmental Genotype Tissue Expression (dGTEx) Project,phs003838.v1.p1,Sharna Tingle,NHGRI,Yes,Kristin Ardlie,Released,Processing Status
Asian Immune Diversity Atlas (AIDA) sQTL,phs003848.v1.p1,Sharna Tingle,NHGRI,,Boxiang Liu,Released,Processing Status
Changes in DNA methylation are associated with systemic lupus erythematosus flare remission and clinical subtypes,phs003850.v1.p1,Sharna Tingle,NHGRI,,Lindsey Criswell,Completed by GPA,Processing Status
The Electronic Medical Records and GEnomics (eMERGE) Network Genomic Risk Assessment (eMERGE) IV,phs003905.v1.p1,Sharna Tingle,NHGRI,Yes,Joshua Peterson,Completed by GPA,Processing Status
Precision diagnosis of neurodevelopmental disorders in Middle Eastern Populations,phs003917.v1.p1,Sharna Tingle,NHGRI,,Younes Mokrab,Released,Processing Status
Comparison Across Multiple Types of Sleep Deprivation,phs003924.v1.p1,Sharna Tingle,NHGRI,,Hilary Uyhelji,Released,Processing Status
Biomarkers for Noise-Induced Sleep Disruption,phs003932.v1.p1,Sharna Tingle,NHGRI,,Hilary Uyhelji,Released,Processing Status
Analysis of Somatic Mutations in Longitudinal Whole-genome Sequencing Data,phs003942.v1.p1,Sharna Tingle,NHGRI,Yes,Cody Steely,Completed by GPA,Processing Status
Genetic and Social Network Correlates of Rheumatoid Arthritis Outcomes in Hispanic Populations - CIDR,phs003951.v1.p1,Barbara Thomas,NHGRI,,Laura Koehly,Completed by GPA,Processing Status
Disease-Linked Regulatory DNA Variants and Homeostatic Transcription Factors in Epidermis,phs003977.v1.p1,Sharna Tingle,NHGRI,,Paul Khavari,Released,Processing Status
Assessment of Complex Chromosomal Changes in De-Identified Cell Lines,phs004000.v1.p1,Sharna Tingle,NHGRI,Yes,Tychele Turner,Released,Processing Status
Genetic testing to Understand and Address Renal Disease Disparities across the United States (GUARDD-US),phs004045.v2.p1,Sharna Tingle,NHGRI,Yes,Carol Horowitz,Released,Processing Status
A Depression and Opioid Pragmatic Trial in Pharmacogenetics (ADOPT PGx): Acute Pain Trial,phs004058.v2.p1,Sharna Tingle,NHGRI,Yes,Larisa Cavallari,Released,Processing Status
A Depression and Opioid Pragmatic Trial in Pharmacogenetics (ADOPT PGx): Chronic Pain Trial,phs004059.v1.p1,Sharna Tingle,NHGRI,Yes,Todd Skaar,Released,Processing Status
A Depression and Opioid Pragmatic Trial in Pharmacogenetics (ADOPT PGx): Depression Trial,phs004069.v2.p1,Sharna Tingle,NHGRI,Yes,Joshua Peterson,Released,Processing Status
Singapore Adult Metabolism Study - Phase 2 (SAMS2),phs004078.v1.p1,Sharna Tingle,NHGRI,,Boxiang Liu,Released,Processing Status
"DNA Termini Correlate with Methylation at CpG sites in Hair, Urine and Blood Plasma cell-free DNA",phs004104.v1.p1,Sharna Tingle,NHGRI,,Richard Green,Released,Processing Status
Washington University Center for Common Disease Genomics [CCDG]: Human Coronary Artery Single-cell Multiomics,phs004118.v1.p1,Sharna Tingle,NHGRI,Yes,Nathan Stitziel,Completed by GPA,Processing Status
Longitudinal studies of patients and families with RUNX1/FPDMM or FPDMM-like conditions,phs004227.v1.p1,Sharna Tingle,NHGRI,Yes,Paul Liu,Completed by GPA,Processing Status
Molecular Analyses of Endometrial Cancer,phs004282.v1.p1,Sharna Tingle,NHGRI,Yes,Eun-Jeong Yu,Completed by GPA,Processing Status
Utah Genome Project Platinum Plus Homopolymers,phs004339.v1.p1,Sharna Tingle,NHGRI,,Aaron Quinlan,Released,Processing Status
Identification of neurocognitive impairment biomarkers in response to acute cannabis exposure,phs004342.v1.p1,Sharna Tingle,NHGRI,,Scott Nicholson,Released,Processing Status
Assessing the readiness of Oxford Nanopore sequencing for clinical genomics applications,phs004346.v1.p1,Sharna Tingle,NHGRI,,Javier Quilez Oliete,Completed by GPA,Processing Status
​​Rare Genetic Variants and Severe COVID-19 in Previously Healthy Admixed Latin American Adults​,phs004369.v1.p1,Sharna Tingle,NHGRI,,Luydson Vasconcelos,Released,Processing Status
"The Genetics of Obesity, Diabetes, and Heart Disease in African Diaspora Populations",phs004382.v1.p1,Sharna Tingle,NHGRI,,Charles Rotimi,Released,Processing Status
Genetic Mutations and Cis-Regulatory Features Underlying Albinism,phs004422.v1.p1,Sharna Tingle,NHGRI,,David Adams,Completed by GPA,Processing Status
Center for Common Disease Genomics (CCDG)-Neuropsychiatric: Introduction of exome/genome sequencing,phs004430.v1.p1,Sharna Tingle,NHGRI,Yes,Thomas Maniatis,Released,Processing Status
Prenatal treatment of Down syndrome to improve brain development and neurocognition,phs004455.v1.p1,Sharna Tingle,NHGRI,,Diana Bianchi,Released,Processing Status
Genetics of growth rates in induced pluripotent stem cells,phs004457.v1.p1,Sharna Tingle,NHGRI,,Michael Erdos,Released,Processing Status
Combined genomic and phenotypic classification of inherited and acquired genetic disease with long-read sequencing,phs004480.v1.p1,Sharna Tingle,NHGRI,,Owen Siggs,Released,Processing Status
Genome-wide maps of enhancer-gene regulation to link variants to functions,phs004517.v1.p1,Sharna Tingle,NHGRI,,Jesse Engreitz,Completed by GPA,Processing Status
Translating genomic profiling to bedside precision medicine,phs004549.v1.p1,Sharna Tingle,NHGRI,,Robert Meller,Completed by GPA,Processing Status
Multi-gene modeling of human disease,phs004570.v1.p1,Sharna Tingle,NHGRI,,Timothy Reddy,Completed by GPA,Processing Status
Study name KOLF2.1J iPSC and differentiated cell-lines,phs004798.v1.p1,Sharna Tingle,NHGRI,,Mark Cookson,Released,Processing Status
VIGOR: Virtual Genome Center for Infant Health,phs004902.v1.p1,Sharna Tingle,NHGRI,,Timothy Yu,Completed by GPA,Processing Status
Center for Live Cell Genomics,phs004907.v1.p1,Sharna Tingle,NHGRI,Yes,David Haussler,Completed by GPA,Processing Status
Therapeutic Targets in African American Youth with Type 2 Diabetes,phs004976.v1.p1,Sharna Tingle,NHGRI,,Stephanie Chung,Completed by GPA,Processing Status
Genetics of MRSA Infection,,Sharna Tingle,NHGRI,,Richard Wilson,Completed by GPA,Processing Status
Next Generation Mendelian Genetics: Autoimmune Lymphoproliferative Syndrome (ALPS),,Sharna Tingle,NHGRI,,Michael Lenardo,Completed by GPA,Processing Status
Next Generation Mendelian Genetics: Nager syndrome,,Sharna Tingle,NHGRI,,Michael Bamshad,Completed by GPA,Processing Status
Next Generation Mendelian Genetics: Distal Arthrogryposis 5,,Sharna Tingle,NHGRI,,Michael Bamshad,Completed by GPA,Processing Status
Endometrial Somatic Tumor-Specific Mutations,,Sharna Tingle,NHGRI,Yes,Daphne Bell,Completed by GPA,Processing Status
Danish Cohort of Prenatal de novo Chromosomal Rearrangements,,Sharna Tingle,NHGRI,,Niels Tommerup,Completed by GPA,Processing Status
Disease 2020: Large-Scale Sequencing and Analysis Center Initiated Projects/Baylor College of Medicine: ARIC,,Sharna Tingle,NHGRI,,Richard Gibbs,Completed by GPA,Processing Status
Exome Sequencing of Clear Cell Endometrial Tumors and Paired Non-Tumor Samples,,Sharna Tingle,NHGRI,,Daphne Bell,Completed by GPA,Processing Status
Clinical and Basic Investigations into Known and Suspected Congenital Disorders of Glycosylation,,Sharna Tingle,NHGRI,,Christina Lam,Completed by GPA,Processing Status
The FUSION Monogenic Diabetes Study - MODY and Autosomal Dominant Diabetes,,Sharna Tingle,NHGRI,,Lan Cho Bonnycastle,Completed by GPA,Processing Status
Single Cell RNA-Seq Analysis of Tumors,,Sharna Tingle,NHGRI,,Aviv Regev,Completed by GPA,Processing Status
Atlas of tRNA Expression and Modification,,Sharna Tingle,NHGRI,,Todd Lowe,Completed by GPA,Processing Status
A Portal and Integrative Collaborative Platform for GTEx,,Sharna Tingle,NHGRI,,Kristin Ardlie,Completed by GPA,Processing Status
High Throughput Single Molecule Approaches for Phased Genome Sequence Assembly,,Sharna Tingle,NHGRI,,Pui-Yan Kwok,Completed by GPA,Processing Status
Developmental Genotype-Tissue Expression Project (dGTEx),,Sharna Tingle,NHGRI,Yes,Nenad Sestan,Completed by GPA,Processing Status
A Scalable Kit-Based Assay for Multi-Omic Analyses of Transcrptional Protein Binding and Chromatin Interactions from Ultra-low Input Frozen and FFPE Samples at Single-Cell Resolution,,Sharna Tingle,NHGRI,,Anthony Schmitt,Completed by GPA,Processing Status
ImplementatioN Science for Genomic Health Translation (INSIGHT),,Sharna Tingle,NHGRI,,Eric Boerwinkle,Completed by GPA,Processing Status
Cell Pooling Framework for Deciphering the Regulatory Wiring of Allergy in Pathophysiological Contexts,,Sharna Tingle,NHGRI,,Maya Kasowski,Completed by GPA,Processing Status
"A Foundational Resource of Functional Elements, TF Footprints, and Gene Regulatory Interactions",,Sharna Tingle,NHGRI,Yes,Jason Buenrostro,Completed by GPA,Processing Status
"Multi-Omics at the Intersections of Environment, Diabetes, and Kidney Disease: A Multi-Omics for Health and Disease Study Site",,Sharna Tingle,NHGRI,Yes,Tanika Kelly,Completed by GPA,Processing Status
ADHD Genetic Study at NHGRI,,Sharna Tingle,NHGRI,,Maria Acosta,Completed by GPA,Processing Status
Carver Genomic Research Center (CGRC)-Building Next Generation Genomic Data Scientist in Rural Alabama,,Sharna Tingle,NHGRI,Yes,Deepa Bedi,Completed by GPA,Processing Status
FIU-Diversity Center for Genomic Research (FIU-DCGR),,Sharna Tingle,NHGRI,Yes,Xuexia Wang,Completed by GPA,Processing Status
Deciphering Determinants of Somatic Evolution with Single-Cell Genealogy,,Sharna Tingle,NHGRI,,Chen Weng,Completed by GPA,Processing Status
Beginning genetic interventions in infants (BEGIN),,Sharna Tingle,NHGRI,,Pankaj Agrawal,Completed by GPA,Processing Status
Deploying a genomic-medicine risk assessment model for diverse primary care populations and settings,,Sharna Tingle,NHGRI,,Susanne Haga,Completed by GPA,Processing Status
Next Generation Mendelian Genetics: Hypoplastic Left Heart Syndrome,,Sharna Tingle,NHGRI,,Deborah Nickerson,Completed by GPA,Processing Status
Next Generation Mendelian Genetics: Dementia,,Sharna Tingle,NHGRI,,Wendy Raskind,Completed by GPA,Processing Status
Test_Study,,Sharna Tingle,NHGRI,,,Completed by GPA,Processing Status
Genomic Embodiment of the Nomadic Past in Central Eurasia,,Sharna Tingle,NHGRI,,John Hawks,Completed by GPA,Processing Status
TEST,,Sharna Tingle,NHGRI,,,Incomplete,Processing Status
Commericialization of HaploSeq as a Service (HaaS) for Generating Chromosome-span Phased Genome and Exome Sequence Information,,Sharna Tingle,NHGRI,,Siddarth Selvaraj,Incomplete,Processing Status
International Consortium for Blood Pressure GWAS 2011 discovery dataset,phs000585.v2.p1,Hiromi Ono,NHLBI,,Daniel Levy,Released,Processing Status
Prediction of DNA Repair Inhibitor Response in Short Term Patient-Derived Ovarian Cancer Organoids,phs001685.v1.p1,Hiromi Ono,NHLBI,,Alan D'Andrea,Released,Processing Status
NHLBI TOPMed: Genomics of Myelodysplastic Syndromes (MDS),phs002360.v1.p1,Nidhi Gera,NHLBI,,Matthew Walter,Completed by GPA,Processing Status
A Polygenic Score for Acute Vaso-Occlusive Pain in Pediatric Sickle Cell Disease,phs002470.v1.p1,Hiromi Ono,NHLBI,,Gang Wu,Released,Processing Status
RNA-seq of whole blood from pediatric Sickle Cell Anemia (SCA) patients,phs002687.v1.p1,Hiromi Ono,NHLBI,,Robert Meller,Released,Processing Status
MEASURE (Hourigan Lab Sequencing),phs004478.v1.p1,Hiromi Ono,NHLBI,,Christopher Hourigan,Released,Processing Status
Massively parallel single-cell RNA-sequencing of chronic rhinosinusitis nasal and sinus tissue,phs002333.v2.p1,Reed Shabman,NIAID,,Joshua Boyce,Completed by GPA,Processing Status
Massively Parallel Single-Cell RNA-Sequencing of Chronic Rhinosinusitis Polyp and Non-polyp Tissue,phs002466.v1.p1,Reed Shabman,NIAID,,Nora Barrett,Completed by GPA,Processing Status
Fgl2 Regulates FcγRIIB+ CD8+ T Cell Responses during Infection,phs003870.v1.p1,Reed Shabman,NIAID,,Mandy Ford,Released,Processing Status
Adoptive T Lymphocyte Adminstration for Chronic Norovirus Treatment in Immunocompromised Hosts (ATLANTIC),phs004662.v1.p1,Reed Shabman,NIAID,,Lisbeth Green,Completed by GPA,Processing Status
Comparison of human serous cavity resident macrophages and dendritic cells to their murine counterparts,,Reed Shabman,NIAID,,Gwendalyn Randolph,Completed by GPA,Processing Status
Skin Microbiome in Disease States: Atopic Dermatitis and Immunodeficiency,phs000266.v4.p1,Aneliya Velkova,NIAMS,,Julie Segre,Released,Processing Status
Gene Variants in Pheochromocytoma and Paraganglioma,phs002405.v2.p1,Valerie Cotton,NICHD,,Karel Pacak,Released,Processing Status
"GWA Study of Oral Cavity, Pharynx and Larynx Cancers in European, and North and South American Populations - CIDR",phs002503.v1.p1,Alicia Chou,NIDCR,,Shama Virani,Released,Processing Status
Genetic Progression of Head and Neck Squamous Cell Carcinoma,phs003139.v1.p1,Alicia Chou,NIDCR,,Gad Getz,Released,Processing Status
Exome Sequencing of Childhood Wilms Tumor,phs000780.v1.p1,Ludmila Pawlikowska,NIDDK,,James Amatruda,Completed by GPA,Processing Status
"Innate Immune Deamination in Aged, Pre-leukemia and Leukemia Stem cells",phs002228.v2.p1,Ludmila Pawlikowska,NIDDK,,Catriona Jamieson,Released,Processing Status
Detection and Targeting of Splicing Deregulation in Pediatric Acute Myeloid Leukemia Stem Cells,phs003196.v1.p1,Ludmila Pawlikowska,NIDDK,,Catriona Jamieson,Released,Processing Status
Very low tumor mutation burden identifies inflamed recurrent glioblastomas responsive to cancer immunotherapy,phs002270.v1.p1,Emily Carifi,NINDS,,David Ashley,Released,Processing Status
Rapid Acceleration of Diagnostics - Digital Health (RADx-DH): NIH Digital Health Solutions for COVID-19,phs002516.v1.p1,Shu Hui Chen,RADx,Yes,Teresa Gibson,Released,Processing Status
Rapid Acceleration of Diagnostics - Digital Health (RADx-DH): Covidseeker and COVID-19 Citizen Science: Leveraging Citizen Science and Real-Time Geospatial Temporal Mobile Data for Digital Contact Tracing and SARS-CoV-2 Hotspotting,phs002519.v1.p1,Shu Hui Chen,RADx,Yes,Yulin Hswen,Released,Processing Status
Rapid Acceleration of Diagnostics - Digital Health (RADX-DH): Digital Health Solutions for COVID-19: COVID Community Action and Research Engagement (COVID-CARE),phs002533.v1.p1,Shu Hui Chen,RADx,Yes,Praduman Jain,Released,Processing Status
Rapid Acceleration of Diagnostics - Digital Health (RADx-DH): Digital Health Solution for COVID-19,phs002534.v1.p1,Shu Hui Chen,RADx,Yes,Robert Walton,Released,Processing Status
Rapid Acceleration of Diagnostics - Digital Health (RADx-DH): COVID-19 Experience Study (C19EX) Survey,phs002537.v1.p1,Shu Hui Chen,RADx,Yes,Ernesto Ramirez,Released,Processing Status
Rapid Acceleration of Diagnostics - Digital Health (RADx-DH): ILI Labels and Longitudinal Novel Engagement with Symptom Surveillance (ILLNESS) Study,phs002538.v1.p1,Shu Hui Chen,RADx,Yes,Ernesto Ramirez,Released,Processing Status
Rapid Acceleration of Diagnostics - Digital Health (RADx-DH): Large Scale Flu Surveillance Study (LSFS),phs002539.v1.p1,Shu Hui Chen,RADx,Yes,Ernesto Ramirez,Released,Processing Status
Rapid Acceleration of Diagnostics - Digital Health (RADx-DH): SAFER-COVID,phs002540.v1.p1,Shu Hui Chen,RADx,Yes,Vik Kheterpal,Released,Processing Status
Rapid Acceleration of Diagnostics - Underserved Populations (RADx-UP): Rapid Acceleration of Acceptable COVID Testing and Care Options for NYC Public Housing Residents (RADx NYCHA),phs002618.v1.p1,Shu Hui Chen,RADx,Yes,Lorna Thorpe,Released,Processing Status
Rapid Acceleration of Diagnostics - Digital Health (RADx-DH): Digital Health Solutions for COVID-19: Clear2G,phs002628.v1.p1,Shu Hui Chen,RADx,Yes,Adarbad Master,Released,Processing Status
Rapid Acceleration of Diagnostics - Underserved Populations (RADx-UP): Communities Fighting COVID,phs002649.v1.p1,Shu Hui Chen,RADx,Yes,Susan Kiene,Released,Processing Status
Rapid Acceleration of Diagnostics - Underserved Populations (RADx): Using Health Communication to Increase COVID-19 Testing and Vaccination in Underserved Populations,phs002713.v1.p1,Shu Hui Chen,RADx,Yes,Matthew Kreuter,Released,Processing Status
Rapid Acceleration of Diagnostics - Underserved Populations (RADx-UP): COVID-19 Testing in Underserved and Vulnerable Populations Receiving Care in San Diego Community Health,phs002869.v1.p1,Shu Hui Chen,RADx,Yes,Martinez Maria,Released,Processing Status
Rapid Acceleration of Diagnostics - Underserved Populations (RADx-UP): Implementation Science Center in Cancer Control Equity: A Competitive Revision to Accelerate COVID Testing in Vulnerable Communities - Project 08,phs002872.v1.p1,Shu Hui Chen,RADx,Yes,Karen Emmons,Released,Processing Status
"Rapid Acceleration of Diagnostics - Underserved Populations (RADx-UP): Evidence-based Interventions Individual, Community, and Structural Factors That Predict Lower Rates of Covid-19 Screening Testing in Underserved and Vulnerable Populations",phs003057.v1.p1,Shu Hui Chen,RADx,Yes,Jan Carney,Released,Processing Status
Rapid Acceleration of Diagnostics - Underserved Populations (RADx-UP): Increasing COVID-19 vaccine uptake through a patient navigation intervention among underserved populations,phs003544.v1.p1,Shu Hui Chen,RADx,Yes,Hala Madanat,Released,Processing Status
Systematic Mapping and Prediction of Gene-Enhancer Connections,phs002134.v1.p1,Sharna Tingle,,,Jesse Engreitz,Completed by GPA,Processing Status
Evolution of New Regulatory Networks via Genetic Arms Races between KRAB Zinc Finger Proteins and Retrotransposons,phs002135.v1.p1,Sharna Tingle,,,Sofie Salama,Completed by GPA,Processing Status
Biomarker Analysis of Lymphoma and Lymphoproliferative Diseases,phs002967.v1.p1,Kathleen Calzone,,,Elaine Jaffe,Completed by GPA,Processing Status
Multicenter Histology Image Integration for Machine Learning-Enabled Pediatric Sarcoma Classification,phs004596.v1.p1,Sean Burke,,Yes,Jill Rubinstein,Completed by GPA,Processing Status
Epidemiologic Study of Hepatocellular Carcinoma in the US,,Emilie Charlisse Caga-Anan,,,Herbert Yu,Awaiting GPA's Approval,Processing Status
TMZ Microdialysis,,Kathleen Calzone,,,,Awaiting GPA's Approval,Processing Status
Tissue Procurement and Natural History Study of Neurendocrine Neoplasms (NENs) including Adenocortical Carcinoma (ACC),,Kathleen Calzone,,,Jaydira Del Rivero,Awaiting GPA's Approval,Processing Status
Transcriptomic profiling of metastatic adrenocortical carcinoma (ACC) tumors,,Kathleen Calzone,,,Jaydira Del Rivero,Awaiting GPA's Approval,Processing Status
Studies of the initiation and progression of small cell lung cancer using cells derived by differentiation from human pluripotent stem cells,,Claire Zhu,,,Harold Varmus,Completed by GPA,Processing Status
Expanding the Encyclopedia of DNA Elements (ENCODE) in the Human and Mouse,,Sharna Tingle,,,Michael Snyder,Completed by GPA,Processing Status
Defined cellular reprogramming of androgen receptor-active prostate cancer to neuroendocrine prostate cancer,,Justin Benavidez,,,John Lee,Completed by GPA,Processing Status
Identification of germline variants in complex I subunits in oncocytic carcinoma of the thyroid,,Justin Benavidez,,,David McFadden,Completed by GPA,Processing Status
Scalable and Accurate Polygenic Risk Profiling with Low-pass Whole Genome Sequencing,,Sharna Tingle,,,Pickrell Joseph,Completed by GPA,Processing Status
Network Analysis Identifies Mitochondrial Regulation of Epidermal Differentiation by MPZL3 and FDXR,,Aneliya Velkova,,,Paul Khavari,Incomplete,Processing Status
Molecular mechanisms of SCLC initiation and detection in mice and humans,,Claire Zhu,,,Mark Krasnow,Incomplete,Processing Status
The Boston Lung Cancer Survival Cohort,,Emilie Charlisse Caga-Anan,,,David Christiani,Incomplete,Processing Status
Molecular Classification of High Grade Endometrial Cancers: Extending TCGA Findings to a Diverse Pop,,Emilie Charlisse Caga-Anan,,,Michele Cote,Incomplete,Processing Status
(PQ3) Immune epigenetic biomarkers of bladder cancer outcomes,,Emilie Charlisse Caga-Anan,,,Brock Christensen,Incomplete,Processing Status
Comprehensive characterization of prostate stromal gene expression and association with lethal prostate cancer,,Emilie Charlisse Caga-Anan,,,Brenda Birmann,Incomplete,Processing Status
Molecular and clinical evaluation of the glioma patient experience to anticipate modern outcomes and guide patient care,,Emilie Charlisse Caga-Anan,,,Laila Poisson,Incomplete,Processing Status
Oral Microbiome and Lung Cancer Risk,,Emilie Charlisse Caga-Anan,,,Qiuyin Cai,Incomplete,Processing Status
"Colorectal cancer risk loci: GWAS, fine-mapping, and functional analysis",,Emilie Charlisse Caga-Anan,,,Wei Zheng,Incomplete,Processing Status
Identifying causal variants and genes underlying breast cancer risk loci,,Emilie Charlisse Caga-Anan,,,Matthew Freedman,Incomplete,Processing Status
Epidemiology and biology of lncRNAs in ovarian cancer,,Emilie Charlisse Caga-Anan,,,Peter Kanetsky,Incomplete,Processing Status
Genomic and Transcriptomic Analysis of Breast and Ovarian Cancers,,Emilie Charlisse Caga-Anan,,,Joellen Schildkraut,Incomplete,Processing Status
Determinants of pancreatic cancer and malignant melanoma phenotypes in CDKN2A hereditary kindreds,,Emilie Charlisse Caga-Anan,,,Gloria Petersen,Incomplete,Processing Status
Genomic Prediction of Doxorubicin-Induced Cardiotoxicity,,Emilie Charlisse Caga-Anan,,,Paul Burridge,Incomplete,Processing Status
Mentoring and Research in Cancer Stem Cells,,Mariam Eljanne,,,William Matsui,Incomplete,Processing Status
The Role of Inflammation in the Racial Disparities in Ovarian Cancer Survival,,Mariam Eljanne,,,Lauren Peres,Incomplete,Processing Status
Single cell epigenomics in cancer immunity and immunotherapy,,Mariam Eljanne,,,Ansuman Satpathy,Incomplete,Processing Status
Noninvasive Risk Stratification of Prostate Cancer Using Cell-Free Nucleic Acids,,Mariam Eljanne,,,Wei Gu,Incomplete,Processing Status
The role of neutrophils in pancreatic cancer pre-metastatic and metastatic niche formation,,Mariam Eljanne,,,Samer Hanna,Incomplete,Processing Status
"Social Environmental Factors, DNA methylation, and breast cancer survival among African American women: a bio-socially integrated approach",,Mariam Eljanne,,,Jesse Plascak,Incomplete,Processing Status
Epigenomic and transcriptomic markers of aggressive prostate cancer among African American men,,Mariam Eljanne,,,Kathryn Barry,Incomplete,Processing Status
Role of ATM Germline Mutations in Clonal Hematopoiesis of Indeterminate Potential,,Mariam Eljanne,,,Thomas Slavin,Incomplete,Processing Status
"A Phase I Single-Arm Study of the Combination of Durvalumab (MEDI4736) and Vicinium (oportuzumab monatox, VB4-845) in Subjects with High-Grade Non-Muscle-Invasive Bladder Cancer Previously Treated with BCG",,Kathleen Calzone,,,Piyush Agarwal,Incomplete,Processing Status
Care of the Urothelial Cancer Patient and Prospective Collection of Biospecimens from Healthy Volunteers and Urothelial Cancer Patients,,Kathleen Calzone,,,Piyush Agarwal,Incomplete,Processing Status
Vaccine and BCG for Bladder Cancer,,Kathleen Calzone,,,Piyush Agarwal,Incomplete,Processing Status
MB-100 + Abrx in PDA,,Kathleen Calzone,,,Christine Alewine,Incomplete,Processing Status
Bay/Bev Phase II,,Kathleen Calzone,,,Christina Annunziata,Incomplete,Processing Status
Phase I Trial of Dasatinib+Bev,,Kathleen Calzone,,,Christina Annunziata,Incomplete,Processing Status
Metformin in Li-Fraumeni,,Kathleen Calzone,,,Christina Annunziata,Incomplete,Processing Status
Tissue Acquisition and Genomics Analysis of Breast and Other Gynecologic Malignancies,,Kathleen Calzone,,,Christina Annunziata,Incomplete,Processing Status
"A Phase 1 Study of Intraperitoneal MCY-M11 Therapy for Women with Platinum Resistant High Grade Serous Adenocarcinoma of the Ovary, Primary Preitoneum, or Fallopian Tube, or Subjects with Peritoneal Mesothelioma with Recurrence After Prior Chemotherapy",,Kathleen Calzone,,,Christina Annunziata,Incomplete,Processing Status
"A Phase 1/2, Multicenter, Single-Arm, Open-Label, Dose-Escalation Study of Birinapant in Combination with Pembrolizumab (KEYTRUDA) with Relapsed or Refractory Solid Tumors",,Kathleen Calzone,,,Christina Annunziata,Incomplete,Processing Status
COXEN,,Kathleen Calzone,,,Andrea Apolo,Incomplete,Processing Status
Lenalidomide in solid tumors,,Kathleen Calzone,,,Andrea Apolo,Incomplete,Processing Status
Phase 2 cabazitaxel in UC,,Kathleen Calzone,,,Andrea Apolo,Incomplete,Processing Status
A Phase 1 Study of Cabozantinib plus Nivolumab (CaboNivo) Alone or in Combination with Ipilimumab (CaboNivoIpi) in Patients with Advanced/Metastatic Urothelial Carcinoma and other Genitourinary Tumors,,Kathleen Calzone,,,Andrea Apolo,Incomplete,Processing Status
XL184 in Urothelial Carcinoma,,Kathleen Calzone,,,Andrea Apolo,Incomplete,Processing Status
Ph 3 Adj Pembro in Bladder Ca,,Kathleen Calzone,,,Andrea Apolo,Incomplete,Processing Status
A Phase II Study of Olaparib in Patients with Metastatic/Advanced Urothelial Carcinoma with DNA-Repair Defects,,Kathleen Calzone,,,Andrea Apolo,Incomplete,Processing Status
Exploring Outcomes and Risk in Patients with Rare Central Nervous System Tumors,,Kathleen Calzone,,,Terri Armstrong,Incomplete,Processing Status
MSB0010718C in Merkel Cell Ca,,Kathleen Calzone,,,Isaac Brownell,Incomplete,Processing Status
Histopath of Merkel cell CA,,Kathleen Calzone,,,Isaac Brownell,Incomplete,Processing Status
Merkel Cell Specimens,,Kathleen Calzone,,,Isaac Brownell,Incomplete,Processing Status
Exploring the Genomic Landscape of Inducible Pluripotent Stem Cells from Racially Diverse Donors,,Kathleen Calzone,,,Jung Shin Byun,Incomplete,Processing Status
Lymphoma Profiling,,Kathleen Calzone,,,Katherine Calvo,Incomplete,Processing Status
COLL PERIPH BLOOD-URINE,,Kathleen Calzone,,,Kevin Camphausen,Incomplete,Processing Status
Longitudinal Sample Collection and Tracking for the Developmental Therapeutics Clinic,,Kathleen Calzone,,,Alice Chen,Incomplete,Processing Status
NCI MATCH,,Kathleen Calzone,,,Alice Chen,Incomplete,Processing Status
Ph II ABT-888 Cyclophosphamide,,Kathleen Calzone,,,Alice Chen,Incomplete,Processing Status
Ph I/II TRC102 Temozolomide,,Kathleen Calzone,,,Alice Chen,Incomplete,Processing Status
PhII Vorinostat ACC,,Kathleen Calzone,,,Alice Chen,Incomplete,Processing Status
PhII PF-03084014 Desmoids,,Kathleen Calzone,,,Alice Chen,Incomplete,Processing Status
PhII Cediranib Sunitinib/ASPS,,Kathleen Calzone,,,Alice Chen,Incomplete,Processing Status
Ph II AZD2171 in ASPS,,Kathleen Calzone,,,Alice Chen,Incomplete,Processing Status
Phase I Z-Endoxifen,,Kathleen Calzone,,,Alice Chen,Incomplete,Processing Status
Thyroid Hormone Nuclear Receptors in Health and Disease,,Kathleen Calzone,,,Sheue-Yann Cheng,Incomplete,Processing Status
Prostate Cancer Imaging,,Kathleen Calzone,,,Peter Choyke,Incomplete,Processing Status
MRI & Molecular signature,,Kathleen Calzone,,,Peter Choyke,Incomplete,Processing Status
"A Phase I Trial of Highly Conformal, Hypofractionated, Focally Dose Escalated Post-Prostatectomy Radiotherapy",,Kathleen Calzone,,,Deborah Citrin,Incomplete,Processing Status
SBRT for Recurrent Prostate CA,,Kathleen Calzone,,,Deborah Citrin,Incomplete,Processing Status
Ruxolitinib for ATL,,Kathleen Calzone,,,Kevin Conlon,Incomplete,Processing Status
Nivolumab for ATLL,,Kathleen Calzone,,,Kevin Conlon,Incomplete,Processing Status
Anakinra in Pustular Dermatoses,,Kathleen Calzone,,,Edward Cowen,Incomplete,Processing Status
ART-P for mCRPC,,Kathleen Calzone,,,William Dahut,Incomplete,Processing Status
Exceptional Responders,,Kathleen Calzone,,,William Dahut,Incomplete,Processing Status
Phase I/II XL184 in mCRPC,,Kathleen Calzone,,,William Dahut,Incomplete,Processing Status
AMG386 and abiraterone in CRPC,,Kathleen Calzone,,,William Dahut,Incomplete,Processing Status
Genome wide profiling of histone variants in tumors,,Kathleen Calzone,,,Yamini Dalal,Incomplete,Processing Status
HIGH RISK BRST DUCT EPITHELIUM,,Kathleen Calzone,,,David Danforth,Incomplete,Processing Status
Profiling of Gastric Tumors,,Kathleen Calzone,,,Jeremy Davis,Incomplete,Processing Status
Hereditary Gastric Cancer,,Kathleen Calzone,,,Jeremy Davis,Incomplete,Processing Status
ACC Natural History Study,,Kathleen Calzone,,,Jeremy Davis,Incomplete,Processing Status
Surg Onc Tissue Procurement,,Kathleen Calzone,,,Jeremy Davis,Incomplete,Processing Status
BRCA1 and BRCA2 Mutations and Triple Negative Disease in Hispanic/Latino Breast Cancer Subjects,,Kathleen Calzone,,,Michael Dean,Incomplete,Processing Status
Tissue Procurement Protocol - Doroshow,,Kathleen Calzone,,,James Doroshow,Incomplete,Processing Status
MDR Analysis on non-NCI Samples,,Kathleen Calzone,,,William Figg,Incomplete,Processing Status
Blood Prostate Cancer,,Kathleen Calzone,,,William Figg,Incomplete,Processing Status
Collection of Tissue Blocks or Slides from Patients with Cancer,,Kathleen Calzone,,,William Figg,Incomplete,Processing Status
DMET genotyping of cancer pts,,Kathleen Calzone,,,William Figg,Incomplete,Processing Status
Patient Samples - Figg,,Kathleen Calzone,,,William Figg,Incomplete,Processing Status
Molecular linkages between epigenetic regulation and metabolism in breast cancer,,Kathleen Calzone,,,Kevin Gardner,Incomplete,Processing Status
Mechanisms of Transcriptional Control by p300,,Kathleen Calzone,,,Kevin Gardner,Incomplete,Processing Status
Programming T Cell Fates for Therapeutic Use,,Kathleen Calzone,,,Luca Gattinoni,Incomplete,Processing Status
"Phase II Clinical Trial of Marizomib for Recurrent Low-Grade and Anaplastic Supratentorial, Infratentorial and Spinal Cord Ependymoma",,Kathleen Calzone,,,Mark Gilbert,Incomplete,Processing Status
Nivolumab Rare CNS Cancers,,Kathleen Calzone,,,Mark Gilbert,Incomplete,Processing Status
Natural History Banking,,Kathleen Calzone,,,Mark Gilbert,Incomplete,Processing Status
Lacosamide seizure prophylaxis,,Kathleen Calzone,,,Mark Gilbert,Incomplete,Processing Status
Ph II Recurrent Ependymoma,,Kathleen Calzone,,,Mark Gilbert,Incomplete,Processing Status
NOB Natural History Study,,Kathleen Calzone,,,Mark Gilbert,Incomplete,Processing Status
PH I/II Bev Vorinostat GBM,,Kathleen Calzone,,,Mark Gilbert,Incomplete,Processing Status
"A randomized, double blind phase II trial of Surgery, Radiation Therapy plus Temozolomide and Pembrolizumab with and without HSPPC-96 in newly diagnosed Glioblastoma (GBM)",,Kathleen Calzone,,,Mark Gilbert,Incomplete,Processing Status
"Phase 1 Study of a Combination of the PARP Inhibitor, Niraparib and Temozolomide or Irinotecan in Patients with Previously Treated, Incurable Ewing Sarcoma",,Kathleen Calzone,,,John Glod,Incomplete,Processing Status
PhII SGI110 in Peds & Adults,,Kathleen Calzone,,,John Glod,Incomplete,Processing Status
Ph2.5 Saracatinib in Osteosarcoma of Lung,,Kathleen Calzone,,,John Glod,Incomplete,Processing Status
PhI niraparib/temozolomide,,Kathleen Calzone,,,John Glod,Incomplete,Processing Status
A Multicenter Phase II Study of Enhancement of Immune Reconstitution and Vaccine Responses with Administration of Glyco-recombinant Human IL-7 in Older Subjects Following Chemotherapy,,Kathleen Calzone,,,Ronald Gress,Incomplete,Processing Status
Immune Checkpoint Inhibition,,Kathleen Calzone,,,Tim Greten,Incomplete,Processing Status
Pexa-Vec in Colorectal Cancer,,Kathleen Calzone,,,Tim Greten,Incomplete,Processing Status
Gene Expression Studies in HCC,,Kathleen Calzone,,,Tim Greten,Incomplete,Processing Status
AMP224 SBRT Met Colorectal Ca,,Kathleen Calzone,,,Tim Greten,Incomplete,Processing Status
Gut Microbiota in HCC,,Kathleen Calzone,,,Tim Greten,Incomplete,Processing Status
TRC105 in HCC,,Kathleen Calzone,,,Tim Greten,Incomplete,Processing Status
Acquisition of Blood and Tumor Tissue Samples from Patients with Gastrointestinal Cancer,,Kathleen Calzone,,,Tim Greten,Incomplete,Processing Status
"Belinostat, CDDP, VP-16 in SCLC",,Kathleen Calzone,,,Tim Greten,Incomplete,Processing Status
Sorafenib and TRC105 in HCC,,Kathleen Calzone,,,Tim Greten,Incomplete,Processing Status
"antiPDL1, antiCTLA4 & Radiation",,Kathleen Calzone,,,Tim Greten,Incomplete,Processing Status
CAPOX Pembrolizumab in BTC,,Kathleen Calzone,,,Tim Greten,Incomplete,Processing Status
MK-3475 MSI Tumors,,Kathleen Calzone,,,Tim Greten,Incomplete,Processing Status
A Natural History Study of Children and Adults with Fibrolamellar Hepatocellular Carcinoma,,Kathleen Calzone,,,Tim Greten,Incomplete,Processing Status
"Phase II Study of Nivolumab (anti-PD1), Tadalafil and Oral Vancomycin in Patients with Refractory Primary Hepatocellular Carcinoma or Liver Dominant Metastatic Cancer from Colorectal or Pancreatic Cancers",,Kathleen Calzone,,,Tim Greten,Incomplete,Processing Status
Phase I MGAH22,,Kathleen Calzone,,,Udayan Guha,Incomplete,Processing Status
Natural history of lung cancer,,Kathleen Calzone,,,Udayan Guha,Incomplete,Processing Status
Ph I/II Neoadj PIN Prostate CA,,Kathleen Calzone,,,James Gulley,Incomplete,Processing Status
Ph Ib Avelumab with NHS-IL12,,Kathleen Calzone,,,James Gulley,Incomplete,Processing Status
MSB0011359C in solid tumors,,Kathleen Calzone,,,James Gulley,Incomplete,Processing Status
Crolibulin & cisplatin in ATC,,Kathleen Calzone,,,James Gulley,Incomplete,Processing Status
Biospecimen Acquisition,,Kathleen Calzone,,,James Gulley,Incomplete,Processing Status
Avelumab in solid tumors,,Kathleen Calzone,,,James Gulley,Incomplete,Processing Status
Function of Steroid Receptors in Subcellular Compartments,,Kathleen Calzone,,,Gordon Hager,Incomplete,Processing Status
Chromatin Structure and Gene Expression,,Kathleen Calzone,,,Gordon Hager,Incomplete,Processing Status
"DNA repair, p53 and apoptosis in lung cancer",,Kathleen Calzone,,,Curtis Harris,Incomplete,Processing Status
Molecular characterization of Ulcerative Colitis and Crohn's disease,,Kathleen Calzone,,,Curtis Harris,Incomplete,Processing Status
A Phase 2 Single-arm Study to Evaluate Safety and Efficacy of CRS- 207 with Pembrolizumab in Adults with Previously-Treated Malignant Pleural Mesothelioma,,Kathleen Calzone,,,Raffit Hassan,Incomplete,Processing Status
LMB-100 in Mesothelioma,,Kathleen Calzone,,,Raffit Hassan,Incomplete,Processing Status
CRS-207 in mesothelioma pts,,Kathleen Calzone,,,Raffit Hassan,Incomplete,Processing Status
Phase 2 Amatuximab,,Kathleen Calzone,,,Raffit Hassan,Incomplete,Processing Status
Tissue Procurement Protocol - Hassan,,Kathleen Calzone,,,Raffit Hassan,Incomplete,Processing Status
Ph 2 Olaparib in Mesothelioma,,Kathleen Calzone,,,Raffit Hassan,Incomplete,Processing Status
"An open-label, first-in-human, multi-center study to evaluate the safety, tolerability, pharmacokinetics and anti-tumor activity of a thorium-227 labeled antibody-chelator conjugate, BAY 2287411/18795 Injection, in patients with solid tumor",,Kathleen Calzone,,,Raffit Hassan,Incomplete,Processing Status
Long term follow-up of mesothelioma patients and their family members with germline mutations in BAP1 and other genes,,Kathleen Calzone,,,Raffit Hassan,Incomplete,Processing Status
"Perioperative MVT-5873, a fully human monoclonal antibody against a CA 19-9 epitope, for operable CA 19-9 producing pancreatic cancers, cholangiocarcinomas, and metastatic colorectal cancers.",,Kathleen Calzone,,,Jonathan Hernandez,Incomplete,Processing Status
Hepatic Artery Infusion Pump,,Kathleen Calzone,,,Jonathan Hernandez,Incomplete,Processing Status
Tumor infiltrating lymphocyte therapy for human papillomavirus-positive cancers,,Kathleen Calzone,,,Christian Hinrichs,Incomplete,Processing Status
HPV-16 E6 TCR,,Kathleen Calzone,,,Christian Hinrichs,Incomplete,Processing Status
ETIB Tissue Procurement,,Kathleen Calzone,,,Christian Hinrichs,Incomplete,Processing Status
Role of IKK alpha in lung cancer development,,Kathleen Calzone,,,Yinling Hu,Incomplete,Processing Status
"DNA Methylation in Gray Zone Lymphoma compared to Hodgkin Lymphoma, Primary Mediastinal Large Cell Lymphoma and Diffuse Large B-Cell Lymphoma.",,Kathleen Calzone,,,Elaine Jaffe,Incomplete,Processing Status
Lymphoma Disease Discovery and Definition,,Kathleen Calzone,,,Elaine Jaffe,Incomplete,Processing Status
A Phase I Clinical Trial of T-cells Targeting B-cell Maturation Antigen for Previously Treated Multiple Myeloma ,,Kathleen Calzone,,,James Kochenderfer,Incomplete,Processing Status
Phase II Trial of Allogeneic Hematopoietic Cell Transplantation for Disorders of T-cell Proliferation and/or Dysregulation,,Kathleen Calzone,,,Jennifer Kanakry,Incomplete,Processing Status
BMT for Primary Immunodeficiency,,Kathleen Calzone,,,Jennifer Kanakry,Incomplete,Processing Status
Biomarkers and Therapeutic Targets in Angiogenesis and Metastasis,,Kathleen Calzone,,,Rosandra Kaplan,Incomplete,Processing Status
Tumor Microenvironment in Cancer Progression,,Kathleen Calzone,,,Rosandra Kaplan,Incomplete,Processing Status
PhI/II PLX3397,,Kathleen Calzone,,,Rosandra Kaplan,Incomplete,Processing Status
"Carfilzomib, Lenalidomide, and Dexamethasone in High-Risk Smoldering Multiple Myeloma: a Clinical and Correlative Study",,Kathleen Calzone,,,Dickran Kazandjian,Incomplete,Processing Status
A Phase II Pilot Study of Avelumab in Combination with Hypofractionated Radiotherapy in Patients with Relapsed Refractory Multiple Myeloma,,Kathleen Calzone,,,Dickran Kazandjian,Incomplete,Processing Status
HIV genetics in blood of babies in South Africa who were infected in utero,,Kathleen Calzone,,,Mary Kearney,Incomplete,Processing Status
Investigating HIV genetics and Expression in vivo,,Kathleen Calzone,,,Mary Kearney,Incomplete,Processing Status
HIV genetics in blood and tissues,,Kathleen Calzone,,,Mary Kearney,Incomplete,Processing Status
Niclosamide for ACC,,Kathleen Calzone,,,Electron Kebebew,Incomplete,Processing Status
CUDC-907 for Thyroid Cancer,,Kathleen Calzone,,,Electron Kebebew,Incomplete,Processing Status
PANCREATIC LESIONS IN VHL,,Kathleen Calzone,,,Electron Kebebew,Incomplete,Processing Status
Oncogenomics,,Kathleen Calzone,,,Javed Khan,Incomplete,Processing Status
Identification of Novel Mutations In Pediatric Cancers,,Kathleen Calzone,,,Javed Khan,Incomplete,Processing Status
Comprehensive genomic analysis of pediatric normal and tumor tissues,,Kathleen Calzone,,,Javed Khan,Incomplete,Processing Status
Non-medullary thyroid cancer,,Kathleen Calzone,,,Joanna Klubo-Gwiezdzinska,Incomplete,Processing Status
T Cells Expressing a Fully-human Anti-CD30 Chimeric Antigen Receptor for Treating CD30-expressing Lymphomas,,Kathleen Calzone,,,James Kochenderfer,Incomplete,Processing Status
SLPI / PGRN in ovarian cancer,,Kathleen Calzone,,,Elise Kohn,Incomplete,Processing Status
Ovarian Cancer Proteomics,,Kathleen Calzone,,,Elise Kohn,Incomplete,Processing Status
Sequencing and Analysis of Human Skin Samples from Atopic Dermatitis Patients,,Kathleen Calzone,,,Heidi Kong,Incomplete,Processing Status
UVR/UVA Phototoxicity Testing,,Kathleen Calzone,,,Heidi Kong,Incomplete,Processing Status
Dermatology Biospecimens,,Kathleen Calzone,,,Heidi Kong,Incomplete,Processing Status
Treatment Effect on Microbiome,,Kathleen Calzone,,,Heidi Kong,Incomplete,Processing Status
DNA Repair in Human Cancer-Prone Genetic Diseases,,Kathleen Calzone,,,Kenneth Kraemer,Incomplete,Processing Status
Cancer In XP Heterozygotes,,Kathleen Calzone,,,Kenneth Kraemer,Incomplete,Processing Status
A Phase I study of Moxetumomab pasudotox (Lumoxiti™) and Rituximab (Rituxan®) for Relapsed Hairy Cell Leukemia,,Kathleen Calzone,,,Robert Kreitman,Incomplete,Processing Status
Development of Recombinant Toxins to Treat Hematologic Malignancies,,Kathleen Calzone,,,Robert Kreitman,Incomplete,Processing Status
Samples for HCL & toxin study,,Kathleen Calzone,,,Robert Kreitman,Incomplete,Processing Status
Long-Term Specimen Storage,,Kathleen Calzone,,,Jung-Min Lee,Incomplete,Processing Status
Phase I/II MEDI+O and MEDI+C,,Kathleen Calzone,,,Jung-Min Lee,Incomplete,Processing Status
LY Chk1/2 Inhibitor,,Kathleen Calzone,,,Jung-Min Lee,Incomplete,Processing Status
NRG-GY005 COCOS,,Kathleen Calzone,,,Jung-Min Lee,Incomplete,Processing Status
"BMN 673, PARPi after PARPi",,Kathleen Calzone,,,Jung-Min Lee,Incomplete,Processing Status
Cediranib & Olaparib combined,,Kathleen Calzone,,,Jung-Min Lee,Incomplete,Processing Status
Ph 1 PKPD 2281 and carboplatin,,Kathleen Calzone,,,Jung-Min Lee,Incomplete,Processing Status
Phase I AZD2281+carboplatin,,Kathleen Calzone,,,Jung-Min Lee,Incomplete,Processing Status
ETCTN 9825 Olaparib Cediranib,,Kathleen Calzone,,,Jung-Min Lee,Incomplete,Processing Status
"Phase IIB Study of Cediranib and Olaparib Combination in Women with Recurrent Platinum Resistant Epithelial Ovarian Cancer, Fallopian Tubal and/or Primary Peritoneal Cancer without Germline BRCA Mutation, who had Prior Bevacizumab",,Kathleen Calzone,,,Jung-Min Lee,Incomplete,Processing Status
BIRT HOGG-DUBE SYNDROME,,Kathleen Calzone,,,Jung-Min Lee,Incomplete,Processing Status
Inherited Urologic Cancer,,Kathleen Calzone,,,William Linehan,Incomplete,Processing Status
HLRCC,,Kathleen Calzone,,,William Linehan,Incomplete,Processing Status
VT-464 in prostate & breast ca,,Kathleen Calzone,,,Ravi Madan,Incomplete,Processing Status
Docetaxel & PROSTVAC in mCSPC,,Kathleen Calzone,,,Ravi Madan,Incomplete,Processing Status
Clinical Interventional Studies of HIV Reservoirs,,Kathleen Calzone,,,Frank Maldarelli,Incomplete,Processing Status
Oral cGVHD Natural History,,Kathleen Calzone,,,Jacqueline Mays,Incomplete,Processing Status
"Immunogenetics of HIV/AIDS, cancers and other diseases",,Kathleen Calzone,,,Daniel McVicar,Incomplete,Processing Status
Host genetic effects CMV LSOCA,,Kathleen Calzone,,,Daniel McVicar,Incomplete,Processing Status
Functional impact of long non-coding RNA expression on HIV control,,Kathleen Calzone,,,Daniel McVicar,Incomplete,Processing Status
Genetics of HLA/KIR and Dengue Fever,,Kathleen Calzone,,,Daniel McVicar,Incomplete,Processing Status
Pilot Study of Idiotype Vaccine and EPOCH-Rituximab Chemotherapy in Untreated Mantle Cell,,Kathleen Calzone,,,Christopher Melani,Incomplete,Processing Status
"Phase 1b Study of Venetoclax, Ibrutinib, Prednisone, Obinutuzumab, and Revlimid (ViPOR) in Relapsed/Refractory B-cell Lymphoma",,Kathleen Calzone,,,Christopher Melani,Incomplete,Processing Status
Assessment of Genomic Variation in Osteosarcoma,,Kathleen Calzone,,,Paul Meltzer,Incomplete,Processing Status
Genomic Variation in Osteosarcoma,,Kathleen Calzone,,,Paul Meltzer,Incomplete,Processing Status
A Phase 1 Study of Interleukin-15 in Combination with Avelumab (Bavencio) in Relapsed/Refractory Mature T-cell Malignancies,,Kathleen Calzone,,,Milos Miljkovic,Incomplete,Processing Status
Pilot Tral of Human IL-15 (rhIL-15) and obinutuzumab for refractory and relapsed chronic lymphocytic leukemia (CLL),,Kathleen Calzone,,,Milos Miljkovic,Incomplete,Processing Status
Relationship between DNA damage detection and signaling,,Kathleen Calzone,,,Andre Nussenzweig,Incomplete,Processing Status
DNA repair,,Kathleen Calzone,,,Andre Nussenzweig,Incomplete,Processing Status
Investigating the link between DNA damage (Commercial cell line),,Kathleen Calzone,,,Philipp Oberdoerffer,Incomplete,Processing Status
"Investigating the link between DNA damage, chromatin and nuclear dysfunction",,Kathleen Calzone,,,Philipp Oberdoerffer,Incomplete,Processing Status
Epigenetic regulation of alternative pre-mRNA splicing,,Kathleen Calzone,,,Shalini Oberdoerffer,Incomplete,Processing Status
LTFU Stem Cell Transplant,,Kathleen Calzone,,,Steven Pavletic,Incomplete,Processing Status
Palifermin dose escalation,,Kathleen Calzone,,,Steven Pavletic,Incomplete,Processing Status
Natural Hx of Chronic GVHD,,Kathleen Calzone,,,Steven Pavletic,Incomplete,Processing Status
"To identify susceptibility markers, genomic alterations, and mRNA and micro RNA expression profiles associated with pancreatic cancer development and progression",,Kathleen Calzone,,,Syed Perwez Hussain,Incomplete,Processing Status
Topical ruxolitinib in cGVHD,,Kathleen Calzone,,,Dominique Pichard,Incomplete,Processing Status
Prostate Ca Tissue Procurement,,Kathleen Calzone,,,Peter Pinto,Incomplete,Processing Status
Pilot Study of Avelumab in TET,,Kathleen Calzone,,,Arun Rajan,Incomplete,Processing Status
Ph 1 SNX-5422 + Everolimus,,Kathleen Calzone,,,Arun Rajan,Incomplete,Processing Status
PDX101 & chemo-thymoma/thymic,,Kathleen Calzone,,,Arun Rajan,Incomplete,Processing Status
A Phase I/II Hyperacute Lung,,Kathleen Calzone,,,Arun Rajan,Incomplete,Processing Status
Genotypes in lung cancer,,Kathleen Calzone,,,Arun Rajan,Incomplete,Processing Status
Pomalidomide doxorubicin in KS,,Kathleen Calzone,,,Ramya Ramaswami,Incomplete,Processing Status
"Molecular, Cellular and Genetic Analyses of Malignancies Associated with NF1",,Kathleen Calzone,,,Karlyne Reilly,Incomplete,Processing Status
iPSC derived T Cells,,Kathleen Calzone,,,Nicholas Restifo,Incomplete,Processing Status
Molecular alterations in inflammatory bowel disease associated intestinal tumorigenesis,,Kathleen Calzone,,,Thomas Ried,Incomplete,Processing Status
(1) Phenotypic and genomic characterization of newly established cell lines and corresponding primary tumors and (2) Tumor Heterogeneity in Response to Radiochemotherapy in Patients with Colorectal Cancer,,Kathleen Calzone,,,Thomas Ried,Incomplete,Processing Status
Genomic instability of recurring and non-recurring low-grade colorectal adneomas,,Kathleen Calzone,,,Thomas Ried,Incomplete,Processing Status
Detection of Genomic Aberrations in Breast Cancers with long-term follow-up using sequencing and Multiplex FISH,,Kathleen Calzone,,,Thomas Ried,Incomplete,Processing Status
gp120/gp140 comparative boost study,,Kathleen Calzone,,,Marjorie Guroff,Incomplete,Processing Status
Mucosal-Systemic Study,,Kathleen Calzone,,,Marjorie Guroff,Incomplete,Processing Status
A Phase 2 Study of Response-Adapted Therapy with Copanlisib and Rituxumab in Untreated Follicular Lymphoma,,Kathleen Calzone,,,Mark Roschewski,Incomplete,Processing Status
A Phase 1/2 Proof-of-Concept Study of the Combination of Acalabrutinib and Vistusertib in Subjects with Relapsed/Refractory B-cell Malignancies,,Kathleen Calzone,,,Mark Roschewski,Incomplete,Processing Status
Pembro in R/R GZL and DLBCL,,Kathleen Calzone,,,Mark Roschewski,Incomplete,Processing Status
Clonal evolution in FL,,Kathleen Calzone,,,Mark Roschewski,Incomplete,Processing Status
A Phase 1b/2 Trial of Hu5F9-G4 in Combination with Rituximab in Patients with Relapsed/Refractory B-cell Non-Hodgkin's Lymphoma,,Kathleen Calzone,,,Mark Roschewski,Incomplete,Processing Status
Phase 2 Trial of Nivolumab in Epstein-Barr Virus (EBV)-Positive Lymphoproliferative Disorders and EBV-Positive Non-Hodgkin Lymphomas,,Kathleen Calzone,,,Mark Roschewski,Incomplete,Processing Status
Natural History of MGUS/SMM,,Kathleen Calzone,,,Mark Roschewski,Incomplete,Processing Status
CRd in Newly Diagnosed MM,,Kathleen Calzone,,,Mark Roschewski,Incomplete,Processing Status
Revlimid maintenance for MM,,Kathleen Calzone,,,Mark Roschewski,Incomplete,Processing Status
Lymphoma Tissue,,Kathleen Calzone,,,Mark Roschewski,Incomplete,Processing Status
SHORT-COURSE THERAPY AIDS-NHL,,Kathleen Calzone,,,Mark Roschewski,Incomplete,Processing Status
DA-EPOCH-R in BL,,Kathleen Calzone,,,Mark Roschewski,Incomplete,Processing Status
A Phase 1/2 Proof-of-Concept Study of the Combination of ACP-196 and ACP-319 in Subjects with B-cell Malignancies,,Kathleen Calzone,,,Mark Roschewski,Incomplete,Processing Status
PRISM: A Platform Protocol for the Treatment of Relapsed/Refractory Agreessive non-Hodgkin's Lymphoma,,Kathleen Calzone,,,Mark Roschewski,Incomplete,Processing Status
Cell Harvest,,Kathleen Calzone,,,Mark Roschewski,Incomplete,Processing Status
A Phase 1B/II Single-arm Study of M7824 (MSB0011359C) in Combination with Gemcitabine in Adults with Previously Treated Advanced Adenocarcinoma of the Pancreas,,Kathleen Calzone,,,Mark Roschewski,Incomplete,Processing Status
A Phase II Study of Selumetinib (AZD6244) for the Treatment of Advanced Pancreas Cancer harboring KRAS G12R Mutations,,Kathleen Calzone,,,Udo Rudloff,Incomplete,Processing Status
A Phase I Study of Birinapant and Intensity Modulated Re-Irradiation Therapy (IMRRT) for Local-Regionally Recurrent Head and Neck Squamous Cell Carcinoma (HNSCC),,Kathleen Calzone,,,Vassiliki Saloura,Incomplete,Processing Status
"A randomized Phase 2 Trial of Durvalumab (MEDI4736) With or without SBRT in Clinical Stage I, II, and IIIA Non-Small Cell Lung Cancer",,Kathleen Calzone,,,David Schrump,Incomplete,Processing Status
DECITABINE/DEPSIPEPTIDE,,Kathleen Calzone,,,David Schrump,Incomplete,Processing Status
Profiling Thoracic Cancers,,Kathleen Calzone,,,David Schrump,Incomplete,Processing Status
Moxetumomab pasudotox,,Kathleen Calzone,,,Nirali Shah,Incomplete,Processing Status
Genomic characterization and development of therapies for Rhabdomyosarcoma,,Kathleen Calzone,,,John Shern,Incomplete,Processing Status
Genomic dissection of tumor heterogeneity and progression,,Kathleen Calzone,,,John Shern,Incomplete,Processing Status
An Open-Label Phase 2 Study to Evaluate PT2977 for the Treatment of Von Hippel-Lindau Disease-Associated Renal cell Carcinoma,,Kathleen Calzone,,,Ramaprasad Srinivasan,Incomplete,Processing Status
Bev/Erlotinib in Papillary RCC,,Kathleen Calzone,,,Ramaprasad Srinivasan,Incomplete,Processing Status
PT2385-202,,Kathleen Calzone,,,Ramaprasad Srinivasan,Incomplete,Processing Status
Genome expression,,Kathleen Calzone,,,Louis Staudt,Incomplete,Processing Status
Gene Expression in NF1,,Kathleen Calzone,,,Douglas Stewart,Incomplete,Processing Status
Pleuropulmonary Blastoma,,Kathleen Calzone,,,Douglas Stewart,Incomplete,Processing Status
Are APOL 1 renal risk alleles associated with prematurity or low birth weight?,,Kathleen Calzone,,,Jeffrey Strathern,Incomplete,Processing Status
Genetics of Complex Disease,,Kathleen Calzone,,,Jeffrey Strathern,Incomplete,Processing Status
Identification of host germline and somatic variations contributing to the development of hepatocellular carcinoma (HCC} in Southern China,,Kathleen Calzone,,,Jeffrey Strathern,Incomplete,Processing Status
Phase II Trial of M7824 in Subjects with HPV Associated Malignancies,,Kathleen Calzone,,,Julius Strauss,Incomplete,Processing Status
A Randomized Phase II trial of Standard of Care Alone or in Combination with Ad-CEA vaccine and Avelumab in Patients with Previously Untreated Metastatic Colorectal Cancer,,Kathleen Calzone,,,Julius Strauss,Incomplete,Processing Status
Safety Run-In and Phase II Trial of M7824 and Topotecan or Temozolomide in Relapsed Small Cell Lung Cancers,,Kathleen Calzone,,,Anish Thomas,Incomplete,Processing Status
Ph1/2 PEN-866 Adv Solid Tumors,,Kathleen Calzone,,,Anish Thomas,Incomplete,Processing Status
Ph I MM-398 plus Veliparib,,Kathleen Calzone,,,Anish Thomas,Incomplete,Processing Status
Topotecan + VX-970 in SCLC,,Kathleen Calzone,,,Anish Thomas,Incomplete,Processing Status
CRLX101 in lung cancer,,Kathleen Calzone,,,Anish Thomas,Incomplete,Processing Status
"Murine Microbiome in relation to genotype, treatment, and vendor",,Kathleen Calzone,,,Giorgio Trinchieri,Incomplete,Processing Status
Microbiota of Crohn's disease,,Kathleen Calzone,,,Giorgio Trinchieri,Incomplete,Processing Status
EovistÂ® MRI of Prostate Cancer,,Kathleen Calzone,,,Ismail Turkbey,Incomplete,Processing Status
The Acquisition of Blood and Skin Samples from Patient Volunteers to Support Research Activities on Dermatologic and Other Diseases,,Kathleen Calzone,,,Mark Udey,Incomplete,Processing Status
Standard Care Dermatology,,Kathleen Calzone,,,Mark Udey,Incomplete,Processing Status
Pembrolizumab in HIV+ cancer,,Kathleen Calzone,,,Thomas Uldrick,Incomplete,Processing Status
Tocilizumab in KSHV-MCD,,Kathleen Calzone,,,Thomas Uldrick,Incomplete,Processing Status
Evolution of Prostate Cancer Genome - CTCs,,Kathleen Calzone,,,David Vanderweele,Incomplete,Processing Status
IL-2:IL-15 cytokine receptor: implications for cancer therapy and vaccine,,Kathleen Calzone,,,Thomas Waldmann,Incomplete,Processing Status
INVEST OF HUMAN IMMUNE RESPONSE,,Kathleen Calzone,,,Thomas Waldman,Incomplete,Processing Status
Biomarkers for Liver Cancer,,Kathleen Calzone,,,Xin Wang,Incomplete,Processing Status
Exploratory Study of Biologic and Pathophysiologic Effects of Radiation Therapy,,Kathleen Calzone,,,Kathy Warren,Incomplete,Processing Status
Phase 1 Panobinostat,,Kathleen Calzone,,,Kathy Warren,Incomplete,Processing Status
PBTC-029,,Kathleen Calzone,,,Kathy Warren,Incomplete,Processing Status
An Exploratory Study of Biologic and Pathophysiologic Effects of Radiation Therapy in Pediatric Patients with Central Nervous System Tumors,,Kathleen Calzone,,,Kathy Warren,Incomplete,Processing Status
Molecular Analysis of Medullary Thyroid Carcinoma Tissues,,Kathleen Calzone,,,Samuel Wells,Incomplete,Processing Status
"Phase II Trial of Vandetanuib (ZD6474, Caprelsa(R)) in Children and Adults with Wild-Type Gastrointestinal Stromal Tumors",,Kathleen Calzone,,,Brigitte Widemann,Incomplete,Processing Status
Ph II selumetinib in NF1 GIST,,Kathleen Calzone,,,Brigitte Widemann,Incomplete,Processing Status
Phase I/II Mithramycin,,Kathleen Calzone,,,Brigitte Widemann,Incomplete,Processing Status
Nat Hx of PNs in NF1,,Kathleen Calzone,,,Brigitte Widemann,Incomplete,Processing Status
Vandetanib in Hereditary MTC,,Kathleen Calzone,,,Brigitte Widemann,Incomplete,Processing Status
PhII Selumetinib Biopsy,,Kathleen Calzone,,,Brigitte Widemann,Incomplete,Processing Status
NF1 Natural History study,,Kathleen Calzone,,,Brigitte Widemann,Incomplete,Processing Status
NF1 Transformation Evaluation,,Kathleen Calzone,,,Brigitte Widemann,Incomplete,Processing Status
NatHx Endo Neoplasia MTC,,Kathleen Calzone,,,Brigitte Widemann,Incomplete,Processing Status
Selumetinib in NF1 and cNF,,Kathleen Calzone,,,Brigitte Widemann,Incomplete,Processing Status
SARC031,,Kathleen Calzone,,,Brigitte Widemann,Incomplete,Processing Status
Ph2 MPNST RAD001 - SARC016,,Kathleen Calzone,,,Brigitte Widemann,Incomplete,Processing Status
Phase 2 Btk Inhibitor in DLBCL,,Kathleen Calzone,,,Wyndham Wilson,Incomplete,Processing Status
Btk Inhibitor in DLBCL,,Kathleen Calzone,,,Wyndham Wilson,Incomplete,Processing Status
HU1D10 RITUXIMAB LYMPHOMA CLL,,Kathleen Calzone,,,Wyndham Wilson,Incomplete,Processing Status
UCN-01 for Relapsed T-cell Lym,,Kathleen Calzone,,,Wyndham Wilson,Incomplete,Processing Status
R-CHOP v EPOCH-R for Untx DLCL,,Kathleen Calzone,,,Wyndham Wilson,Incomplete,Processing Status
EPOCH-RC in recurrent lymphoma,,Kathleen Calzone,,,Wyndham Wilson,Incomplete,Processing Status
FLUDARABINE TREATMENT,,Kathleen Calzone,,,Wyndham Wilson,Incomplete,Processing Status
Randomized Phase II Study of Dose-Adjusted EPOCH-Rituximab-Bortezomib Induction Followed by Bortezomib Maintenance versus Observation in Untreated Mantle Cell Lymphoma with Microarray Profiling and Proteomics,,Kathleen Calzone,,,Wyndham Wilson,Incomplete,Processing Status
EPOCH-RIL for relapsed DLBCL,,Kathleen Calzone,,,Wyndham Wilson,Incomplete,Processing Status
Ruxolitinib for DLBCL and PTCL,,Kathleen Calzone,,,Wyndham Wilson,Incomplete,Processing Status
Ph I/II TMZ+TG02 astrocytoma,,Kathleen Calzone,,,Jing Wu,Incomplete,Processing Status
A Phase II trial evaluating Nivolumab in patients with recurrent IDH-mutant gliomas with and without hypermutator phenotype,,Kathleen Calzone,,,Jing Wu,Incomplete,Processing Status
Laboratory and Clinical studies on T-cells recognizing NSCLC,,Kathleen Calzone,,,James Yang,Incomplete,Processing Status
Genomic Sequencing,,Kathleen Calzone,,,Robert Yarchoan,Incomplete,Processing Status
Sequencing of HIV+ Lymphomas,,Kathleen Calzone,,,Robert Yarchoan,Incomplete,Processing Status
"Collection of Blood, Bone Marrow, Tumor, or Tissue Samples from Patients with HIV Infection, KSHV Infection, Viral-related Pre-malignant Lesions, and/or Cancer",,Kathleen Calzone,,,Robert Yarchoan,Incomplete,Processing Status
Pomalidomide in Kaposi sarcoma,,Kathleen Calzone,,,Robert Yarchoan,Incomplete,Processing Status
Castleman's Disease,,Kathleen Calzone,,,Robert Yarchoan,Incomplete,Processing Status
Interacting Signaling Pathways that Initiate Squamous Cell Carcinogenesis,,Kathleen Calzone,,,Stuart Yuspa,Incomplete,Processing Status
Phase 2 Study of ONC201,,Kathleen Calzone,,,Alexandra Zimmer,Incomplete,Processing Status
TMZ in breast ca brain mets,,Kathleen Calzone,,,Alexandra Zimmer,Incomplete,Processing Status
Phase I/II study of T-DM1 alone versus T-DM1 and Metronomic Temozolomide in secondary prevention of HER2-positive breast cancer brain metastases following sterotactice radiosurgery,,Kathleen Calzone,,,Alexandra Zimmer,Incomplete,Processing Status
Natural History and Biospecimen Accrual Study for Children and Adults with Rare Solid Tumors,,Kathleen Calzone,,,Jaydira Del Rivero,Incomplete,Processing Status
Studying the biology of IDH-mutant gliomas via longitudinal observation of 2-hydroxyglutarate (2-HG) using MR spectroscopy,,Kathleen Calzone,,,Jing Wu,Incomplete,Processing Status
A Phase II Study of LMB-100 Followed by Pembrolizumab in the Treatment of Adults with Mesothelin-Expressing Non-Squamous Non-Small Cell Lung Cancer (NSCLC),,Kathleen Calzone,,,Azam Ghafoor,Incomplete,Processing Status
Phase II Trial of Combination Immunotherapy in Biochemically Recurrent Prostate Cancer,,Kathleen Calzone,,,Ravi Madan,Incomplete,Processing Status
A Phase 1/1b Study of Enhancement of Immune Reconstitution and Vaccine Responses with Administration of Recombinant Human IL-7-hyFc (NT-I7) in Older Subjects Following Chemotherapy,,Kathleen Calzone,,,Ronald Gress,Incomplete,Processing Status
Phase I/II Study De-intensifying Exposure of Post-transplantation Cyclophosphamide as GVHD Prophylaxis after HLA-haploidentical Hematopoietic Cell Transplantation for Hematologic Malignancies,,Kathleen Calzone,,,Christopher Kanakry,Incomplete,Processing Status
A Phase II Multi-Institutional Trial to Evaluate Prostate Specific Membrane Antigen (PMSA)-Based PET Imaging of High Risk Prostate Cancer,,Kathleen Calzone,,,William Dahut,Incomplete,Processing Status
"A Phase II Study of Combined Treatment of Durvalumab, Bevacizumab and Transarterial Chemoembolization (TACE) in Subjects with Hepatocellular Carcinoma (HCC)",,Kathleen Calzone,,,Tim Greten,Incomplete,Processing Status
Phase II Trial of Allogeneic Hematopoietic Cell Transplantation for Peripheral T cell Lymphoma,,Kathleen Calzone,,,Jennifer Kanakry,Incomplete,Processing Status
Bicalutamide with or without metformin for biochemical recurrence in prostate cancer patients (BIMET-1),,Kathleen Calzone,,,Marijo Bilusic,Incomplete,Processing Status
"Fifteen years of immunological follow-up of women who received one, two, and three doses of the bivalent HPV vaccine in the CVT (Costa Rican HPV-16/18 vaccine trial): Generating durability data: The ESCUDDO-CVT study",,Kathleen Calzone,,,Aimee Kreimer,Incomplete,Processing Status
Interactive Diet and Activity Tracking in AARP (iDATA): Biomarker Based Validation Study of Internet-Based and Conventional Self-Report Instruments for Assessing Diet and Physical Activity within AARP,,Kathleen Calzone,,,Kevin Dodd,Incomplete,Processing Status
Premenopausal Hormone Concentrations in a Population of Women at Very Low Risk of Breast Cancer,,Kathleen Calzone,,,Robert Hoover,Incomplete,Processing Status
"PHASE II STUDY OF IPILIMUMAB, CABOZANTINIB, AND NIVOLUMAB IN RARE GENITOURINARY CANCERS (ICONIC)",,Kathleen Calzone,,,Andrea Apolo,Incomplete,Processing Status
Phase I/II Study of Lu-177-DOTATATE (Lutathera) in Combination with Olaparib in Inoperable Gastroenteropancreatico Neuroendocrine Tumors (GEP-NET),,Kathleen Calzone,,,Frank Lin,Incomplete,Processing Status
Evaluation of the Natural History and Management of Von Hippel-Lindau (VHL) Associated Pancreatic Neuroendocrine Tumors,,Kathleen Calzone,,,Naris Nilubol,Incomplete,Processing Status
Biomarker Analysis of Central Nervous System Tumors,,Kathleen Calzone,,,Terri Armstrong,Incomplete,Processing Status
A Phase II Study of Neoadjuvant Androgen Deprivation Therapy Combined with Enzalutamide and Abiraterone Using Multiparametric MRI and 18F-DCFPyL-PET/CT in Newly Diagnosed Prostate Cancer,,Kathleen Calzone,,,William Dahut,Incomplete,Processing Status
A Phase 1/2 Single Arm Open-label Clinical Trial of TC-210 in Subjects with Advanced Mesothelin Expressing Cancer,,Kathleen Calzone,,,Raffit Hassan,Incomplete,Processing Status
"A Study of Temozolomide, Etoposide, Doxil, Dexamethasone, Ibrutinib, and Rituximab (TEDDI-R) in Aggressive B-cell Lymphomas with Secondary Involvement of the Central Nervous System (CNS)",,Kathleen Calzone,,,Mark Roschewski,Incomplete,Processing Status
A Phase 2 Study of Acalabrutinib with DA-EPOCH-R or R-CHOP for PAtients with Untreated Diffuse Large B-cell Lymphoma,,Kathleen Calzone,,,Mark Roschewski,Incomplete,Processing Status
Whole exome and transcriptome sequencing of SCLC tissue and cell free DNA samples to identify tumor heterogeneity,,Mariam Eljanne,,,Sameek Roychowdhury,Incomplete,Processing Status
test submission,,Emily Boja,,Yes,,Incomplete,Processing Status
Genetic Analysis of T-cell Differentiation,,Kathleen Calzone,,,Remy Bosselut,Incomplete,Processing Status
Immunological Landscape,,Kathleen Calzone,,,Christian Hinrichs,Incomplete,Processing Status
HSCT for VEXAS,,Kathleen Calzone,,,Dennis Hickstein,Incomplete,Processing Status
Biolen + Radiation,,Kathleen Calzone,,,Deborah Citrin,Incomplete,Processing Status
Ind Pt TCR-Transduced T-cells,,Kathleen Calzone,,,Steven Rosenberg,Incomplete,Processing Status
"A first-in-human phase I single-agent dose-escalation, food effect and dose expansion study of oral ONC206 in recurrent and rare primary central nervous system neoplasms",,Kathleen Calzone,,,Mark Gilbert,Incomplete,Processing Status
PROter,,Kathleen Calzone,,,Frank Lin,Incomplete,Processing Status
Targeted Rx in Advanced NETs,,Kathleen Calzone,,,Naris Nilubol,Incomplete,Processing Status
LAMPARA,,Kathleen Calzone,,,Jaydira Del Rivero,Incomplete,Processing Status
LOXO-292+Cabo or Vandetanib,,Kathleen Calzone,,,John Glod,Incomplete,Processing Status
Berzosertib + Topotecan SCLC,,Kathleen Calzone,,,Anish Thomas,Incomplete,Processing Status
Natural History ONB,,,,,Charalampos Floudas,Incomplete,Processing Status
"DAC-THU/Pembro: NSCLC, EsC, PM",,Kathleen Calzone,,,David Schrump,Incomplete,Processing Status
PCCT for BAP1 TPDS,,Kathleen Calzone,,,David Schrump,Incomplete,Processing Status
Apheresis Pts w/Immunodeficiency,,Kathleen Calzone,,,Dennis Hickstein,Incomplete,Processing Status
Alliance A021804,,Kathleen Calzone,,,Jaydira Del Rivero,Incomplete,Processing Status
ProAgio in solid malignancies,,Kathleen Calzone,,,Christine Alewine,Incomplete,Processing Status
ProAgio in solid malignancies,,Kathleen Calzone,,,Christine Alewine,Incomplete,Processing Status
IMMU132 + M6620,,Kathleen Calzone,,,Anish Thomas,Incomplete,Processing Status
CATCH Study,,Kathleen Calzone,,,Steven Pavletic,Incomplete,Processing Status
Allo Anti-CD19-CAR T cells,,Kathleen Calzone,,,James Kochenderfer,Incomplete,Processing Status
EDEN Study,,Kathleen Calzone,,,James Gulley,Incomplete,Processing Status
PLX038 and Rucaparib,,Kathleen Calzone,,,Anish Thomas,Incomplete,Processing Status
M7824 plus M9241 with SBRT,,Kathleen Calzone,,,Andrea Apolo,Incomplete,Processing Status
Phase 1 JNJ-63898081 Monotx,,Kathleen Calzone,,,James Gulley,Incomplete,Processing Status
PT-112 in TET,,Kathleen Calzone,,,Arun Rajan,Incomplete,Processing Status
BrEAsT Trial,,Kathleen Calzone,,,Fatima Karzai,Incomplete,Processing Status
IP and IV Paclitaxel for GC,,Kathleen Calzone,,,Jeremy Davis,Incomplete,Processing Status
M9241+HAIP,,Kathleen Calzone,,,Jonathan Hernandez,Incomplete,Processing Status
"PDL1 CAR-NK, plus N-803 & Pembro",,Kathleen Calzone,,,Jason Redman,Incomplete,Processing Status
Optimizing PTCy Dosing for Older or Unfit Patients,,Kathleen Calzone,,,Christopher Kanakry,Incomplete,Processing Status
Rare GU malignancies,,Kathleen Calzone,,,Andrea Apolo,Incomplete,Processing Status
ConQuEST,,Kathleen Calzone,,,James Gulley,Incomplete,Processing Status
RAdR for R/R TCM,,Kathleen Calzone,,,Milos Miljkovic,Incomplete,Processing Status
PII VR Primary Brain Tumors,,Kathleen Calzone,,,Terri Armstrong,Incomplete,Processing Status
GIST,,Kathleen Calzone,,,Andrew Blakely,Incomplete,Processing Status
PANTHERAS: Tazemetostat + Pembrolizumab in HNSCC,,Kathleen Calzone,,,Vassiliki Saloura,Incomplete,Processing Status
Neoadjuvant IO for HNSCC,,,,,Jason Redman,Incomplete,Processing Status
HCT for Heme Malig in HIV,,Kathleen Calzone,,,Jennifer Kanakry,Incomplete,Processing Status
Combo Immunotx in HPV Cancers,,Kathleen Calzone,,,Julius Strauss,Incomplete,Processing Status
Combo Immunotx in HPV Cancers,,Kathleen Calzone,,,Julius Strauss,Incomplete,Processing Status
CD19/CD22 CAR T-cell in Peds,,Kathleen Calzone,,,Nirali Shah,Incomplete,Processing Status
High Genetic Risk for CaP,,Kathleen Calzone,,,William Dahut,Incomplete,Processing Status
ViPOR-P in RR B-cell NHL,,Kathleen Calzone,,,Christopher Melani,Incomplete,Processing Status
Dabrafenib & Trametinib,,Kathleen Calzone,,,Robert Kreitman,Incomplete,Processing Status
RCT of CDH1 Surveillance,,Kathleen Calzone,,,Jeremy Davis,Incomplete,Processing Status
Lurbinectedin + berzosertib,,Kathleen Calzone,,,Anish Thomas,Incomplete,Processing Status
IL-15+Mogamulizumab,,Kathleen Calzone,,,Milos Miljkovic,Incomplete,Processing Status
VENOM in R/R B-Cell NHL,,Kathleen Calzone,,,Mark Roschewski,Incomplete,Processing Status
Abemaciclib in NF1-ANF,,Kathleen Calzone,,,Andrea Gross,Incomplete,Processing Status
Radium-223 in BRPC,,Kathleen Calzone,,,Ravi Madan,Incomplete,Processing Status
"M7824, M9241 and SBRT",,Kathleen Calzone,,,Udo Rudloff,Incomplete,Processing Status
Pembro and IL-2 in Melanoma and RCC,,Kathleen Calzone,,,Stephanie Goff,Incomplete,Processing Status
Anti-CD19 and anti-CD20 -CAR T cells,,Kathleen Calzone,,,James Kochenderfer,Incomplete,Processing Status
18F-DCFPyL in HCC,,Kathleen Calzone,,,Freddy Escorcia,Incomplete,Processing Status
Combo Immunotx in HPV OPSCC,,Kathleen Calzone,,,Charalampos Floudas,Incomplete,Processing Status
THREAD,,Kathleen Calzone,,,Christine Alewine,Incomplete,Processing Status
MRI + Genomics in Prostate AS,,Kathleen Calzone,,,Peter Pinto,Incomplete,Processing Status
Olaparib plus Durvalumab,,Kathleen Calzone,,,Anish Thomas,Incomplete,Processing Status
Natural History NENs,,Kathleen Calzone,,,Jaydira Del Rivero,Incomplete,Processing Status
BMS-986253 in MDS,,Kathleen Calzone,,,Steven Pavletic,Incomplete,Processing Status
QuICC Trial,,Kathleen Calzone,,,Julius Strauss,Incomplete,Processing Status
KSHV MCD,,Kathleen Calzone,,,Ramya Ramaswami,Incomplete,Processing Status
B and T immunity and COVID-19,,Kathleen Calzone,,,Robert Kreitman,Incomplete,Processing Status
BEST Trial,,Kathleen Calzone,,,Houssein Abdul Sater,Incomplete,Processing Status
Trametinib and HCQ in BTC,,Kathleen Calzone,,,Tim Greten,Incomplete,Processing Status
FHS computational analysis,,Kathleen Calzone,,,Alejandro Schaffer,Incomplete,Processing Status
Endocrine Tissue Analysis,,Kathleen Calzone,,,Naris Nilubol,Incomplete,Processing Status
Genomics in Prostate Cancer,,Kathleen Calzone,,,William Dahut,Incomplete,Processing Status
Copanlisib in BL,,Kathleen Calzone,,,Mark Roschewski,Incomplete,Processing Status
Taxol-Tasigna,,Kathleen Calzone,,,Andrew Blakely,Incomplete,Processing Status
COVID-19 NH study,,Kathleen Calzone,,,Fatima Karzai,Incomplete,Processing Status
Bintrafusp alpha in ONB,,Kathleen Calzone,,,Charalampos Floudas,Incomplete,Processing Status
test test 2,,Freddie Pruitt,,,Freddie Pruitt,Incomplete,Processing Status
Phase I/II Study De-identifying Exposure of Post-transplantation Cyclophosphamide as GVHD Prophylaxis after HLA-haploidentical Hematopoietic Cell Transplantation for Hematologic Malignancies,,Kathleen Calzone,,,Christopher Kanakry,Incomplete,Processing Status
Phase I of NT-17 (rhIL-7-hyFc) for the Treatment of Kaposi Sarcoma in Patients With or Without Infection with HIV,,Kathleen Calzone,,,Ramya Ramaswami,Incomplete,Processing Status
Natural History and Biospecimen Acquisition Protocol for Myelodysplastic Syndromes (MDS Natural History Protocol),,Kathleen Calzone,,,Kathy McGraw,Incomplete,Processing Status
A Dose-Escalation and Expansion Study of the Safety and Pharmacokinetics of XL092 as Single-Agent and Combination Therapy in Subjects with Inoperable Locally Advanced or Metastatic Solid Tumors,,Kathleen Calzone,,,Andrea Apolo,Incomplete,Processing Status
Imaging and Biopsy of HIV-Infected Individuals Undergoing Analytic Treatment Interruption,,Kathleen Calzone,,,Frank Maldarelli,Incomplete,Processing Status
Phase II Study of Olaparib in Subjects with Advanced Pancreatic Acinar Cell Carcinoma,,Kathleen Calzone,,,Christine Alewine,Incomplete,Processing Status
Phase I/II Trial to Determine the Lowest Effective Dose of Post-Transplantation Cyclophosphamide in Combination with Sirolimus and Mycophenolate Mofetil as Graft-Versus-Host Disease Prophylaxis after Reduced Intensity Conditioning and Peripheral Blood Ste,,Kathleen Calzone,,,Christopher Kanakry,Incomplete,Processing Status
"Phase 1/2 study of VIP152, Venetoclax, and Prednisone (VVIP) in Relapsed/Refractory Lymphoid Malignancies",,Kathleen Calzone,,,Christopher Melani,Incomplete,Processing Status
"A Phase III, Multicenter, International Study with a Parallel, Randomized, Double-blind, Placebo-controlled, 2 Arm Design to Assess the Efficacy and Safety of Selumetinib in Adult Participants with NF1 who have Symptomatic, Inoperable Plexiform Neurofibro",,Kathleen Calzone,,,Geraldine O'Sullivan Coyne,Incomplete,Processing Status
Omics of Cancer: OncoGenomics,,Kathleen Calzone,,,Javed Khan,Incomplete,Processing Status
A Phase I/II Study of Sacituzumab Govitecan plus Berzosertib in Small Cell Lung Cancer and Homologous Recombination-Deficient Cancers Resistant to PARP Inhibitors,,Kathleen Calzone,,,Anish Thomas,Incomplete,Processing Status
"A Phase I/II Trial of Allogeneic Reduced-Intensity, HLA-Haploidentical Bone Marrow Transplantation Followed by GVHD Prophylaxis with Cyclophosphamide, Bortezomib and Maraviroc for Hematologic Malignancies in People Living with HIV (PLWH)",,Kathleen Calzone,,,Jennifer Kanakry,Incomplete,Processing Status
The Impact of Immune Checkpoint Inhibition on the Outcomes of Metastatic Urothelial Small Cell Carcinoma,,Kathleen Calzone,,,Andrea Apolo,Incomplete,Processing Status
18F-DCFPyL PET/CT in High Risk and Recurrent Prostate Cancer,,Kathleen Calzone,,,Peter Choyke,Incomplete,Processing Status
A Phase 1 / 2 Single Arm Open-label Clinical Trial of Gavocabtagene Autoleucel (gavo-cel) in Patients with Advanced Mesothelin Expressing Cancer,,Kathleen Calzone,,,Raffit Hassan,Incomplete,Processing Status
Phase I/II Trial of HPV Vaccine PRGN-2009 Alone or in Combination with Anti-PD-L1/TGF-β trap (M7824) in Subjects with HPV Positive Cancers,,Kathleen Calzone,,,Charalampos Floudas,Incomplete,Processing Status
"Phase I/II Trial of the Combination of Bintrafusp Alfa (M7824), Entinostat and NHS-IL12 (M9241) in patients with advanced cancer (BEST Trial)",,Kathleen Calzone,,,Julius Strauss,Incomplete,Processing Status
Test Study NCI,,Grace Mishkin,,,,Incomplete,Processing Status
Learning features of optimal CAR T cells for LBCL from patient data,,Freddie Pruitt,,,Zinaida Good,Incomplete,Processing Status
Longitudinal Profiling Reveals Intrinsic and Extrinsic Characteristics of Response to Tagraxofusp in Blastic Plasmacytoid Dendritic Cell Neoplasm (BPDCN),,Freddie Pruitt,,,,Incomplete,Processing Status
Field effect-informed urine liquid biopsy analysis for assessment of adjuvant BCG response in non-muscle invasive bladder cancer,,Freddie Pruitt,,,Maximilian Diehn,Incomplete,Processing Status
Spatial transcriptomics analysis of pediatric rhabdomyosarcoma,,Kathleen Calzone,,Yes,Javed Khan,Incomplete,Processing Status
Defining spatial molecular residual disease by personalized tumor tissue profiling,,Freddie Pruitt,,,Ash Alizadeh,Incomplete,Processing Status
MSK SPORE: Genomic Instability in Breast Cancer,,Eileen Resnick,,,Simon Powell,Incomplete,Processing Status
Confluence Project: Genetic architecture of breast cancer,,Geoffrey Tobias,,,Gretchen Benson,Incomplete,Processing Status
Circulating determinants of response to immunotherapy in triple negative breast cancer (TNBC),,Freddie Pruitt,,,Vladimir Makarov,Incomplete,Processing Status
"A Randomized Phase I/II Trial of Fulvestrant and Abemaciclib in Combination with Copanlisib (FAC) Versus Fulvestrant and Abemaciclib Alone (FA) for Endocrine-Resistant, Hormone Receptor Positive, HER2 Negative Metastatic Breast Cancer (FAC vs FA)",,Grace Mishkin,,,Cynthia Ma,Incomplete,Processing Status
Rare Cancer Initiative (RCI),,Catherine Bullen,,,Catherine Bullen,Incomplete,Processing Status
TEST TEST,,Sanjida Rangwala,,,,Incomplete,Processing Status
Test test,,Sanjida Rangwala,,,,Incomplete,Processing Status
testtest,,Sanjida Rangwala,,,,Incomplete,Processing Status
NCTN: A Study of Unilateral Retinoblastoma With and Without Histopathologic High-Risk Features and the Role of Adjuvant Chemotherapy (ARET0332),,Grace Mishkin,,,Ana Best,Incomplete,Processing Status
